{
  "image_filename": "00004.png",
  "visualization_filename": "00004_vis.png",
  "mnist_digits": [
    1,
    4,
    8,
    4,
    0,
    8,
    6,
    3,
    6,
    6,
    3,
    5,
    4,
    9,
    7,
    3,
    1,
    8,
    2,
    0,
    4
  ],
  "boxes": [
    {
      "char": "十",
      "bbox": {
        "x_min": 0.59375,
        "y_min": 0.638671875,
        "x_max": 0.609375,
        "y_max": 0.673828125
      }
    },
    {
      "char": "四",
      "bbox": {
        "x_min": 0.666015625,
        "y_min": 0.888671875,
        "x_max": 0.724609375,
        "y_max": 0.951171875
      }
    },
    {
      "char": "二",
      "bbox": {
        "x_min": 0.05078125,
        "y_min": 0.2734375,
        "x_max": 0.384765625,
        "y_max": 0.501953125
      }
    },
    {
      "char": "百",
      "bbox": {
        "x_min": 0.45703125,
        "y_min": 0.67578125,
        "x_max": 0.58203125,
        "y_max": 0.91015625
      }
    }
  ]
}