{
  "image_filename": "00001.png",
  "visualization_filename": "00001_vis.png",
  "mnist_digits": [
    4,
    4,
    4,
    6,
    3,
    6,
    3,
    6,
    5,
    1,
    0,
    9,
    4,
    6,
    9,
    4,
    4,
    5,
    5
  ],
  "boxes": [
    {
      "char": "三",
      "bbox": {
        "x_min": 0.44921875,
        "y_min": 0.248046875,
        "x_max": 0.69921875,
        "y_max": 0.427734375
      }
    },
    {
      "char": "零",
      "bbox": {
        "x_min": 0.2734375,
        "y_min": 0.345703125,
        "x_max": 0.4140625,
        "y_max": 0.603515625
      }
    },
    {
      "char": "零",
      "bbox": {
        "x_min": 0.75,
        "y_min": 0.50390625,
        "x_max": 0.8515625,
        "y_max": 0.66015625
      }
    },
    {
      "char": "五",
      "bbox": {
        "x_min": 0.48046875,
        "y_min": 0.615234375,
        "x_max": 0.54296875,
        "y_max": 0.681640625
      }
    },
    {
      "char": "百",
      "bbox": {
        "x_min": 0.6796875,
        "y_min": 0.861328125,
        "x_max": 0.78515625,
        "y_max": 0.984375
      }
    },
    {
      "char": "一",
      "bbox": {
        "x_min": 0.20703125,
        "y_min": 0.6328125,
        "x_max": 0.435546875,
        "y_max": 0.705078125
      }
    },
    {
      "char": "亿",
      "bbox": {
        "x_min": 0.0078125,
        "y_min": 0.361328125,
        "x_max": 0.203125,
        "y_max": 0.548828125
      }
    },
    {
      "char": "七",
      "bbox": {
        "x_min": 0.013671875,
        "y_min": 0.55078125,
        "x_max": 0.107421875,
        "y_max": 0.671875
      }
    }
  ]
}