{
  "image_filename": "00000.png",
  "visualization_filename": "00000_vis.png",
  "mnist_digits": [
    6,
    4,
    0,
    0,
    6,
    2,
    8,
    3,
    4,
    6,
    6,
    4,
    9,
    4,
    8,
    5,
    8,
    7,
    3,
    9,
    3,
    5,
    9,
    5,
    1,
    3
  ],
  "boxes": [
    {
      "char": "四",
      "bbox": {
        "x_min": 0.234375,
        "y_min": 0.400390625,
        "x_max": 0.279296875,
        "y_max": 0.4296875
      }
    },
    {
      "char": "三",
      "bbox": {
        "x_min": 0.771484375,
        "y_min": 0.26171875,
        "x_max": 0.904296875,
        "y_max": 0.416015625
      }
    },
    {
      "char": "一",
      "bbox": {
        "x_min": 0.5078125,
        "y_min": 0.681640625,
        "x_max": 0.841796875,
        "y_max": 0.8203125
      }
    },
    {
      "char": "四",
      "bbox": {
        "x_min": 0.904296875,
        "y_min": 0.484375,
        "x_max": 0.998046875,
        "y_max": 0.5546875
      }
    },
    {
      "char": "九",
      "bbox": {
        "x_min": 0.892578125,
        "y_min": 0.025390625,
        "x_max": 0.98046875,
        "y_max": 0.166015625
      }
    }
  ]
}