{
  "image_filename": "00006.png",
  "visualization_filename": "00006_vis.png",
  "mnist_digits": [
    9,
    2,
    2,
    0,
    3,
    2,
    2,
    6,
    5,
    1,
    4,
    6,
    0,
    4,
    1,
    9,
    6,
    0,
    0,
    8,
    1,
    2,
    5
  ],
  "boxes": [
    {
      "char": "亿",
      "bbox": {
        "x_min": 0.28515625,
        "y_min": 0.345703125,
        "x_max": 0.40234375,
        "y_max": 0.439453125
      }
    },
    {
      "char": "一",
      "bbox": {
        "x_min": 0.814453125,
        "y_min": 0.580078125,
        "x_max": 0.943359375,
        "y_max": 0.658203125
      }
    },
    {
      "char": "二",
      "bbox": {
        "x_min": 0.400390625,
        "y_min": 0.552734375,
        "x_max": 0.501953125,
        "y_max": 0.642578125
      }
    },
    {
      "char": "三",
      "bbox": {
        "x_min": 0.59765625,
        "y_min": 0.54296875,
        "x_max": 0.802734375,
        "y_max": 0.759765625
      }
    },
    {
      "char": "三",
      "bbox": {
        "x_min": 0.306640625,
        "y_min": 0.244140625,
        "x_max": 0.357421875,
        "y_max": 0.28125
      }
    },
    {
      "char": "五",
      "bbox": {
        "x_min": 0.048828125,
        "y_min": 0.203125,
        "x_max": 0.2265625,
        "y_max": 0.373046875
      }
    },
    {
      "char": "四",
      "bbox": {
        "x_min": 0.326171875,
        "y_min": 0.642578125,
        "x_max": 0.537109375,
        "y_max": 0.83203125
      }
    }
  ]
}