{
  "image_filename": "00007.png",
  "visualization_filename": "00007_vis.png",
  "mnist_digits": [
    1,
    5,
    3,
    6,
    7,
    8,
    0,
    6,
    9,
    5,
    4,
    3,
    0,
    9,
    0,
    1,
    1,
    0,
    6,
    8
  ],
  "boxes": [
    {
      "char": "百",
      "bbox": {
        "x_min": 0.04296875,
        "y_min": 0.6875,
        "x_max": 0.234375,
        "y_max": 0.916015625
      }
    },
    {
      "char": "二",
      "bbox": {
        "x_min": 0.8515625,
        "y_min": 0.244140625,
        "x_max": 0.953125,
        "y_max": 0.330078125
      }
    }
  ]
}