{
  "image_filename": "00008.png",
  "visualization_filename": "00008_vis.png",
  "mnist_digits": [
    4,
    3,
    0,
    6,
    7,
    2,
    5,
    0,
    1,
    0
  ],
  "boxes": [
    {
      "char": "五",
      "bbox": {
        "x_min": 0.6953125,
        "y_min": 0.666015625,
        "x_max": 0.947265625,
        "y_max": 0.931640625
      }
    },
    {
      "char": "四",
      "bbox": {
        "x_min": 0.40625,
        "y_min": 0.81640625,
        "x_max": 0.451171875,
        "y_max": 0.84765625
      }
    },
    {
      "char": "亿",
      "bbox": {
        "x_min": 0.337890625,
        "y_min": 0.275390625,
        "x_max": 0.4375,
        "y_max": 0.416015625
      }
    },
    {
      "char": "万",
      "bbox": {
        "x_min": 0.546875,
        "y_min": 0.82421875,
        "x_max": 0.6015625,
        "y_max": 0.900390625
      }
    }
  ]
}