{
  "image_filename": "00002.png",
  "visualization_filename": "00002_vis.png",
  "mnist_digits": [
    1,
    8,
    3,
    7,
    9,
    6,
    1,
    9,
    2,
    5,
    0,
    5,
    5
  ],
  "boxes": [
    {
      "char": "千",
      "bbox": {
        "x_min": 0.796875,
        "y_min": 0.1328125,
        "x_max": 0.890625,
        "y_max": 0.296875
      }
    },
    {
      "char": "七",
      "bbox": {
        "x_min": 0.2421875,
        "y_min": 0.7734375,
        "x_max": 0.30078125,
        "y_max": 0.84375
      }
    },
    {
      "char": "九",
      "bbox": {
        "x_min": 0.30859375,
        "y_min": 0.318359375,
        "x_max": 0.5078125,
        "y_max": 0.630859375
      }
    },
    {
      "char": "零",
      "bbox": {
        "x_min": 0.87890625,
        "y_min": 0.490234375,
        "x_max": 0.947265625,
        "y_max": 0.580078125
      }
    },
    {
      "char": "零",
      "bbox": {
        "x_min": 0.66015625,
        "y_min": 0.576171875,
        "x_max": 0.794921875,
        "y_max": 0.798828125
      }
    },
    {
      "char": "九",
      "bbox": {
        "x_min": 0.107421875,
        "y_min": 0.27734375,
        "x_max": 0.220703125,
        "y_max": 0.45703125
      }
    },
    {
      "char": "亿",
      "bbox": {
        "x_min": 0.583984375,
        "y_min": 0.130859375,
        "x_max": 0.736328125,
        "y_max": 0.283203125
      }
    }
  ]
}