{
  "image_filename": "00005.png",
  "visualization_filename": "00005_vis.png",
  "mnist_digits": [
    8,
    4,
    8,
    1,
    5,
    6,
    5,
    1,
    5,
    4,
    8,
    9,
    8,
    0,
    9
  ],
  "boxes": [
    {
      "char": "四",
      "bbox": {
        "x_min": 0.525390625,
        "y_min": 0.45703125,
        "x_max": 0.69140625,
        "y_max": 0.630859375
      }
    },
    {
      "char": "三",
      "bbox": {
        "x_min": 0.587890625,
        "y_min": 0.185546875,
        "x_max": 0.810546875,
        "y_max": 0.29296875
      }
    },
    {
      "char": "万",
      "bbox": {
        "x_min": 0.607421875,
        "y_min": 0.8203125,
        "x_max": 0.697265625,
        "y_max": 0.9296875
      }
    },
    {
      "char": "二",
      "bbox": {
        "x_min": 0.248046875,
        "y_min": 0.84765625,
        "x_max": 0.353515625,
        "y_max": 0.95703125
      }
    }
  ]
}