{
  "image_filename": "00009.png",
  "visualization_filename": "00009_vis.png",
  "mnist_digits": [
    7,
    4,
    5,
    9,
    0,
    6,
    6,
    5,
    6,
    2,
    0,
    0,
    9,
    0,
    3,
    1,
    6,
    5,
    8,
    4,
    2,
    8,
    6,
    6,
    8,
    7
  ],
  "boxes": [
    {
      "char": "四",
      "bbox": {
        "x_min": 0.568359375,
        "y_min": 0.16796875,
        "x_max": 0.71484375,
        "y_max": 0.34375
      }
    },
    {
      "char": "一",
      "bbox": {
        "x_min": 0.16796875,
        "y_min": 0.609375,
        "x_max": 0.21875,
        "y_max": 0.625
      }
    },
    {
      "char": "十",
      "bbox": {
        "x_min": 0.921875,
        "y_min": 0.298828125,
        "x_max": 0.96484375,
        "y_max": 0.33984375
      }
    },
    {
      "char": "四",
      "bbox": {
        "x_min": 0.05859375,
        "y_min": 0.626953125,
        "x_max": 0.193359375,
        "y_max": 0.748046875
      }
    }
  ]
}