{
  "image_filename": "00003.png",
  "visualization_filename": "00003_vis.png",
  "mnist_digits": [
    9,
    3,
    1,
    8,
    7,
    5,
    4,
    8,
    9,
    0,
    6,
    7,
    8,
    7,
    1,
    0,
    2,
    6,
    9,
    4,
    7
  ],
  "boxes": [
    {
      "char": "六",
      "bbox": {
        "x_min": 0.521484375,
        "y_min": 0.638671875,
        "x_max": 0.708984375,
        "y_max": 0.904296875
      }
    },
    {
      "char": "七",
      "bbox": {
        "x_min": 0.05859375,
        "y_min": 0.166015625,
        "x_max": 0.22265625,
        "y_max": 0.390625
      }
    },
    {
      "char": "九",
      "bbox": {
        "x_min": 0.794921875,
        "y_min": 0.171875,
        "x_max": 0.966796875,
        "y_max": 0.375
      }
    },
    {
      "char": "一",
      "bbox": {
        "x_min": 0.142578125,
        "y_min": 0.50390625,
        "x_max": 0.27734375,
        "y_max": 0.55078125
      }
    },
    {
      "char": "六",
      "bbox": {
        "x_min": 0.150390625,
        "y_min": 0.80078125,
        "x_max": 0.1796875,
        "y_max": 0.84765625
      }
    }
  ]
}