{
  "image_filename": "00014.png",
  "visualization_filename": "00014_vis.png",
  "mnist_digits": [
    7,
    7,
    3,
    1,
    8,
    4,
    1,
    2,
    7,
    0,
    1,
    7,
    4,
    3,
    2,
    1,
    6,
    6
  ],
  "boxes": [
    {
      "char": "零",
      "bbox": {
        "x_min": 0.435546875,
        "y_min": 0.267578125,
        "x_max": 0.501953125,
        "y_max": 0.384765625
      }
    },
    {
      "char": "五",
      "bbox": {
        "x_min": 0.5546875,
        "y_min": 0.283203125,
        "x_max": 0.859375,
        "y_max": 0.728515625
      }
    },
    {
      "char": "千",
      "bbox": {
        "x_min": 0.6328125,
        "y_min": 0.0546875,
        "x_max": 0.73828125,
        "y_max": 0.271484375
      }
    },
    {
      "char": "千",
      "bbox": {
        "x_min": 0.330078125,
        "y_min": 0.74609375,
        "x_max": 0.443359375,
        "y_max": 0.890625
      }
    },
    {
      "char": "五",
      "bbox": {
        "x_min": 0.12109375,
        "y_min": 0.251953125,
        "x_max": 0.15234375,
        "y_max": 0.314453125
      }
    },
    {
      "char": "亿",
      "bbox": {
        "x_min": 0.53515625,
        "y_min": 0.94140625,
        "x_max": 0.578125,
        "y_max": 0.978515625
      }
    }
  ]
}