{
  "image_filename": "00011.png",
  "visualization_filename": "00011_vis.png",
  "mnist_digits": [
    7,
    5,
    7,
    3,
    8,
    4,
    6,
    7,
    5,
    4,
    4
  ],
  "boxes": [
    {
      "char": "十",
      "bbox": {
        "x_min": 0.646484375,
        "y_min": 0.435546875,
        "x_max": 0.755859375,
        "y_max": 0.654296875
      }
    },
    {
      "char": "零",
      "bbox": {
        "x_min": 0.076171875,
        "y_min": 0.48828125,
        "x_max": 0.33984375,
        "y_max": 0.84375
      }
    },
    {
      "char": "零",
      "bbox": {
        "x_min": 0.7890625,
        "y_min": 0.640625,
        "x_max": 0.9921875,
        "y_max": 0.9609375
      }
    },
    {
      "char": "七",
      "bbox": {
        "x_min": 0.3671875,
        "y_min": 0.109375,
        "x_max": 0.5078125,
        "y_max": 0.2734375
      }
    },
    {
      "char": "六",
      "bbox": {
        "x_min": 0.068359375,
        "y_min": 0.197265625,
        "x_max": 0.154296875,
        "y_max": 0.263671875
      }
    }
  ]
}