{
  "image_filename": "00010.png",
  "visualization_filename": "00010_vis.png",
  "mnist_digits": [
    7,
    6,
    0,
    4,
    5,
    1,
    1,
    2,
    1,
    5,
    3,
    0,
    7,
    9,
    8,
    8,
    5,
    6,
    4,
    0
  ],
  "boxes": [
    {
      "char": "一",
      "bbox": {
        "x_min": 0.4765625,
        "y_min": 0.421875,
        "x_max": 0.6640625,
        "y_max": 0.4609375
      }
    },
    {
      "char": "六",
      "bbox": {
        "x_min": 0.224609375,
        "y_min": 0.69921875,
        "x_max": 0.396484375,
        "y_max": 0.94140625
      }
    },
    {
      "char": "一",
      "bbox": {
        "x_min": 0.27734375,
        "y_min": 0.0390625,
        "x_max": 0.83984375,
        "y_max": 0.73046875
      }
    },
    {
      "char": "千",
      "bbox": {
        "x_min": 0.1875,
        "y_min": 0.4453125,
        "x_max": 0.2734375,
        "y_max": 0.55859375
      }
    }
  ]
}