{
  "image_filename": "00017.png",
  "visualization_filename": "00017_vis.png",
  "mnist_digits": [
    4,
    3,
    5,
    3,
    2,
    9,
    7,
    1,
    7,
    7,
    3,
    9,
    5,
    8,
    9,
    1,
    7
  ],
  "boxes": [
    {
      "char": "亿",
      "bbox": {
        "x_min": 0.16796875,
        "y_min": 0.140625,
        "x_max": 0.71875,
        "y_max": 0.591796875
      }
    },
    {
      "char": "零",
      "bbox": {
        "x_min": 0.640625,
        "y_min": 0.1171875,
        "x_max": 0.734375,
        "y_max": 0.298828125
      }
    }
  ]
}