{
  "image_filename": "00019.png",
  "visualization_filename": "00019_vis.png",
  "mnist_digits": [
    2,
    3,
    8,
    4,
    7,
    2,
    9,
    8,
    6,
    9,
    8,
    2,
    5,
    0,
    7,
    8,
    4,
    9,
    0,
    4,
    0,
    8
  ],
  "boxes": [
    {
      "char": "万",
      "bbox": {
        "x_min": 0.65234375,
        "y_min": 0.662109375,
        "x_max": 0.81640625,
        "y_max": 0.958984375
      }
    },
    {
      "char": "四",
      "bbox": {
        "x_min": 0.37890625,
        "y_min": 0.650390625,
        "x_max": 0.560546875,
        "y_max": 0.78515625
      }
    },
    {
      "char": "百",
      "bbox": {
        "x_min": 0.646484375,
        "y_min": 0.212890625,
        "x_max": 0.91015625,
        "y_max": 0.525390625
      }
    },
    {
      "char": "一",
      "bbox": {
        "x_min": 0.337890625,
        "y_min": 0.029296875,
        "x_max": 0.419921875,
        "y_max": 0.076171875
      }
    },
    {
      "char": "十",
      "bbox": {
        "x_min": 0.015625,
        "y_min": 0.3671875,
        "x_max": 0.154296875,
        "y_max": 0.482421875
      }
    },
    {
      "char": "六",
      "bbox": {
        "x_min": 0.1640625,
        "y_min": 0.13671875,
        "x_max": 0.35546875,
        "y_max": 0.33984375
      }
    },
    {
      "char": "四",
      "bbox": {
        "x_min": 0.837890625,
        "y_min": 0.138671875,
        "x_max": 0.900390625,
        "y_max": 0.21484375
      }
    }
  ]
}