{
  "image_filename": "00013.png",
  "visualization_filename": "00013_vis.png",
  "mnist_digits": [
    4,
    7,
    1,
    5,
    5,
    7,
    6,
    3,
    0,
    6,
    3,
    1,
    7,
    7,
    2,
    3,
    3,
    1,
    5,
    6,
    0,
    1,
    0,
    6,
    0,
    2,
    2,
    1,
    6,
    7
  ],
  "boxes": [
    {
      "char": "万",
      "bbox": {
        "x_min": 0.7421875,
        "y_min": 0.72265625,
        "x_max": 0.80078125,
        "y_max": 0.86328125
      }
    }
  ]
}