{
  "image_filename": "00015.png",
  "visualization_filename": "00015_vis.png",
  "mnist_digits": [
    3,
    5,
    2,
    6,
    1,
    6,
    5,
    8,
    1,
    9,
    8,
    8,
    4,
    7,
    7,
    1
  ],
  "boxes": [
    {
      "char": "八",
      "bbox": {
        "x_min": 0.310546875,
        "y_min": 0.8203125,
        "x_max": 0.4921875,
        "y_max": 0.984375
      }
    },
    {
      "char": "六",
      "bbox": {
        "x_min": 0.771484375,
        "y_min": 0.482421875,
        "x_max": 0.896484375,
        "y_max": 0.662109375
      }
    },
    {
      "char": "百",
      "bbox": {
        "x_min": 0.54296875,
        "y_min": 0.638671875,
        "x_max": 0.658203125,
        "y_max": 0.86328125
      }
    }
  ]
}