{
  "image_filename": "00016.png",
  "visualization_filename": "00016_vis.png",
  "mnist_digits": [
    3,
    5,
    7,
    8,
    0,
    3,
    8,
    2,
    9,
    6,
    8,
    9,
    9,
    3
  ],
  "boxes": [
    {
      "char": "四",
      "bbox": {
        "x_min": 0.658203125,
        "y_min": 0.5625,
        "x_max": 0.974609375,
        "y_max": 0.87890625
      }
    },
    {
      "char": "三",
      "bbox": {
        "x_min": 0.490234375,
        "y_min": 0.24609375,
        "x_max": 0.634765625,
        "y_max": 0.33984375
      }
    },
    {
      "char": "六",
      "bbox": {
        "x_min": 0.767578125,
        "y_min": 0.30859375,
        "x_max": 0.841796875,
        "y_max": 0.40234375
      }
    },
    {
      "char": "三",
      "bbox": {
        "x_min": 0.11328125,
        "y_min": 0.31640625,
        "x_max": 0.15625,
        "y_max": 0.359375
      }
    },
    {
      "char": "百",
      "bbox": {
        "x_min": 0.033203125,
        "y_min": 0.625,
        "x_max": 0.126953125,
        "y_max": 0.783203125
      }
    },
    {
      "char": "四",
      "bbox": {
        "x_min": 0.927734375,
        "y_min": 0.484375,
        "x_max": 0.97265625,
        "y_max": 0.53515625
      }
    }
  ]
}