{
  "image_filename": "00018.png",
  "visualization_filename": "00018_vis.png",
  "mnist_digits": [
    1,
    5,
    2,
    7,
    2,
    6,
    5,
    5,
    9,
    9,
    1,
    8,
    7,
    1,
    8,
    8,
    7,
    9,
    7,
    9,
    5,
    1,
    5,
    5,
    7,
    7,
    5,
    1
  ],
  "boxes": [
    {
      "char": "六",
      "bbox": {
        "x_min": 0.4765625,
        "y_min": 0.361328125,
        "x_max": 0.57421875,
        "y_max": 0.455078125
      }
    },
    {
      "char": "四",
      "bbox": {
        "x_min": 0.37890625,
        "y_min": 0.6640625,
        "x_max": 0.54296875,
        "y_max": 0.8125
      }
    },
    {
      "char": "亿",
      "bbox": {
        "x_min": 0.74609375,
        "y_min": 0.53515625,
        "x_max": 0.791015625,
        "y_max": 0.583984375
      }
    },
    {
      "char": "千",
      "bbox": {
        "x_min": 0.65234375,
        "y_min": 0.412109375,
        "x_max": 0.69921875,
        "y_max": 0.46875
      }
    }
  ]
}