{
  "image_filename": "00012.png",
  "visualization_filename": "00012_vis.png",
  "mnist_digits": [
    0,
    5,
    3,
    7,
    5,
    7,
    3,
    8,
    1
  ],
  "boxes": [
    {
      "char": "三",
      "bbox": {
        "x_min": 0.845703125,
        "y_min": 0.279296875,
        "x_max": 0.990234375,
        "y_max": 0.41796875
      }
    },
    {
      "char": "零",
      "bbox": {
        "x_min": 0.76953125,
        "y_min": 0.466796875,
        "x_max": 0.830078125,
        "y_max": 0.537109375
      }
    },
    {
      "char": "千",
      "bbox": {
        "x_min": 0.1484375,
        "y_min": 0.5703125,
        "x_max": 0.212890625,
        "y_max": 0.6640625
      }
    },
    {
      "char": "十",
      "bbox": {
        "x_min": 0.59375,
        "y_min": 0.462890625,
        "x_max": 0.67578125,
        "y_max": 0.580078125
      }
    }
  ]
}