{
  "image_filename": "00024.png",
  "visualization_filename": "00024_vis.png",
  "mnist_digits": [
    0,
    2,
    0,
    0,
    7,
    2,
    4,
    3,
    0,
    4
  ],
  "boxes": [
    {
      "char": "八",
      "bbox": {
        "x_min": 0.244140625,
        "y_min": 0.044921875,
        "x_max": 0.34375,
        "y_max": 0.1796875
      }
    },
    {
      "char": "百",
      "bbox": {
        "x_min": 0.935546875,
        "y_min": 0.642578125,
        "x_max": 0.982421875,
        "y_max": 0.71484375
      }
    },
    {
      "char": "十",
      "bbox": {
        "x_min": 0.37109375,
        "y_min": 0.361328125,
        "x_max": 0.41796875,
        "y_max": 0.419921875
      }
    },
    {
      "char": "九",
      "bbox": {
        "x_min": 0.025390625,
        "y_min": 0.7890625,
        "x_max": 0.091796875,
        "y_max": 0.857421875
      }
    }
  ]
}