{
  "image_filename": "00022.png",
  "visualization_filename": "00022_vis.png",
  "mnist_digits": [
    0,
    9,
    8,
    7,
    5,
    7,
    2,
    4,
    1,
    0,
    0,
    5,
    7,
    3,
    0,
    9,
    8,
    1,
    6,
    2,
    5,
    9,
    7,
    2,
    4,
    7,
    6,
    9,
    4
  ],
  "boxes": [
    {
      "char": "八",
      "bbox": {
        "x_min": 0.185546875,
        "y_min": 0.12890625,
        "x_max": 0.326171875,
        "y_max": 0.298828125
      }
    },
    {
      "char": "三",
      "bbox": {
        "x_min": 0.369140625,
        "y_min": 0.453125,
        "x_max": 0.486328125,
        "y_max": 0.564453125
      }
    }
  ]
}