{
  "image_filename": "00027.png",
  "visualization_filename": "00027_vis.png",
  "mnist_digits": [
    4,
    9,
    5,
    0,
    4,
    6,
    7,
    7,
    9,
    8,
    5,
    2,
    3,
    2,
    7,
    0,
    2,
    2,
    1,
    8,
    6
  ],
  "boxes": [
    {
      "char": "三",
      "bbox": {
        "x_min": 0.556640625,
        "y_min": 0.576171875,
        "x_max": 0.791015625,
        "y_max": 0.765625
      }
    },
    {
      "char": "七",
      "bbox": {
        "x_min": 0.5546875,
        "y_min": 0.0546875,
        "x_max": 0.890625,
        "y_max": 0.345703125
      }
    },
    {
      "char": "九",
      "bbox": {
        "x_min": 0.0234375,
        "y_min": 0.6484375,
        "x_max": 0.271484375,
        "y_max": 0.955078125
      }
    },
    {
      "char": "五",
      "bbox": {
        "x_min": 0.716796875,
        "y_min": 0.40625,
        "x_max": 0.869140625,
        "y_max": 0.54296875
      }
    }
  ]
}