{
  "image_filename": "00025.png",
  "visualization_filename": "00025_vis.png",
  "mnist_digits": [
    0,
    6,
    0,
    6,
    9,
    7,
    6,
    3,
    2,
    9,
    1,
    5,
    0,
    0,
    9,
    4,
    3,
    7,
    7,
    8,
    0,
    9,
    4
  ],
  "boxes": [
    {
      "char": "四",
      "bbox": {
        "x_min": 0.6328125,
        "y_min": 0.064453125,
        "x_max": 0.861328125,
        "y_max": 0.244140625
      }
    },
    {
      "char": "三",
      "bbox": {
        "x_min": 0.25390625,
        "y_min": 0.20703125,
        "x_max": 0.3515625,
        "y_max": 0.27734375
      }
    },
    {
      "char": "三",
      "bbox": {
        "x_min": 0.22265625,
        "y_min": 0.515625,
        "x_max": 0.375,
        "y_max": 0.685546875
      }
    },
    {
      "char": "五",
      "bbox": {
        "x_min": 0.447265625,
        "y_min": 0.45703125,
        "x_max": 0.705078125,
        "y_max": 0.63671875
      }
    }
  ]
}