{
  "image_filename": "00023.png",
  "visualization_filename": "00023_vis.png",
  "mnist_digits": [
    4,
    2,
    8,
    5,
    9
  ],
  "boxes": [
    {
      "char": "亿",
      "bbox": {
        "x_min": 0.26953125,
        "y_min": 0.521484375,
        "x_max": 0.39453125,
        "y_max": 0.638671875
      }
    },
    {
      "char": "五",
      "bbox": {
        "x_min": 0.041015625,
        "y_min": 0.134765625,
        "x_max": 0.158203125,
        "y_max": 0.263671875
      }
    },
    {
      "char": "五",
      "bbox": {
        "x_min": 0.1640625,
        "y_min": 0.162109375,
        "x_max": 0.296875,
        "y_max": 0.333984375
      }
    }
  ]
}