{
  "image_filename": "00029.png",
  "visualization_filename": "00029_vis.png",
  "mnist_digits": [
    1,
    1,
    6,
    2,
    8,
    3,
    4,
    8,
    7,
    7,
    2,
    3,
    0,
    8,
    8,
    7,
    3,
    5,
    1,
    9,
    4,
    4,
    5,
    3,
    2,
    7,
    2,
    1,
    6,
    5
  ],
  "boxes": [
    {
      "char": "七",
      "bbox": {
        "x_min": 0.404296875,
        "y_min": 0.49609375,
        "x_max": 0.783203125,
        "y_max": 0.859375
      }
    },
    {
      "char": "七",
      "bbox": {
        "x_min": 0.705078125,
        "y_min": 0.3359375,
        "x_max": 0.791015625,
        "y_max": 0.4140625
      }
    }
  ]
}