{
  "image_filename": "00039.png",
  "visualization_filename": "00039_vis.png",
  "mnist_digits": [
    0,
    9,
    3,
    2,
    0,
    0,
    8,
    5,
    8,
    3,
    4,
    5,
    4,
    2,
    1,
    0,
    8
  ],
  "boxes": [
    {
      "char": "百",
      "bbox": {
        "x_min": 0.095703125,
        "y_min": 0.0703125,
        "x_max": 0.44921875,
        "y_max": 0.59375
      }
    },
    {
      "char": "百",
      "bbox": {
        "x_min": 0.501953125,
        "y_min": 0.365234375,
        "x_max": 0.560546875,
        "y_max": 0.451171875
      }
    },
    {
      "char": "百",
      "bbox": {
        "x_min": 0.626953125,
        "y_min": 0.0859375,
        "x_max": 0.818359375,
        "y_max": 0.3984375
      }
    },
    {
      "char": "零",
      "bbox": {
        "x_min": 0.49609375,
        "y_min": 0.47265625,
        "x_max": 0.74609375,
        "y_max": 0.84765625
      }
    },
    {
      "char": "七",
      "bbox": {
        "x_min": 0.6953125,
        "y_min": 0.873046875,
        "x_max": 0.740234375,
        "y_max": 0.912109375
      }
    }
  ]
}