{
  "image_filename": "00037.png",
  "visualization_filename": "00037_vis.png",
  "mnist_digits": [
    2,
    7,
    1,
    5,
    0,
    0,
    0,
    4,
    5,
    1,
    6,
    3,
    7,
    7,
    9,
    4,
    2,
    2,
    7,
    3,
    1,
    6,
    9,
    0,
    7,
    6,
    5
  ],
  "boxes": [
    {
      "char": "零",
      "bbox": {
        "x_min": 0.560546875,
        "y_min": 0.552734375,
        "x_max": 0.685546875,
        "y_max": 0.779296875
      }
    },
    {
      "char": "十",
      "bbox": {
        "x_min": 0.73046875,
        "y_min": 0.16796875,
        "x_max": 0.91015625,
        "y_max": 0.40234375
      }
    },
    {
      "char": "万",
      "bbox": {
        "x_min": 0.072265625,
        "y_min": 0.822265625,
        "x_max": 0.162109375,
        "y_max": 0.958984375
      }
    },
    {
      "char": "九",
      "bbox": {
        "x_min": 0.515625,
        "y_min": 0.505859375,
        "x_max": 0.556640625,
        "y_max": 0.5546875
      }
    },
    {
      "char": "七",
      "bbox": {
        "x_min": 0.25390625,
        "y_min": 0.2890625,
        "x_max": 0.44921875,
        "y_max": 0.5078125
      }
    }
  ]
}