{
  "image_filename": "00030.png",
  "visualization_filename": "00030_vis.png",
  "mnist_digits": [
    1,
    6,
    3,
    9,
    0,
    6,
    9,
    1,
    3,
    0,
    8,
    1,
    1,
    6
  ],
  "boxes": [
    {
      "char": "万",
      "bbox": {
        "x_min": 0.5234375,
        "y_min": 0.375,
        "x_max": 0.69921875,
        "y_max": 0.609375
      }
    },
    {
      "char": "八",
      "bbox": {
        "x_min": 0.05078125,
        "y_min": 0.150390625,
        "x_max": 0.130859375,
        "y_max": 0.2578125
      }
    },
    {
      "char": "九",
      "bbox": {
        "x_min": 0.818359375,
        "y_min": 0.80859375,
        "x_max": 0.880859375,
        "y_max": 0.876953125
      }
    }
  ]
}