{
  "image_filename": "00032.png",
  "visualization_filename": "00032_vis.png",
  "mnist_digits": [
    6,
    3,
    7,
    6,
    5,
    4,
    1,
    9,
    8,
    3,
    0,
    0,
    0,
    9,
    3,
    1,
    0,
    2,
    4,
    5,
    2,
    7,
    3,
    5,
    7,
    5,
    2,
    2,
    1,
    4,
    1
  ],
  "boxes": [
    {
      "char": "九",
      "bbox": {
        "x_min": 0.6953125,
        "y_min": 0.203125,
        "x_max": 0.744140625,
        "y_max": 0.255859375
      }
    },
    {
      "char": "八",
      "bbox": {
        "x_min": 0.3203125,
        "y_min": 0.638671875,
        "x_max": 0.365234375,
        "y_max": 0.68359375
      }
    },
    {
      "char": "十",
      "bbox": {
        "x_min": 0.498046875,
        "y_min": 0.150390625,
        "x_max": 0.591796875,
        "y_max": 0.287109375
      }
    },
    {
      "char": "七",
      "bbox": {
        "x_min": 0.634765625,
        "y_min": 0.681640625,
        "x_max": 0.732421875,
        "y_max": 0.775390625
      }
    },
    {
      "char": "亿",
      "bbox": {
        "x_min": 0.041015625,
        "y_min": 0.005859375,
        "x_max": 0.24609375,
        "y_max": 0.193359375
      }
    }
  ]
}