{
  "image_filename": "00034.png",
  "visualization_filename": "00034_vis.png",
  "mnist_digits": [
    2,
    2,
    6,
    1,
    4,
    5,
    9,
    8,
    8,
    1,
    1,
    7,
    1,
    2
  ],
  "boxes": [
    {
      "char": "百",
      "bbox": {
        "x_min": 0.25390625,
        "y_min": 0.109375,
        "x_max": 0.693359375,
        "y_max": 0.796875
      }
    },
    {
      "char": "九",
      "bbox": {
        "x_min": 0.646484375,
        "y_min": 0.587890625,
        "x_max": 0.68359375,
        "y_max": 0.638671875
      }
    },
    {
      "char": "三",
      "bbox": {
        "x_min": 0.767578125,
        "y_min": 0.619140625,
        "x_max": 0.9375,
        "y_max": 0.7421875
      }
    },
    {
      "char": "万",
      "bbox": {
        "x_min": 0.69140625,
        "y_min": 0.107421875,
        "x_max": 0.8203125,
        "y_max": 0.306640625
      }
    }
  ]
}