{
  "image_filename": "00035.png",
  "visualization_filename": "00035_vis.png",
  "mnist_digits": [
    7,
    5,
    7,
    3,
    0,
    6,
    5,
    9,
    1,
    7,
    0,
    0,
    3,
    4,
    0,
    9,
    4,
    8,
    1,
    9,
    4,
    2,
    7,
    8,
    3,
    6,
    6
  ],
  "boxes": [
    {
      "char": "六",
      "bbox": {
        "x_min": 0.15625,
        "y_min": 0.482421875,
        "x_max": 0.40625,
        "y_max": 0.76953125
      }
    },
    {
      "char": "千",
      "bbox": {
        "x_min": 0.369140625,
        "y_min": 0.826171875,
        "x_max": 0.462890625,
        "y_max": 0.982421875
      }
    },
    {
      "char": "十",
      "bbox": {
        "x_min": 0.70703125,
        "y_min": 0.384765625,
        "x_max": 0.740234375,
        "y_max": 0.43359375
      }
    },
    {
      "char": "七",
      "bbox": {
        "x_min": 0.53515625,
        "y_min": 0.2734375,
        "x_max": 0.62890625,
        "y_max": 0.36328125
      }
    }
  ]
}