{
  "image_filename": "00038.png",
  "visualization_filename": "00038_vis.png",
  "mnist_digits": [
    0,
    4,
    1,
    2,
    1,
    5,
    7,
    9,
    1,
    1,
    4,
    5,
    4,
    3,
    4,
    3
  ],
  "boxes": [
    {
      "char": "百",
      "bbox": {
        "x_min": 0.810546875,
        "y_min": 0.4296875,
        "x_max": 0.990234375,
        "y_max": 0.75
      }
    },
    {
      "char": "四",
      "bbox": {
        "x_min": 0.1328125,
        "y_min": 0.171875,
        "x_max": 0.2734375,
        "y_max": 0.30078125
      }
    }
  ]
}