{
  "image_filename": "00044.png",
  "visualization_filename": "00044_vis.png",
  "mnist_digits": [
    8,
    3,
    8,
    5,
    0,
    7,
    1,
    7,
    2,
    6,
    3,
    2,
    8,
    1,
    4,
    9,
    1,
    4,
    8,
    9,
    6,
    2,
    0,
    4,
    2,
    9,
    1,
    4
  ],
  "boxes": [
    {
      "char": "亿",
      "bbox": {
        "x_min": 0.599609375,
        "y_min": 0.330078125,
        "x_max": 0.712890625,
        "y_max": 0.427734375
      }
    },
    {
      "char": "亿",
      "bbox": {
        "x_min": 0.478515625,
        "y_min": 0.568359375,
        "x_max": 0.615234375,
        "y_max": 0.673828125
      }
    },
    {
      "char": "三",
      "bbox": {
        "x_min": 0.822265625,
        "y_min": 0.0078125,
        "x_max": 0.947265625,
        "y_max": 0.09765625
      }
    },
    {
      "char": "十",
      "bbox": {
        "x_min": 0.1171875,
        "y_min": 0.7265625,
        "x_max": 0.2578125,
        "y_max": 0.9375
      }
    }
  ]
}