{
  "image_filename": "00048.png",
  "visualization_filename": "00048_vis.png",
  "mnist_digits": [
    0,
    0,
    4,
    1,
    6,
    6,
    2,
    2
  ],
  "boxes": [
    {
      "char": "三",
      "bbox": {
        "x_min": 0.689453125,
        "y_min": 0.232421875,
        "x_max": 0.8359375,
        "y_max": 0.384765625
      }
    },
    {
      "char": "八",
      "bbox": {
        "x_min": 0.046875,
        "y_min": 0.732421875,
        "x_max": 0.2421875,
        "y_max": 0.95703125
      }
    }
  ]
}