{
  "image_filename": "00043.png",
  "visualization_filename": "00043_vis.png",
  "mnist_digits": [
    8,
    5,
    4,
    9,
    8,
    7,
    9,
    1,
    3,
    1
  ],
  "boxes": [
    {
      "char": "九",
      "bbox": {
        "x_min": 0.69921875,
        "y_min": 0.5625,
        "x_max": 0.8359375,
        "y_max": 0.7109375
      }
    },
    {
      "char": "八",
      "bbox": {
        "x_min": 0.361328125,
        "y_min": 0.408203125,
        "x_max": 0.501953125,
        "y_max": 0.501953125
      }
    },
    {
      "char": "一",
      "bbox": {
        "x_min": 0.548828125,
        "y_min": 0.599609375,
        "x_max": 0.7109375,
        "y_max": 0.62890625
      }
    },
    {
      "char": "三",
      "bbox": {
        "x_min": 0.783203125,
        "y_min": 0.822265625,
        "x_max": 0.876953125,
        "y_max": 0.939453125
      }
    },
    {
      "char": "七",
      "bbox": {
        "x_min": 0.658203125,
        "y_min": 0.279296875,
        "x_max": 0.857421875,
        "y_max": 0.517578125
      }
    },
    {
      "char": "四",
      "bbox": {
        "x_min": 0.466796875,
        "y_min": 0.03515625,
        "x_max": 0.61328125,
        "y_max": 0.216796875
      }
    },
    {
      "char": "万",
      "bbox": {
        "x_min": 0.0703125,
        "y_min": 0.31640625,
        "x_max": 0.1015625,
        "y_max": 0.369140625
      }
    }
  ]
}