{
  "image_filename": "00040.png",
  "visualization_filename": "00040_vis.png",
  "mnist_digits": [
    5,
    1,
    0,
    1,
    4,
    0,
    8,
    6,
    6,
    6,
    3,
    8,
    6,
    3,
    6,
    2,
    6,
    8,
    7,
    3,
    7,
    5,
    9,
    1,
    5,
    9,
    2,
    0
  ],
  "boxes": [
    {
      "char": "八",
      "bbox": {
        "x_min": 0.77734375,
        "y_min": 0.71875,
        "x_max": 0.83203125,
        "y_max": 0.80859375
      }
    },
    {
      "char": "六",
      "bbox": {
        "x_min": 0.443359375,
        "y_min": 0.12890625,
        "x_max": 0.49609375,
        "y_max": 0.193359375
      }
    },
    {
      "char": "七",
      "bbox": {
        "x_min": 0.0703125,
        "y_min": 0.033203125,
        "x_max": 0.33203125,
        "y_max": 0.294921875
      }
    },
    {
      "char": "十",
      "bbox": {
        "x_min": 0.109375,
        "y_min": 0.37109375,
        "x_max": 0.2265625,
        "y_max": 0.52734375
      }
    },
    {
      "char": "千",
      "bbox": {
        "x_min": 0.677734375,
        "y_min": 0.498046875,
        "x_max": 0.751953125,
        "y_max": 0.640625
      }
    },
    {
      "char": "六",
      "bbox": {
        "x_min": 0.427734375,
        "y_min": 0.587890625,
        "x_max": 0.517578125,
        "y_max": 0.712890625
      }
    },
    {
      "char": "九",
      "bbox": {
        "x_min": 0.318359375,
        "y_min": 0.74609375,
        "x_max": 0.384765625,
        "y_max": 0.80859375
      }
    },
    {
      "char": "九",
      "bbox": {
        "x_min": 0.62109375,
        "y_min": 0.126953125,
        "x_max": 0.80078125,
        "y_max": 0.376953125
      }
    }
  ]
}