{
  "image_filename": "00046.png",
  "visualization_filename": "00046_vis.png",
  "mnist_digits": [
    6,
    1,
    5,
    9,
    4,
    2,
    7,
    9
  ],
  "boxes": [
    {
      "char": "十",
      "bbox": {
        "x_min": 0.634765625,
        "y_min": 0.439453125,
        "x_max": 0.79296875,
        "y_max": 0.69140625
      }
    },
    {
      "char": "六",
      "bbox": {
        "x_min": 0.896484375,
        "y_min": 0.2421875,
        "x_max": 0.984375,
        "y_max": 0.34765625
      }
    }
  ]
}