{
  "image_filename": "00047.png",
  "visualization_filename": "00047_vis.png",
  "mnist_digits": [
    0,
    0,
    7,
    8,
    1,
    8,
    4,
    2,
    6,
    9,
    5,
    9,
    3,
    7,
    6,
    7,
    1
  ],
  "boxes": [
    {
      "char": "三",
      "bbox": {
        "x_min": 0.49609375,
        "y_min": 0.509765625,
        "x_max": 0.58984375,
        "y_max": 0.599609375
      }
    },
    {
      "char": "七",
      "bbox": {
        "x_min": 0.287109375,
        "y_min": 0.103515625,
        "x_max": 0.537109375,
        "y_max": 0.408203125
      }
    }
  ]
}