{
  "image_filename": "00049.png",
  "visualization_filename": "00049_vis.png",
  "mnist_digits": [
    3,
    8,
    0,
    9,
    9,
    1,
    1,
    9,
    4,
    6,
    7,
    1,
    3,
    8,
    3,
    1,
    8,
    1,
    3,
    0,
    1,
    2,
    6,
    3,
    3,
    8,
    6,
    4,
    2,
    9,
    9,
    0,
    9
  ],
  "boxes": [
    {
      "char": "五",
      "bbox": {
        "x_min": 0.2265625,
        "y_min": 0.693359375,
        "x_max": 0.431640625,
        "y_max": 0.890625
      }
    },
    {
      "char": "三",
      "bbox": {
        "x_min": 0.77734375,
        "y_min": 0.25390625,
        "x_max": 0.8359375,
        "y_max": 0.34765625
      }
    },
    {
      "char": "六",
      "bbox": {
        "x_min": 0.478515625,
        "y_min": 0.7265625,
        "x_max": 0.61328125,
        "y_max": 0.900390625
      }
    }
  ]
}