{
  "image_filename": "00045.png",
  "visualization_filename": "00045_vis.png",
  "mnist_digits": [
    4,
    1,
    7,
    7,
    4,
    3,
    0,
    6,
    9,
    5,
    6,
    1,
    3,
    1,
    9,
    2,
    0,
    3,
    1
  ],
  "boxes": [
    {
      "char": "九",
      "bbox": {
        "x_min": 0.41015625,
        "y_min": 0.4921875,
        "x_max": 0.65234375,
        "y_max": 0.75
      }
    },
    {
      "char": "十",
      "bbox": {
        "x_min": 0.576171875,
        "y_min": 0.203125,
        "x_max": 0.697265625,
        "y_max": 0.390625
      }
    },
    {
      "char": "九",
      "bbox": {
        "x_min": 0.037109375,
        "y_min": 0.259765625,
        "x_max": 0.130859375,
        "y_max": 0.337890625
      }
    },
    {
      "char": "九",
      "bbox": {
        "x_min": 0.525390625,
        "y_min": 0.775390625,
        "x_max": 0.6015625,
        "y_max": 0.88671875
      }
    },
    {
      "char": "四",
      "bbox": {
        "x_min": 0.078125,
        "y_min": 0.740234375,
        "x_max": 0.248046875,
        "y_max": 0.892578125
      }
    }
  ]
}