{
  "image_filename": "00042.png",
  "visualization_filename": "00042_vis.png",
  "mnist_digits": [
    7,
    3,
    6,
    0,
    0,
    5,
    0,
    0,
    0,
    1,
    7,
    0,
    8,
    7,
    9,
    0,
    8,
    6
  ],
  "boxes": [
    {
      "char": "二",
      "bbox": {
        "x_min": 0.57421875,
        "y_min": 0.421875,
        "x_max": 0.8671875,
        "y_max": 0.552734375
      }
    },
    {
      "char": "六",
      "bbox": {
        "x_min": 0.2734375,
        "y_min": 0.33203125,
        "x_max": 0.421875,
        "y_max": 0.48046875
      }
    },
    {
      "char": "十",
      "bbox": {
        "x_min": 0.931640625,
        "y_min": 0.41015625,
        "x_max": 0.9921875,
        "y_max": 0.494140625
      }
    },
    {
      "char": "一",
      "bbox": {
        "x_min": 0.529296875,
        "y_min": 0.30859375,
        "x_max": 0.677734375,
        "y_max": 0.443359375
      }
    },
    {
      "char": "四",
      "bbox": {
        "x_min": 0.708984375,
        "y_min": 0.10546875,
        "x_max": 0.740234375,
        "y_max": 0.138671875
      }
    },
    {
      "char": "三",
      "bbox": {
        "x_min": 0.880859375,
        "y_min": 0.033203125,
        "x_max": 0.9453125,
        "y_max": 0.12109375
      }
    },
    {
      "char": "九",
      "bbox": {
        "x_min": 0.16015625,
        "y_min": 0.70703125,
        "x_max": 0.39453125,
        "y_max": 0.87109375
      }
    }
  ]
}