{
  "image_filename": "00055.png",
  "visualization_filename": "00055_vis.png",
  "mnist_digits": [
    9,
    1,
    6,
    3,
    3,
    2,
    1,
    8,
    1,
    3,
    1,
    7,
    6,
    0,
    0,
    7,
    8,
    1,
    6,
    1,
    9,
    1,
    3,
    3,
    1,
    7,
    9,
    5,
    1,
    0
  ],
  "boxes": [
    {
      "char": "二",
      "bbox": {
        "x_min": 0.294921875,
        "y_min": 0.23828125,
        "x_max": 0.439453125,
        "y_max": 0.33203125
      }
    },
    {
      "char": "一",
      "bbox": {
        "x_min": 0.33984375,
        "y_min": 0.1640625,
        "x_max": 0.4296875,
        "y_max": 0.2265625
      }
    },
    {
      "char": "十",
      "bbox": {
        "x_min": 0.61328125,
        "y_min": 0.0234375,
        "x_max": 0.962890625,
        "y_max": 0.56640625
      }
    }
  ]
}