{
  "image_filename": "00053.png",
  "visualization_filename": "00053_vis.png",
  "mnist_digits": [
    6,
    4,
    7,
    9
  ],
  "boxes": [
    {
      "char": "八",
      "bbox": {
        "x_min": 0.32421875,
        "y_min": 0.693359375,
        "x_max": 0.375,
        "y_max": 0.74609375
      }
    },
    {
      "char": "五",
      "bbox": {
        "x_min": 0.005859375,
        "y_min": 0.298828125,
        "x_max": 0.099609375,
        "y_max": 0.392578125
      }
    },
    {
      "char": "二",
      "bbox": {
        "x_min": 0.41015625,
        "y_min": 0.0703125,
        "x_max": 0.494140625,
        "y_max": 0.13671875
      }
    },
    {
      "char": "一",
      "bbox": {
        "x_min": 0.517578125,
        "y_min": 0.20703125,
        "x_max": 0.611328125,
        "y_max": 0.236328125
      }
    },
    {
      "char": "零",
      "bbox": {
        "x_min": 0.35546875,
        "y_min": 0.513671875,
        "x_max": 0.58984375,
        "y_max": 0.873046875
      }
    },
    {
      "char": "一",
      "bbox": {
        "x_min": 0.4296875,
        "y_min": 0.361328125,
        "x_max": 0.810546875,
        "y_max": 0.447265625
      }
    },
    {
      "char": "亿",
      "bbox": {
        "x_min": 0.69140625,
        "y_min": 0.67578125,
        "x_max": 0.830078125,
        "y_max": 0.814453125
      }
    }
  ]
}