{
  "image_filename": "00050.png",
  "visualization_filename": "00050_vis.png",
  "mnist_digits": [
    1,
    9,
    9,
    6,
    9,
    8,
    4,
    5,
    4,
    4,
    8,
    1,
    1,
    9,
    0
  ],
  "boxes": [
    {
      "char": "三",
      "bbox": {
        "x_min": 0.072265625,
        "y_min": 0.62890625,
        "x_max": 0.298828125,
        "y_max": 0.83203125
      }
    },
    {
      "char": "万",
      "bbox": {
        "x_min": 0.1015625,
        "y_min": 0.279296875,
        "x_max": 0.79296875,
        "y_max": 0.94921875
      }
    }
  ]
}