{
  "image_filename": "00059.png",
  "visualization_filename": "00059_vis.png",
  "mnist_digits": [
    7,
    2,
    8,
    8,
    3,
    3,
    9,
    7,
    8,
    1,
    1,
    3,
    1,
    8,
    4,
    7,
    2,
    5,
    1,
    3,
    5
  ],
  "boxes": [
    {
      "char": "五",
      "bbox": {
        "x_min": 0.2421875,
        "y_min": 0.2109375,
        "x_max": 0.3671875,
        "y_max": 0.35546875
      }
    },
    {
      "char": "六",
      "bbox": {
        "x_min": 0.5859375,
        "y_min": 0.279296875,
        "x_max": 0.6953125,
        "y_max": 0.478515625
      }
    }
  ]
}