{
  "image_filename": "00057.png",
  "visualization_filename": "00057_vis.png",
  "mnist_digits": [
    1,
    7,
    2,
    5,
    8,
    2,
    5,
    3,
    4,
    7,
    7,
    1,
    5,
    1,
    0
  ],
  "boxes": [
    {
      "char": "四",
      "bbox": {
        "x_min": 0.830078125,
        "y_min": 0.240234375,
        "x_max": 0.947265625,
        "y_max": 0.314453125
      }
    },
    {
      "char": "三",
      "bbox": {
        "x_min": 0.431640625,
        "y_min": 0.556640625,
        "x_max": 0.537109375,
        "y_max": 0.662109375
      }
    },
    {
      "char": "二",
      "bbox": {
        "x_min": 0.189453125,
        "y_min": 0.017578125,
        "x_max": 0.25,
        "y_max": 0.072265625
      }
    }
  ]
}