{
  "image_filename": "00052.png",
  "visualization_filename": "00052_vis.png",
  "mnist_digits": [
    5,
    5,
    3,
    3,
    7,
    7,
    0,
    1,
    7,
    4,
    1,
    6,
    2,
    9,
    0,
    5,
    4,
    8
  ],
  "boxes": [
    {
      "char": "百",
      "bbox": {
        "x_min": 0.142578125,
        "y_min": 0.689453125,
        "x_max": 0.236328125,
        "y_max": 0.806640625
      }
    },
    {
      "char": "亿",
      "bbox": {
        "x_min": 0.451171875,
        "y_min": 0.419921875,
        "x_max": 0.5078125,
        "y_max": 0.466796875
      }
    },
    {
      "char": "三",
      "bbox": {
        "x_min": 0.029296875,
        "y_min": 0.271484375,
        "x_max": 0.146484375,
        "y_max": 0.400390625
      }
    },
    {
      "char": "二",
      "bbox": {
        "x_min": 0.0078125,
        "y_min": 0.494140625,
        "x_max": 0.1484375,
        "y_max": 0.62890625
      }
    },
    {
      "char": "一",
      "bbox": {
        "x_min": 0.55859375,
        "y_min": 0.849609375,
        "x_max": 0.91015625,
        "y_max": 0.97265625
      }
    }
  ]
}