{
  "image_filename": "00063.png",
  "visualization_filename": "00063_vis.png",
  "mnist_digits": [
    4,
    7,
    9,
    1,
    3,
    4,
    8,
    1,
    4,
    1,
    2
  ],
  "boxes": [
    {
      "char": "九",
      "bbox": {
        "x_min": 0.0703125,
        "y_min": 0.478515625,
        "x_max": 0.47265625,
        "y_max": 0.9375
      }
    },
    {
      "char": "百",
      "bbox": {
        "x_min": 0.326171875,
        "y_min": 0.10546875,
        "x_max": 0.513671875,
        "y_max": 0.38671875
      }
    },
    {
      "char": "六",
      "bbox": {
        "x_min": 0.05078125,
        "y_min": 0.00390625,
        "x_max": 0.197265625,
        "y_max": 0.240234375
      }
    },
    {
      "char": "万",
      "bbox": {
        "x_min": 0.708984375,
        "y_min": 0.484375,
        "x_max": 0.73828125,
        "y_max": 0.533203125
      }
    },
    {
      "char": "三",
      "bbox": {
        "x_min": 0.3515625,
        "y_min": 0.75,
        "x_max": 0.3671875,
        "y_max": 0.775390625
      }
    }
  ]
}