{
  "image_filename": "00065.png",
  "visualization_filename": "00065_vis.png",
  "mnist_digits": [
    3,
    2,
    4,
    1,
    8,
    3,
    2,
    3,
    3,
    8,
    2,
    8,
    7
  ],
  "boxes": [
    {
      "char": "千",
      "bbox": {
        "x_min": 0.0390625,
        "y_min": 0.0859375,
        "x_max": 0.322265625,
        "y_max": 0.515625
      }
    },
    {
      "char": "百",
      "bbox": {
        "x_min": 0.521484375,
        "y_min": 0.60546875,
        "x_max": 0.642578125,
        "y_max": 0.7578125
      }
    },
    {
      "char": "十",
      "bbox": {
        "x_min": 0.099609375,
        "y_min": 0.521484375,
        "x_max": 0.205078125,
        "y_max": 0.62109375
      }
    },
    {
      "char": "百",
      "bbox": {
        "x_min": 0.3046875,
        "y_min": 0.572265625,
        "x_max": 0.39453125,
        "y_max": 0.712890625
      }
    },
    {
      "char": "七",
      "bbox": {
        "x_min": 0.39453125,
        "y_min": 0.642578125,
        "x_max": 0.5,
        "y_max": 0.77734375
      }
    }
  ]
}