{
  "image_filename": "00068.png",
  "visualization_filename": "00068_vis.png",
  "mnist_digits": [
    4,
    5,
    3,
    3,
    7,
    1,
    7,
    7,
    9,
    8,
    5,
    3,
    4,
    9,
    1,
    6,
    1,
    0,
    5,
    7,
    5,
    0,
    4,
    8,
    8,
    0,
    9,
    2,
    2
  ],
  "boxes": [
    {
      "char": "零",
      "bbox": {
        "x_min": 0.361328125,
        "y_min": 0.435546875,
        "x_max": 0.501953125,
        "y_max": 0.611328125
      }
    }
  ]
}