{
  "image_filename": "00060.png",
  "visualization_filename": "00060_vis.png",
  "mnist_digits": [
    8,
    6,
    4,
    1,
    2,
    0,
    5,
    2,
    8,
    3,
    3,
    1,
    1,
    4,
    1,
    1,
    1,
    9,
    8
  ],
  "boxes": [
    {
      "char": "五",
      "bbox": {
        "x_min": 0.59375,
        "y_min": 0.296875,
        "x_max": 0.796875,
        "y_max": 0.568359375
      }
    },
    {
      "char": "九",
      "bbox": {
        "x_min": 0.529296875,
        "y_min": 0.2265625,
        "x_max": 0.60546875,
        "y_max": 0.33203125
      }
    },
    {
      "char": "六",
      "bbox": {
        "x_min": 0.0859375,
        "y_min": 0.494140625,
        "x_max": 0.37890625,
        "y_max": 0.841796875
      }
    },
    {
      "char": "亿",
      "bbox": {
        "x_min": 0.51171875,
        "y_min": 0.55859375,
        "x_max": 0.57421875,
        "y_max": 0.6171875
      }
    }
  ]
}