{
  "image_filename": "00066.png",
  "visualization_filename": "00066_vis.png",
  "mnist_digits": [
    7,
    9,
    3,
    7,
    8,
    9,
    8
  ],
  "boxes": [
    {
      "char": "万",
      "bbox": {
        "x_min": 0.46484375,
        "y_min": 0.12890625,
        "x_max": 0.599609375,
        "y_max": 0.31640625
      }
    },
    {
      "char": "亿",
      "bbox": {
        "x_min": 0.697265625,
        "y_min": 0.451171875,
        "x_max": 0.810546875,
        "y_max": 0.615234375
      }
    },
    {
      "char": "四",
      "bbox": {
        "x_min": 0.794921875,
        "y_min": 0.767578125,
        "x_max": 0.841796875,
        "y_max": 0.830078125
      }
    },
    {
      "char": "四",
      "bbox": {
        "x_min": 0.8984375,
        "y_min": 0.005859375,
        "x_max": 0.96875,
        "y_max": 0.087890625
      }
    }
  ]
}