{
  "image_filename": "00062.png",
  "visualization_filename": "00062_vis.png",
  "mnist_digits": [
    9,
    7,
    3,
    8,
    1,
    9,
    1,
    5,
    9,
    1,
    4,
    3
  ],
  "boxes": [
    {
      "char": "百",
      "bbox": {
        "x_min": 0.232421875,
        "y_min": 0.087890625,
        "x_max": 0.970703125,
        "y_max": 0.986328125
      }
    },
    {
      "char": "零",
      "bbox": {
        "x_min": 0.48046875,
        "y_min": 0.0390625,
        "x_max": 0.630859375,
        "y_max": 0.267578125
      }
    },
    {
      "char": "千",
      "bbox": {
        "x_min": 0.09375,
        "y_min": 0.640625,
        "x_max": 0.134765625,
        "y_max": 0.712890625
      }
    },
    {
      "char": "七",
      "bbox": {
        "x_min": 0.759765625,
        "y_min": 0.78125,
        "x_max": 0.892578125,
        "y_max": 0.91015625
      }
    },
    {
      "char": "八",
      "bbox": {
        "x_min": 0.748046875,
        "y_min": 0.3984375,
        "x_max": 0.865234375,
        "y_max": 0.53125
      }
    }
  ]
}