{
  "image_filename": "00067.png",
  "visualization_filename": "00067_vis.png",
  "mnist_digits": [
    2,
    4,
    8,
    9,
    6,
    4,
    7,
    1,
    2,
    4,
    7,
    8,
    2,
    3,
    6,
    8,
    9,
    3,
    7,
    4,
    6,
    7,
    8
  ],
  "boxes": [
    {
      "char": "九",
      "bbox": {
        "x_min": 0.5234375,
        "y_min": 0.771484375,
        "x_max": 0.6640625,
        "y_max": 0.978515625
      }
    },
    {
      "char": "八",
      "bbox": {
        "x_min": 0.416015625,
        "y_min": 0.501953125,
        "x_max": 0.658203125,
        "y_max": 0.736328125
      }
    },
    {
      "char": "亿",
      "bbox": {
        "x_min": 0.076171875,
        "y_min": 0.794921875,
        "x_max": 0.166015625,
        "y_max": 0.888671875
      }
    },
    {
      "char": "百",
      "bbox": {
        "x_min": 0.0859375,
        "y_min": 0.138671875,
        "x_max": 0.2421875,
        "y_max": 0.421875
      }
    },
    {
      "char": "十",
      "bbox": {
        "x_min": 0.59765625,
        "y_min": 0.126953125,
        "x_max": 0.685546875,
        "y_max": 0.244140625
      }
    },
    {
      "char": "五",
      "bbox": {
        "x_min": 0.68359375,
        "y_min": 0.689453125,
        "x_max": 0.9765625,
        "y_max": 0.982421875
      }
    },
    {
      "char": "百",
      "bbox": {
        "x_min": 0.734375,
        "y_min": 0.556640625,
        "x_max": 0.775390625,
        "y_max": 0.603515625
      }
    }
  ]
}