{
  "image_filename": "00069.png",
  "visualization_filename": "00069_vis.png",
  "mnist_digits": [
    3,
    2,
    2,
    3,
    6,
    5,
    8,
    6,
    8,
    0,
    0,
    0,
    9,
    8,
    2,
    2,
    8,
    9,
    5,
    9,
    4,
    7,
    7,
    5
  ],
  "boxes": [
    {
      "char": "万",
      "bbox": {
        "x_min": 0.48046875,
        "y_min": 0.419921875,
        "x_max": 0.67578125,
        "y_max": 0.724609375
      }
    },
    {
      "char": "十",
      "bbox": {
        "x_min": 0.849609375,
        "y_min": 0.265625,
        "x_max": 0.912109375,
        "y_max": 0.34375
      }
    },
    {
      "char": "一",
      "bbox": {
        "x_min": 0.458984375,
        "y_min": 0.609375,
        "x_max": 0.49609375,
        "y_max": 0.615234375
      }
    },
    {
      "char": "六",
      "bbox": {
        "x_min": 0.162109375,
        "y_min": 0.3828125,
        "x_max": 0.408203125,
        "y_max": 0.595703125
      }
    },
    {
      "char": "八",
      "bbox": {
        "x_min": 0.357421875,
        "y_min": 0.765625,
        "x_max": 0.447265625,
        "y_max": 0.85546875
      }
    }
  ]
}