{
  "image_filename": "00064.png",
  "visualization_filename": "00064_vis.png",
  "mnist_digits": [
    8,
    7,
    4,
    1,
    8,
    1,
    0,
    9,
    8,
    5
  ],
  "boxes": [
    {
      "char": "万",
      "bbox": {
        "x_min": 0.650390625,
        "y_min": 0.05859375,
        "x_max": 0.90234375,
        "y_max": 0.37890625
      }
    },
    {
      "char": "零",
      "bbox": {
        "x_min": 0.091796875,
        "y_min": 0.265625,
        "x_max": 0.216796875,
        "y_max": 0.5
      }
    },
    {
      "char": "三",
      "bbox": {
        "x_min": 0.005859375,
        "y_min": 0.505859375,
        "x_max": 0.224609375,
        "y_max": 0.68359375
      }
    },
    {
      "char": "零",
      "bbox": {
        "x_min": 0.482421875,
        "y_min": 0.306640625,
        "x_max": 0.634765625,
        "y_max": 0.53125
      }
    },
    {
      "char": "八",
      "bbox": {
        "x_min": 0.732421875,
        "y_min": 0.392578125,
        "x_max": 0.783203125,
        "y_max": 0.451171875
      }
    },
    {
      "char": "万",
      "bbox": {
        "x_min": 0.41015625,
        "y_min": 0.0546875,
        "x_max": 0.521484375,
        "y_max": 0.177734375
      }
    }
  ]
}