{
  "image_filename": "00072.png",
  "visualization_filename": "00072_vis.png",
  "mnist_digits": [
    8,
    1,
    8,
    2,
    8,
    4,
    5,
    3,
    7,
    1,
    4,
    8,
    5,
    4,
    0,
    6,
    9,
    1,
    9,
    6,
    4,
    9,
    6
  ],
  "boxes": [
    {
      "char": "百",
      "bbox": {
        "x_min": 0.41015625,
        "y_min": 0.296875,
        "x_max": 0.55078125,
        "y_max": 0.484375
      }
    },
    {
      "char": "六",
      "bbox": {
        "x_min": 0.716796875,
        "y_min": 0.587890625,
        "x_max": 0.787109375,
        "y_max": 0.669921875
      }
    }
  ]
}