{
  "image_filename": "00079.png",
  "visualization_filename": "00079_vis.png",
  "mnist_digits": [
    4,
    8,
    5,
    1,
    4,
    7,
    3,
    1,
    5,
    8,
    7,
    9,
    9,
    6,
    6,
    6,
    1,
    1,
    9,
    9,
    5,
    1,
    5
  ],
  "boxes": [
    {
      "char": "三",
      "bbox": {
        "x_min": 0.693359375,
        "y_min": 0.73046875,
        "x_max": 0.888671875,
        "y_max": 0.92578125
      }
    },
    {
      "char": "十",
      "bbox": {
        "x_min": 0.09375,
        "y_min": 0.265625,
        "x_max": 0.171875,
        "y_max": 0.41796875
      }
    },
    {
      "char": "九",
      "bbox": {
        "x_min": 0.69140625,
        "y_min": 0.544921875,
        "x_max": 0.734375,
        "y_max": 0.5859375
      }
    },
    {
      "char": "七",
      "bbox": {
        "x_min": 0.388671875,
        "y_min": 0.02734375,
        "x_max": 0.564453125,
        "y_max": 0.185546875
      }
    },
    {
      "char": "百",
      "bbox": {
        "x_min": 0.6953125,
        "y_min": 0.322265625,
        "x_max": 0.7734375,
        "y_max": 0.470703125
      }
    },
    {
      "char": "三",
      "bbox": {
        "x_min": 0.787109375,
        "y_min": 0.34375,
        "x_max": 0.95703125,
        "y_max": 0.47265625
      }
    }
  ]
}