{
  "image_filename": "00071.png",
  "visualization_filename": "00071_vis.png",
  "mnist_digits": [
    5,
    2,
    6,
    3,
    0,
    6,
    6,
    3,
    3,
    1,
    3,
    4,
    3,
    8,
    4
  ],
  "boxes": [
    {
      "char": "三",
      "bbox": {
        "x_min": 0.54296875,
        "y_min": 0,
        "x_max": 0.755859375,
        "y_max": 0.220703125
      }
    },
    {
      "char": "三",
      "bbox": {
        "x_min": 0.240234375,
        "y_min": 0.23046875,
        "x_max": 0.529296875,
        "y_max": 0.5078125
      }
    },
    {
      "char": "四",
      "bbox": {
        "x_min": 0.61328125,
        "y_min": 0.634765625,
        "x_max": 0.65234375,
        "y_max": 0.673828125
      }
    }
  ]
}