{
  "image_filename": "00078.png",
  "visualization_filename": "00078_vis.png",
  "mnist_digits": [
    4,
    6,
    8,
    7,
    0,
    1,
    4,
    9,
    6,
    0,
    8,
    0,
    9,
    9,
    5
  ],
  "boxes": [
    {
      "char": "百",
      "bbox": {
        "x_min": 0.61328125,
        "y_min": 0.568359375,
        "x_max": 0.671875,
        "y_max": 0.685546875
      }
    },
    {
      "char": "千",
      "bbox": {
        "x_min": 0.884765625,
        "y_min": 0.57421875,
        "x_max": 0.958984375,
        "y_max": 0.703125
      }
    },
    {
      "char": "百",
      "bbox": {
        "x_min": 0.146484375,
        "y_min": 0.6171875,
        "x_max": 0.287109375,
        "y_max": 0.798828125
      }
    },
    {
      "char": "十",
      "bbox": {
        "x_min": 0.359375,
        "y_min": 0.673828125,
        "x_max": 0.490234375,
        "y_max": 0.869140625
      }
    },
    {
      "char": "八",
      "bbox": {
        "x_min": 0.591796875,
        "y_min": 0.328125,
        "x_max": 0.90625,
        "y_max": 0.47265625
      }
    }
  ]
}