{
  "image_filename": "00073.png",
  "visualization_filename": "00073_vis.png",
  "mnist_digits": [
    4,
    3,
    5,
    4,
    9,
    0,
    8,
    3,
    3,
    0,
    2,
    8,
    3,
    6,
    4,
    9,
    4,
    6,
    8,
    0,
    6,
    8,
    6,
    2,
    1,
    1,
    5,
    1,
    8,
    2,
    3,
    9
  ],
  "boxes": [
    {
      "char": "七",
      "bbox": {
        "x_min": 0.171875,
        "y_min": 0.712890625,
        "x_max": 0.26171875,
        "y_max": 0.7890625
      }
    },
    {
      "char": "六",
      "bbox": {
        "x_min": 0.275390625,
        "y_min": 0.00390625,
        "x_max": 0.427734375,
        "y_max": 0.224609375
      }
    },
    {
      "char": "百",
      "bbox": {
        "x_min": 0.392578125,
        "y_min": 0.236328125,
        "x_max": 0.640625,
        "y_max": 0.732421875
      }
    }
  ]
}