{
  "image_filename": "00074.png",
  "visualization_filename": "00074_vis.png",
  "mnist_digits": [
    3,
    4,
    7,
    7,
    9,
    2,
    0,
    3,
    5,
    9,
    8,
    8,
    0,
    2,
    4,
    9,
    9,
    9
  ],
  "boxes": [
    {
      "char": "三",
      "bbox": {
        "x_min": 0.19140625,
        "y_min": 0.68359375,
        "x_max": 0.2421875,
        "y_max": 0.73046875
      }
    },
    {
      "char": "二",
      "bbox": {
        "x_min": 0.796875,
        "y_min": 0.73046875,
        "x_max": 0.857421875,
        "y_max": 0.75390625
      }
    },
    {
      "char": "万",
      "bbox": {
        "x_min": 0.576171875,
        "y_min": 0.259765625,
        "x_max": 0.607421875,
        "y_max": 0.310546875
      }
    },
    {
      "char": "千",
      "bbox": {
        "x_min": 0.265625,
        "y_min": 0.3125,
        "x_max": 0.3046875,
        "y_max": 0.361328125
      }
    }
  ]
}