{
  "image_filename": "00070.png",
  "visualization_filename": "00070_vis.png",
  "mnist_digits": [
    5,
    8,
    0,
    9,
    9,
    0,
    2,
    8,
    7,
    8,
    8,
    1,
    3,
    2,
    7,
    3,
    4,
    5,
    3,
    2,
    3,
    8,
    2,
    3,
    1,
    7
  ],
  "boxes": [
    {
      "char": "亿",
      "bbox": {
        "x_min": 0.8203125,
        "y_min": 0.873046875,
        "x_max": 0.880859375,
        "y_max": 0.962890625
      }
    },
    {
      "char": "亿",
      "bbox": {
        "x_min": 0.388671875,
        "y_min": 0.462890625,
        "x_max": 0.509765625,
        "y_max": 0.607421875
      }
    },
    {
      "char": "二",
      "bbox": {
        "x_min": 0.734375,
        "y_min": 0.22265625,
        "x_max": 0.8203125,
        "y_max": 0.267578125
      }
    },
    {
      "char": "万",
      "bbox": {
        "x_min": 0.05859375,
        "y_min": 0.455078125,
        "x_max": 0.09765625,
        "y_max": 0.498046875
      }
    },
    {
      "char": "一",
      "bbox": {
        "x_min": 0.548828125,
        "y_min": 0.44921875,
        "x_max": 0.8828125,
        "y_max": 0.521484375
      }
    },
    {
      "char": "七",
      "bbox": {
        "x_min": 0.69140625,
        "y_min": 0.580078125,
        "x_max": 0.751953125,
        "y_max": 0.65234375
      }
    }
  ]
}