{
  "image_filename": "00075.png",
  "visualization_filename": "00075_vis.png",
  "mnist_digits": [
    3,
    3,
    1,
    3,
    7,
    5,
    4,
    8,
    0,
    8,
    9,
    6,
    3,
    9,
    2,
    5,
    0,
    6,
    1,
    1
  ],
  "boxes": [
    {
      "char": "三",
      "bbox": {
        "x_min": 0.0625,
        "y_min": 0.236328125,
        "x_max": 0.431640625,
        "y_max": 0.59375
      }
    },
    {
      "char": "九",
      "bbox": {
        "x_min": 0.40625,
        "y_min": 0.181640625,
        "x_max": 0.4609375,
        "y_max": 0.26171875
      }
    },
    {
      "char": "十",
      "bbox": {
        "x_min": 0.458984375,
        "y_min": 0.2890625,
        "x_max": 0.708984375,
        "y_max": 0.71875
      }
    },
    {
      "char": "亿",
      "bbox": {
        "x_min": 0.689453125,
        "y_min": 0.0234375,
        "x_max": 0.947265625,
        "y_max": 0.28125
      }
    }
  ]
}