{
  "image_filename": "00087.png",
  "visualization_filename": "00087_vis.png",
  "mnist_digits": [
    1,
    9,
    7,
    0,
    5,
    7,
    7,
    2,
    0,
    1
  ],
  "boxes": [
    {
      "char": "四",
      "bbox": {
        "x_min": 0.45703125,
        "y_min": 0.568359375,
        "x_max": 0.591796875,
        "y_max": 0.685546875
      }
    },
    {
      "char": "四",
      "bbox": {
        "x_min": 0.01953125,
        "y_min": 0.7578125,
        "x_max": 0.16015625,
        "y_max": 0.9296875
      }
    }
  ]
}