{
  "image_filename": "00083.png",
  "visualization_filename": "00083_vis.png",
  "mnist_digits": [
    1,
    1,
    8,
    3,
    1,
    8,
    9,
    3,
    8,
    1,
    7,
    0,
    4,
    3,
    6,
    6,
    7,
    9,
    1,
    6
  ],
  "boxes": [
    {
      "char": "二",
      "bbox": {
        "x_min": 0.490234375,
        "y_min": 0.630859375,
        "x_max": 0.595703125,
        "y_max": 0.71875
      }
    },
    {
      "char": "万",
      "bbox": {
        "x_min": 0.357421875,
        "y_min": 0.3515625,
        "x_max": 0.45703125,
        "y_max": 0.48046875
      }
    },
    {
      "char": "七",
      "bbox": {
        "x_min": 0.25390625,
        "y_min": 0.6015625,
        "x_max": 0.3203125,
        "y_max": 0.677734375
      }
    }
  ]
}