{
  "image_filename": "00086.png",
  "visualization_filename": "00086_vis.png",
  "mnist_digits": [
    4,
    6,
    4,
    3,
    8,
    6,
    6,
    9,
    4,
    7,
    2,
    0,
    5,
    1,
    1,
    1,
    9,
    6,
    1,
    0,
    4
  ],
  "boxes": [
    {
      "char": "九",
      "bbox": {
        "x_min": 0.150390625,
        "y_min": 0.935546875,
        "x_max": 0.20703125,
        "y_max": 0.982421875
      }
    },
    {
      "char": "五",
      "bbox": {
        "x_min": 0.52734375,
        "y_min": 0.27734375,
        "x_max": 0.826171875,
        "y_max": 0.783203125
      }
    },
    {
      "char": "亿",
      "bbox": {
        "x_min": 0.30859375,
        "y_min": 0.095703125,
        "x_max": 0.369140625,
        "y_max": 0.158203125
      }
    }
  ]
}