{
  "image_filename": "00089.png",
  "visualization_filename": "00089_vis.png",
  "mnist_digits": [
    5,
    6,
    3,
    2,
    0,
    9,
    0,
    6,
    5,
    7,
    5,
    4,
    1,
    0,
    6,
    4,
    3,
    4,
    7,
    1,
    0,
    4,
    5,
    2,
    4,
    6,
    8,
    1,
    4
  ],
  "boxes": [
    {
      "char": "千",
      "bbox": {
        "x_min": 0.369140625,
        "y_min": 0.861328125,
        "x_max": 0.421875,
        "y_max": 0.919921875
      }
    },
    {
      "char": "百",
      "bbox": {
        "x_min": 0.017578125,
        "y_min": 0.212890625,
        "x_max": 0.087890625,
        "y_max": 0.314453125
      }
    },
    {
      "char": "零",
      "bbox": {
        "x_min": 0.166015625,
        "y_min": 0.173828125,
        "x_max": 0.388671875,
        "y_max": 0.470703125
      }
    },
    {
      "char": "万",
      "bbox": {
        "x_min": 0.408203125,
        "y_min": 0.5625,
        "x_max": 0.541015625,
        "y_max": 0.703125
      }
    },
    {
      "char": "六",
      "bbox": {
        "x_min": 0.41796875,
        "y_min": 0.71875,
        "x_max": 0.4921875,
        "y_max": 0.779296875
      }
    },
    {
      "char": "十",
      "bbox": {
        "x_min": 0.130859375,
        "y_min": 0.611328125,
        "x_max": 0.23046875,
        "y_max": 0.828125
      }
    },
    {
      "char": "六",
      "bbox": {
        "x_min": 0.00390625,
        "y_min": 0.494140625,
        "x_max": 0.04296875,
        "y_max": 0.54296875
      }
    }
  ]
}