{
  "image_filename": "00085.png",
  "visualization_filename": "00085_vis.png",
  "mnist_digits": [
    6,
    8,
    2,
    4,
    4,
    6,
    3,
    0,
    6,
    2,
    3,
    0,
    9,
    0,
    8,
    2,
    6,
    7,
    6,
    6,
    7,
    1,
    7,
    3,
    5,
    3,
    9,
    3
  ],
  "boxes": [
    {
      "char": "亿",
      "bbox": {
        "x_min": 0,
        "y_min": 0.521484375,
        "x_max": 0.158203125,
        "y_max": 0.703125
      }
    },
    {
      "char": "十",
      "bbox": {
        "x_min": 0.734375,
        "y_min": 0.498046875,
        "x_max": 0.8515625,
        "y_max": 0.720703125
      }
    },
    {
      "char": "十",
      "bbox": {
        "x_min": 0.31640625,
        "y_min": 0.181640625,
        "x_max": 0.451171875,
        "y_max": 0.38671875
      }
    },
    {
      "char": "三",
      "bbox": {
        "x_min": 0.50390625,
        "y_min": 0.111328125,
        "x_max": 0.6328125,
        "y_max": 0.205078125
      }
    },
    {
      "char": "三",
      "bbox": {
        "x_min": 0.11328125,
        "y_min": 0.26171875,
        "x_max": 0.1953125,
        "y_max": 0.32421875
      }
    },
    {
      "char": "二",
      "bbox": {
        "x_min": 0.056640625,
        "y_min": 0.228515625,
        "x_max": 0.12109375,
        "y_max": 0.259765625
      }
    },
    {
      "char": "九",
      "bbox": {
        "x_min": 0.4453125,
        "y_min": 0.671875,
        "x_max": 0.55078125,
        "y_max": 0.830078125
      }
    }
  ]
}