{
  "image_filename": "00084.png",
  "visualization_filename": "00084_vis.png",
  "mnist_digits": [
    3,
    1,
    3,
    0,
    8,
    8,
    6,
    7,
    3,
    4,
    6,
    4,
    0
  ],
  "boxes": [
    {
      "char": "八",
      "bbox": {
        "x_min": 0.787109375,
        "y_min": 0.64453125,
        "x_max": 0.875,
        "y_max": 0.75
      }
    },
    {
      "char": "十",
      "bbox": {
        "x_min": 0.462890625,
        "y_min": 0.15625,
        "x_max": 0.556640625,
        "y_max": 0.3046875
      }
    },
    {
      "char": "八",
      "bbox": {
        "x_min": 0.728515625,
        "y_min": 0.353515625,
        "x_max": 0.787109375,
        "y_max": 0.416015625
      }
    },
    {
      "char": "百",
      "bbox": {
        "x_min": 0.66796875,
        "y_min": 0.771484375,
        "x_max": 0.796875,
        "y_max": 0.98828125
      }
    },
    {
      "char": "亿",
      "bbox": {
        "x_min": 0.8984375,
        "y_min": 0.017578125,
        "x_max": 0.94921875,
        "y_max": 0.072265625
      }
    },
    {
      "char": "二",
      "bbox": {
        "x_min": 0.267578125,
        "y_min": 0.78125,
        "x_max": 0.369140625,
        "y_max": 0.8359375
      }
    }
  ]
}