{
  "image_filename": "00080.png",
  "visualization_filename": "00080_vis.png",
  "mnist_digits": [
    8,
    1,
    1,
    1,
    1,
    2,
    9,
    1,
    0,
    3,
    9,
    7,
    3,
    6,
    5
  ],
  "boxes": [
    {
      "char": "百",
      "bbox": {
        "x_min": 0.419921875,
        "y_min": 0.1953125,
        "x_max": 0.546875,
        "y_max": 0.4296875
      }
    },
    {
      "char": "千",
      "bbox": {
        "x_min": 0.013671875,
        "y_min": 0.244140625,
        "x_max": 0.126953125,
        "y_max": 0.376953125
      }
    },
    {
      "char": "万",
      "bbox": {
        "x_min": 0.69140625,
        "y_min": 0.6484375,
        "x_max": 0.873046875,
        "y_max": 0.90625
      }
    },
    {
      "char": "百",
      "bbox": {
        "x_min": 0.400390625,
        "y_min": 0.51953125,
        "x_max": 0.580078125,
        "y_max": 0.69140625
      }
    }
  ]
}