{
  "image_filename": "00091.png",
  "visualization_filename": "00091_vis.png",
  "mnist_digits": [
    1,
    5,
    7,
    9,
    5,
    2,
    2,
    4,
    4,
    1,
    6,
    7,
    4,
    4,
    2,
    4,
    9,
    0,
    8,
    0,
    6,
    5,
    0,
    3,
    8,
    7,
    7,
    5,
    1,
    4,
    6,
    2
  ],
  "boxes": [
    {
      "char": "六",
      "bbox": {
        "x_min": 0.5234375,
        "y_min": 0.59765625,
        "x_max": 0.6171875,
        "y_max": 0.84765625
      }
    },
    {
      "char": "七",
      "bbox": {
        "x_min": 0.328125,
        "y_min": 0.4921875,
        "x_max": 0.484375,
        "y_max": 0.587890625
      }
    },
    {
      "char": "千",
      "bbox": {
        "x_min": 0.7734375,
        "y_min": 0.30859375,
        "x_max": 0.884765625,
        "y_max": 0.533203125
      }
    }
  ]
}