{
  "image_filename": "00099.png",
  "visualization_filename": "00099_vis.png",
  "mnist_digits": [
    0,
    3,
    8,
    4,
    7,
    4,
    1,
    3,
    1,
    0,
    0,
    5,
    2,
    6,
    8,
    5,
    8
  ],
  "boxes": [
    {
      "char": "亿",
      "bbox": {
        "x_min": 0.46484375,
        "y_min": 0.1875,
        "x_max": 0.609375,
        "y_max": 0.322265625
      }
    },
    {
      "char": "九",
      "bbox": {
        "x_min": 0.55078125,
        "y_min": 0.357421875,
        "x_max": 0.583984375,
        "y_max": 0.40625
      }
    }
  ]
}