{
  "image_filename": "00092.png",
  "visualization_filename": "00092_vis.png",
  "mnist_digits": [
    4,
    6,
    7,
    2,
    9,
    1,
    4,
    4,
    8,
    8,
    0
  ],
  "boxes": [
    {
      "char": "五",
      "bbox": {
        "x_min": 0.58984375,
        "y_min": 0.294921875,
        "x_max": 0.6171875,
        "y_max": 0.31640625
      }
    },
    {
      "char": "二",
      "bbox": {
        "x_min": 0.14453125,
        "y_min": 0.251953125,
        "x_max": 0.4921875,
        "y_max": 0.521484375
      }
    },
    {
      "char": "百",
      "bbox": {
        "x_min": 0.76953125,
        "y_min": 0.11328125,
        "x_max": 0.8984375,
        "y_max": 0.30078125
      }
    },
    {
      "char": "十",
      "bbox": {
        "x_min": 0.51171875,
        "y_min": 0.15625,
        "x_max": 0.572265625,
        "y_max": 0.212890625
      }
    },
    {
      "char": "十",
      "bbox": {
        "x_min": 0.0859375,
        "y_min": 0.638671875,
        "x_max": 0.26171875,
        "y_max": 0.87890625
      }
    }
  ]
}