{
  "image_filename": "00094.png",
  "visualization_filename": "00094_vis.png",
  "mnist_digits": [
    1,
    0,
    5,
    3,
    7,
    1,
    8,
    3,
    2,
    2,
    7
  ],
  "boxes": [
    {
      "char": "六",
      "bbox": {
        "x_min": 0.689453125,
        "y_min": 0.404296875,
        "x_max": 0.806640625,
        "y_max": 0.560546875
      }
    },
    {
      "char": "千",
      "bbox": {
        "x_min": 0.21875,
        "y_min": 0.509765625,
        "x_max": 0.5546875,
        "y_max": 1
      }
    },
    {
      "char": "二",
      "bbox": {
        "x_min": 0.93359375,
        "y_min": 0.51953125,
        "x_max": 0.962890625,
        "y_max": 0.544921875
      }
    },
    {
      "char": "九",
      "bbox": {
        "x_min": 0.814453125,
        "y_min": 0.490234375,
        "x_max": 0.9765625,
        "y_max": 0.751953125
      }
    },
    {
      "char": "八",
      "bbox": {
        "x_min": 0.451171875,
        "y_min": 0.1015625,
        "x_max": 0.759765625,
        "y_max": 0.248046875
      }
    }
  ]
}