{
  "image_filename": "00097.png",
  "visualization_filename": "00097_vis.png",
  "mnist_digits": [
    3,
    5,
    9,
    1,
    9,
    5,
    6,
    7,
    8,
    6,
    0,
    7,
    1,
    8,
    9,
    8,
    5,
    6,
    7,
    7,
    6,
    5
  ],
  "boxes": [
    {
      "char": "百",
      "bbox": {
        "x_min": 0.1171875,
        "y_min": 0.748046875,
        "x_max": 0.169921875,
        "y_max": 0.845703125
      }
    },
    {
      "char": "零",
      "bbox": {
        "x_min": 0.28125,
        "y_min": 0.294921875,
        "x_max": 0.421875,
        "y_max": 0.5703125
      }
    },
    {
      "char": "万",
      "bbox": {
        "x_min": 0.013671875,
        "y_min": 0.60546875,
        "x_max": 0.107421875,
        "y_max": 0.728515625
      }
    },
    {
      "char": "二",
      "bbox": {
        "x_min": 0.859375,
        "y_min": 0.453125,
        "x_max": 0.96484375,
        "y_max": 0.51953125
      }
    },
    {
      "char": "七",
      "bbox": {
        "x_min": 0.51953125,
        "y_min": 0.095703125,
        "x_max": 0.71875,
        "y_max": 0.26171875
      }
    }
  ]
}