{
  "image_filename": "00090.png",
  "visualization_filename": "00090_vis.png",
  "mnist_digits": [
    6,
    8,
    4,
    7,
    5,
    9,
    3,
    7,
    2,
    3,
    6,
    1,
    2,
    4,
    8,
    0,
    4
  ],
  "boxes": [
    {
      "char": "百",
      "bbox": {
        "x_min": 0.65625,
        "y_min": 0.466796875,
        "x_max": 0.84375,
        "y_max": 0.771484375
      }
    },
    {
      "char": "九",
      "bbox": {
        "x_min": 0.091796875,
        "y_min": 0.41015625,
        "x_max": 0.314453125,
        "y_max": 0.638671875
      }
    }
  ]
}