{
  "image_filename": "00103.png",
  "visualization_filename": "00103_vis.png",
  "mnist_digits": [
    0,
    5,
    2,
    1,
    4,
    7,
    9,
    1,
    2,
    0,
    5,
    6,
    8,
    7,
    4
  ],
  "boxes": [
    {
      "char": "零",
      "bbox": {
        "x_min": 0.6171875,
        "y_min": 0.013671875,
        "x_max": 0.8828125,
        "y_max": 0.388671875
      }
    },
    {
      "char": "千",
      "bbox": {
        "x_min": 0.390625,
        "y_min": 0.224609375,
        "x_max": 0.4375,
        "y_max": 0.318359375
      }
    },
    {
      "char": "千",
      "bbox": {
        "x_min": 0.560546875,
        "y_min": 0.71484375,
        "x_max": 0.68359375,
        "y_max": 0.94921875
      }
    },
    {
      "char": "八",
      "bbox": {
        "x_min": 0.765625,
        "y_min": 0.486328125,
        "x_max": 0.97265625,
        "y_max": 0.861328125
      }
    },
    {
      "char": "万",
      "bbox": {
        "x_min": 0.248046875,
        "y_min": 0.345703125,
        "x_max": 0.478515625,
        "y_max": 0.62890625
      }
    },
    {
      "char": "七",
      "bbox": {
        "x_min": 0.462890625,
        "y_min": 0.599609375,
        "x_max": 0.548828125,
        "y_max": 0.654296875
      }
    }
  ]
}