{
  "image_filename": "00106.png",
  "visualization_filename": "00106_vis.png",
  "mnist_digits": [
    7,
    2,
    5,
    4,
    7,
    7,
    4,
    5,
    3,
    0,
    5,
    9,
    5,
    7,
    8,
    7,
    2,
    2,
    7,
    7,
    1,
    2,
    0,
    5,
    1,
    8,
    9,
    8,
    2
  ],
  "boxes": [
    {
      "char": "四",
      "bbox": {
        "x_min": 0.2265625,
        "y_min": 0.181640625,
        "x_max": 0.447265625,
        "y_max": 0.4609375
      }
    },
    {
      "char": "零",
      "bbox": {
        "x_min": 0.375,
        "y_min": 0.658203125,
        "x_max": 0.53125,
        "y_max": 0.931640625
      }
    },
    {
      "char": "九",
      "bbox": {
        "x_min": 0.447265625,
        "y_min": 0.484375,
        "x_max": 0.490234375,
        "y_max": 0.53125
      }
    },
    {
      "char": "万",
      "bbox": {
        "x_min": 0.65234375,
        "y_min": 0.80859375,
        "x_max": 0.72265625,
        "y_max": 0.935546875
      }
    }
  ]
}