{
  "image_filename": "00109.png",
  "visualization_filename": "00109_vis.png",
  "mnist_digits": [
    1,
    0,
    1,
    6,
    7,
    1,
    1,
    6,
    3,
    1,
    2,
    9
  ],
  "boxes": [
    {
      "char": "千",
      "bbox": {
        "x_min": 0.130859375,
        "y_min": 0.640625,
        "x_max": 0.224609375,
        "y_max": 0.84375
      }
    },
    {
      "char": "百",
      "bbox": {
        "x_min": 0.595703125,
        "y_min": 0.09375,
        "x_max": 0.779296875,
        "y_max": 0.501953125
      }
    },
    {
      "char": "千",
      "bbox": {
        "x_min": 0.25,
        "y_min": 0.52734375,
        "x_max": 0.5,
        "y_max": 0.78515625
      }
    },
    {
      "char": "千",
      "bbox": {
        "x_min": 0.81640625,
        "y_min": 0.306640625,
        "x_max": 0.998046875,
        "y_max": 0.53515625
      }
    }
  ]
}