{
  "image_filename": "00100.png",
  "visualization_filename": "00100_vis.png",
  "mnist_digits": [
    9,
    4,
    0,
    0,
    6,
    6,
    7,
    6,
    8,
    7,
    9,
    9,
    1,
    0,
    9,
    4,
    5,
    7,
    2,
    2,
    8,
    8
  ],
  "boxes": [
    {
      "char": "二",
      "bbox": {
        "x_min": 0.390625,
        "y_min": 0.02734375,
        "x_max": 0.791015625,
        "y_max": 0.361328125
      }
    },
    {
      "char": "万",
      "bbox": {
        "x_min": 0.248046875,
        "y_min": 0.619140625,
        "x_max": 0.3984375,
        "y_max": 0.859375
      }
    },
    {
      "char": "万",
      "bbox": {
        "x_min": 0.07421875,
        "y_min": 0.599609375,
        "x_max": 0.208984375,
        "y_max": 0.728515625
      }
    },
    {
      "char": "千",
      "bbox": {
        "x_min": 0.486328125,
        "y_min": 0.58984375,
        "x_max": 0.6953125,
        "y_max": 0.822265625
      }
    },
    {
      "char": "九",
      "bbox": {
        "x_min": 0.7265625,
        "y_min": 0.44921875,
        "x_max": 0.849609375,
        "y_max": 0.572265625
      }
    }
  ]
}