{
  "image_filename": "00108.png",
  "visualization_filename": "00108_vis.png",
  "mnist_digits": [
    9,
    2,
    3,
    0,
    7,
    2,
    7,
    9,
    5
  ],
  "boxes": [
    {
      "char": "千",
      "bbox": {
        "x_min": 0.263671875,
        "y_min": 0.513671875,
        "x_max": 0.478515625,
        "y_max": 0.796875
      }
    },
    {
      "char": "四",
      "bbox": {
        "x_min": 0.26171875,
        "y_min": 0.02734375,
        "x_max": 0.359375,
        "y_max": 0.14453125
      }
    },
    {
      "char": "百",
      "bbox": {
        "x_min": 0.7734375,
        "y_min": 0.4453125,
        "x_max": 0.982421875,
        "y_max": 0.662109375
      }
    },
    {
      "char": "亿",
      "bbox": {
        "x_min": 0.583984375,
        "y_min": 0.240234375,
        "x_max": 0.65234375,
        "y_max": 0.30078125
      }
    },
    {
      "char": "百",
      "bbox": {
        "x_min": 0.51171875,
        "y_min": 0.89453125,
        "x_max": 0.54296875,
        "y_max": 0.943359375
      }
    }
  ]
}