{
  "image_filename": "00101.png",
  "visualization_filename": "00101_vis.png",
  "mnist_digits": [
    8,
    4,
    6,
    0,
    8,
    1,
    1,
    6,
    4,
    0,
    7,
    5,
    5,
    3,
    6,
    6,
    6,
    7,
    4,
    3,
    0,
    7,
    2,
    1,
    4,
    6,
    5
  ],
  "boxes": [
    {
      "char": "八",
      "bbox": {
        "x_min": 0.654296875,
        "y_min": 0.708984375,
        "x_max": 0.73046875,
        "y_max": 0.779296875
      }
    },
    {
      "char": "千",
      "bbox": {
        "x_min": 0.21484375,
        "y_min": 0.265625,
        "x_max": 0.48046875,
        "y_max": 0.65625
      }
    },
    {
      "char": "七",
      "bbox": {
        "x_min": 0.044921875,
        "y_min": 0.283203125,
        "x_max": 0.216796875,
        "y_max": 0.470703125
      }
    },
    {
      "char": "二",
      "bbox": {
        "x_min": 0.34375,
        "y_min": 0.177734375,
        "x_max": 0.37109375,
        "y_max": 0.21484375
      }
    },
    {
      "char": "十",
      "bbox": {
        "x_min": 0.01953125,
        "y_min": 0.53125,
        "x_max": 0.041015625,
        "y_max": 0.55859375
      }
    },
    {
      "char": "四",
      "bbox": {
        "x_min": 0.15625,
        "y_min": 0.08203125,
        "x_max": 0.296875,
        "y_max": 0.2109375
      }
    },
    {
      "char": "一",
      "bbox": {
        "x_min": 0.302734375,
        "y_min": 0.072265625,
        "x_max": 0.365234375,
        "y_max": 0.119140625
      }
    }
  ]
}