{
  "image_filename": "00102.png",
  "visualization_filename": "00102_vis.png",
  "mnist_digits": [
    5,
    5,
    2,
    4,
    5,
    0,
    2,
    5,
    0,
    8,
    0,
    9,
    0,
    3,
    2,
    6,
    3,
    6,
    2,
    5,
    1,
    8
  ],
  "boxes": [
    {
      "char": "百",
      "bbox": {
        "x_min": 0.197265625,
        "y_min": 0.68359375,
        "x_max": 0.439453125,
        "y_max": 0.984375
      }
    },
    {
      "char": "亿",
      "bbox": {
        "x_min": 0.037109375,
        "y_min": 0.84375,
        "x_max": 0.205078125,
        "y_max": 1
      }
    }
  ]
}