{
  "image_filename": "00104.png",
  "visualization_filename": "00104_vis.png",
  "mnist_digits": [
    1,
    0,
    1,
    5,
    4,
    2,
    7,
    7,
    4,
    7,
    2,
    1,
    4,
    1,
    5,
    8,
    1,
    3,
    7,
    0,
    4,
    0,
    1,
    2,
    5
  ],
  "boxes": [
    {
      "char": "七",
      "bbox": {
        "x_min": 0.865234375,
        "y_min": 0.359375,
        "x_max": 0.984375,
        "y_max": 0.462890625
      }
    },
    {
      "char": "六",
      "bbox": {
        "x_min": 0.46875,
        "y_min": 0.501953125,
        "x_max": 0.498046875,
        "y_max": 0.546875
      }
    }
  ]
}