{
  "image_filename": "00113.png",
  "visualization_filename": "00113_vis.png",
  "mnist_digits": [
    7,
    8,
    6,
    7,
    4,
    2,
    0,
    8,
    5,
    8,
    8,
    0,
    0,
    0,
    5,
    6,
    6,
    5,
    0
  ],
  "boxes": [
    {
      "char": "亿",
      "bbox": {
        "x_min": 0.55859375,
        "y_min": 0.318359375,
        "x_max": 0.603515625,
        "y_max": 0.353515625
      }
    },
    {
      "char": "六",
      "bbox": {
        "x_min": 0.861328125,
        "y_min": 0.419921875,
        "x_max": 0.921875,
        "y_max": 0.51171875
      }
    },
    {
      "char": "八",
      "bbox": {
        "x_min": 0.478515625,
        "y_min": 0.1171875,
        "x_max": 0.64453125,
        "y_max": 0.22265625
      }
    },
    {
      "char": "六",
      "bbox": {
        "x_min": 0.556640625,
        "y_min": 0.697265625,
        "x_max": 0.640625,
        "y_max": 0.80859375
      }
    },
    {
      "char": "二",
      "bbox": {
        "x_min": 0.068359375,
        "y_min": 0.65625,
        "x_max": 0.38671875,
        "y_max": 0.861328125
      }
    },
    {
      "char": "千",
      "bbox": {
        "x_min": 0.32421875,
        "y_min": 0.455078125,
        "x_max": 0.48828125,
        "y_max": 0.630859375
      }
    }
  ]
}