{
  "image_filename": "00114.png",
  "visualization_filename": "00114_vis.png",
  "mnist_digits": [
    0,
    8,
    4,
    4,
    9
  ],
  "boxes": [
    {
      "char": "二",
      "bbox": {
        "x_min": 0.728515625,
        "y_min": 0.580078125,
        "x_max": 0.990234375,
        "y_max": 0.732421875
      }
    },
    {
      "char": "四",
      "bbox": {
        "x_min": 0.775390625,
        "y_min": 0.40625,
        "x_max": 0.869140625,
        "y_max": 0.5
      }
    },
    {
      "char": "百",
      "bbox": {
        "x_min": 0.23046875,
        "y_min": 0.478515625,
        "x_max": 0.349609375,
        "y_max": 0.607421875
      }
    },
    {
      "char": "十",
      "bbox": {
        "x_min": 0.220703125,
        "y_min": 0.1015625,
        "x_max": 0.451171875,
        "y_max": 0.36328125
      }
    }
  ]
}