{
  "image_filename": "00110.png",
  "visualization_filename": "00110_vis.png",
  "mnist_digits": [
    1,
    0,
    8,
    9,
    3,
    2,
    2,
    9,
    0,
    9,
    7,
    3,
    8,
    4,
    9,
    4,
    0,
    5,
    4,
    0,
    8
  ],
  "boxes": [
    {
      "char": "二",
      "bbox": {
        "x_min": 0.607421875,
        "y_min": 0.154296875,
        "x_max": 0.802734375,
        "y_max": 0.271484375
      }
    },
    {
      "char": "四",
      "bbox": {
        "x_min": 0.154296875,
        "y_min": 0.873046875,
        "x_max": 0.19140625,
        "y_max": 0.912109375
      }
    },
    {
      "char": "一",
      "bbox": {
        "x_min": 0.36328125,
        "y_min": 0.236328125,
        "x_max": 0.3828125,
        "y_max": 0.244140625
      }
    }
  ]
}