{
  "image_filename": "00112.png",
  "visualization_filename": "00112_vis.png",
  "mnist_digits": [
    0,
    8,
    4,
    6,
    3,
    6,
    5,
    9,
    0,
    8,
    0,
    2,
    5,
    2,
    1,
    9,
    5,
    5,
    4,
    4,
    1,
    1,
    0,
    6,
    5,
    7,
    8,
    0,
    3,
    9
  ],
  "boxes": [
    {
      "char": "六",
      "bbox": {
        "x_min": 0.04296875,
        "y_min": 0.271484375,
        "x_max": 0.267578125,
        "y_max": 0.49609375
      }
    },
    {
      "char": "百",
      "bbox": {
        "x_min": 0.47265625,
        "y_min": 0.294921875,
        "x_max": 0.56640625,
        "y_max": 0.4765625
      }
    }
  ]
}