{
  "image_filename": "00116.png",
  "visualization_filename": "00116_vis.png",
  "mnist_digits": [
    6,
    7,
    5,
    9,
    9,
    3,
    1,
    9,
    7,
    3,
    3,
    0,
    1,
    5,
    5,
    9,
    5,
    5,
    0,
    2,
    6
  ],
  "boxes": [
    {
      "char": "九",
      "bbox": {
        "x_min": 0.169921875,
        "y_min": 0.45703125,
        "x_max": 0.505859375,
        "y_max": 0.80859375
      }
    },
    {
      "char": "十",
      "bbox": {
        "x_min": 0.169921875,
        "y_min": 0.181640625,
        "x_max": 0.37890625,
        "y_max": 0.44140625
      }
    },
    {
      "char": "二",
      "bbox": {
        "x_min": 0.12109375,
        "y_min": 0.09375,
        "x_max": 0.26953125,
        "y_max": 0.1796875
      }
    },
    {
      "char": "百",
      "bbox": {
        "x_min": 0.814453125,
        "y_min": 0.6484375,
        "x_max": 0.869140625,
        "y_max": 0.7421875
      }
    },
    {
      "char": "十",
      "bbox": {
        "x_min": 0.623046875,
        "y_min": 0.43359375,
        "x_max": 0.705078125,
        "y_max": 0.5625
      }
    },
    {
      "char": "六",
      "bbox": {
        "x_min": 0.109375,
        "y_min": 0.052734375,
        "x_max": 0.142578125,
        "y_max": 0.099609375
      }
    }
  ]
}