{
  "image_filename": "00111.png",
  "visualization_filename": "00111_vis.png",
  "mnist_digits": [
    2,
    6,
    1,
    1,
    4,
    0,
    1,
    5,
    4,
    9,
    2,
    5,
    4,
    2,
    9,
    7,
    9,
    8,
    9,
    6,
    0,
    8,
    8,
    3
  ],
  "boxes": [
    {
      "char": "零",
      "bbox": {
        "x_min": 0.505859375,
        "y_min": 0.330078125,
        "x_max": 0.6875,
        "y_max": 0.5703125
      }
    },
    {
      "char": "一",
      "bbox": {
        "x_min": 0.228515625,
        "y_min": 0.50390625,
        "x_max": 0.3671875,
        "y_max": 0.58203125
      }
    },
    {
      "char": "四",
      "bbox": {
        "x_min": 0.025390625,
        "y_min": 0.244140625,
        "x_max": 0.291015625,
        "y_max": 0.486328125
      }
    }
  ]
}