{
  "image_filename": "00118.png",
  "visualization_filename": "00118_vis.png",
  "mnist_digits": [
    2,
    9,
    4,
    1,
    2,
    0,
    9,
    5,
    6,
    9,
    0,
    5,
    7,
    3,
    2,
    4,
    7,
    0
  ],
  "boxes": [
    {
      "char": "百",
      "bbox": {
        "x_min": 0.509765625,
        "y_min": 0.494140625,
        "x_max": 0.689453125,
        "y_max": 0.681640625
      }
    },
    {
      "char": "万",
      "bbox": {
        "x_min": 0.5,
        "y_min": 0.7265625,
        "x_max": 0.640625,
        "y_max": 0.96875
      }
    },
    {
      "char": "七",
      "bbox": {
        "x_min": 0.087890625,
        "y_min": 0.08984375,
        "x_max": 0.431640625,
        "y_max": 0.619140625
      }
    },
    {
      "char": "九",
      "bbox": {
        "x_min": 0.35546875,
        "y_min": 0.611328125,
        "x_max": 0.48046875,
        "y_max": 0.724609375
      }
    },
    {
      "char": "零",
      "bbox": {
        "x_min": 0.7109375,
        "y_min": 0.76953125,
        "x_max": 0.833984375,
        "y_max": 0.998046875
      }
    },
    {
      "char": "二",
      "bbox": {
        "x_min": 0.0390625,
        "y_min": 0.626953125,
        "x_max": 0.1796875,
        "y_max": 0.708984375
      }
    }
  ]
}