{
  "image_filename": "00126.png",
  "visualization_filename": "00126_vis.png",
  "mnist_digits": [
    0,
    5,
    2,
    2,
    1,
    6,
    9,
    7,
    7,
    7,
    6,
    9,
    3
  ],
  "boxes": [
    {
      "char": "亿",
      "bbox": {
        "x_min": 0.71484375,
        "y_min": 0.619140625,
        "x_max": 0.9140625,
        "y_max": 0.82421875
      }
    },
    {
      "char": "九",
      "bbox": {
        "x_min": 0.541015625,
        "y_min": 0.80078125,
        "x_max": 0.765625,
        "y_max": 0.994140625
      }
    },
    {
      "char": "九",
      "bbox": {
        "x_min": 0.8125,
        "y_min": 0.29296875,
        "x_max": 0.875,
        "y_max": 0.349609375
      }
    },
    {
      "char": "五",
      "bbox": {
        "x_min": 0.67578125,
        "y_min": 0.240234375,
        "x_max": 0.7109375,
        "y_max": 0.296875
      }
    },
    {
      "char": "亿",
      "bbox": {
        "x_min": 0.24609375,
        "y_min": 0.13671875,
        "x_max": 0.66796875,
        "y_max": 0.5234375
      }
    }
  ]
}