{
  "image_filename": "00121.png",
  "visualization_filename": "00121_vis.png",
  "mnist_digits": [
    0,
    7,
    6,
    5,
    1,
    9,
    7,
    4,
    2,
    2,
    6,
    3,
    8,
    4,
    9
  ],
  "boxes": [
    {
      "char": "千",
      "bbox": {
        "x_min": 0.05859375,
        "y_min": 0.501953125,
        "x_max": 0.09765625,
        "y_max": 0.55859375
      }
    },
    {
      "char": "九",
      "bbox": {
        "x_min": 0.51953125,
        "y_min": 0.177734375,
        "x_max": 0.921875,
        "y_max": 0.666015625
      }
    }
  ]
}