{
  "image_filename": "00123.png",
  "visualization_filename": "00123_vis.png",
  "mnist_digits": [
    0,
    7,
    5,
    0,
    2,
    8,
    0,
    4,
    6,
    6,
    0,
    6,
    8,
    4,
    1,
    8,
    5,
    5,
    3,
    4,
    2,
    2,
    4,
    9,
    3,
    4,
    3,
    4,
    3,
    7,
    7,
    7
  ],
  "boxes": [
    {
      "char": "亿",
      "bbox": {
        "x_min": 0.748046875,
        "y_min": 0.521484375,
        "x_max": 0.919921875,
        "y_max": 0.6796875
      }
    },
    {
      "char": "六",
      "bbox": {
        "x_min": 0.736328125,
        "y_min": 0.78125,
        "x_max": 0.8359375,
        "y_max": 0.921875
      }
    }
  ]
}