{
  "image_filename": "00127.png",
  "visualization_filename": "00127_vis.png",
  "mnist_digits": [
    2,
    6,
    9,
    2,
    1,
    7,
    3,
    6,
    3,
    5,
    1,
    1,
    7,
    6,
    4,
    2,
    2,
    0,
    4
  ],
  "boxes": [
    {
      "char": "万",
      "bbox": {
        "x_min": 0.46484375,
        "y_min": 0.2265625,
        "x_max": 0.69140625,
        "y_max": 0.4765625
      }
    },
    {
      "char": "百",
      "bbox": {
        "x_min": 0.181640625,
        "y_min": 0.072265625,
        "x_max": 0.263671875,
        "y_max": 0.23046875
      }
    }
  ]
}