{
  "image_filename": "00122.png",
  "visualization_filename": "00122_vis.png",
  "mnist_digits": [
    9,
    1,
    9,
    0,
    9,
    4,
    2,
    1,
    2,
    4,
    1,
    1,
    0,
    9,
    7,
    9,
    1,
    1
  ],
  "boxes": [
    {
      "char": "七",
      "bbox": {
        "x_min": 0.259765625,
        "y_min": 0.337890625,
        "x_max": 0.349609375,
        "y_max": 0.427734375
      }
    },
    {
      "char": "九",
      "bbox": {
        "x_min": 0.6484375,
        "y_min": 0.71484375,
        "x_max": 0.720703125,
        "y_max": 0.787109375
      }
    },
    {
      "char": "亿",
      "bbox": {
        "x_min": 0.62109375,
        "y_min": 0.140625,
        "x_max": 0.8671875,
        "y_max": 0.3984375
      }
    },
    {
      "char": "七",
      "bbox": {
        "x_min": 0.802734375,
        "y_min": 0.62109375,
        "x_max": 0.955078125,
        "y_max": 0.736328125
      }
    }
  ]
}