{
  "image_filename": "00137.png",
  "visualization_filename": "00137_vis.png",
  "mnist_digits": [
    3,
    4,
    1,
    8,
    6,
    8,
    6,
    2,
    6,
    8,
    4,
    0,
    6,
    9,
    3,
    1,
    1
  ],
  "boxes": [
    {
      "char": "一",
      "bbox": {
        "x_min": 0.125,
        "y_min": 0.572265625,
        "x_max": 0.275390625,
        "y_max": 0.63671875
      }
    },
    {
      "char": "二",
      "bbox": {
        "x_min": 0.208984375,
        "y_min": 0.80859375,
        "x_max": 0.443359375,
        "y_max": 0.9375
      }
    },
    {
      "char": "七",
      "bbox": {
        "x_min": 0.060546875,
        "y_min": 0.671875,
        "x_max": 0.212890625,
        "y_max": 0.853515625
      }
    },
    {
      "char": "一",
      "bbox": {
        "x_min": 0.541015625,
        "y_min": 0.6796875,
        "x_max": 0.634765625,
        "y_max": 0.703125
      }
    },
    {
      "char": "四",
      "bbox": {
        "x_min": 0.876953125,
        "y_min": 0.783203125,
        "x_max": 0.96484375,
        "y_max": 0.908203125
      }
    },
    {
      "char": "六",
      "bbox": {
        "x_min": 0.255859375,
        "y_min": 0.439453125,
        "x_max": 0.310546875,
        "y_max": 0.533203125
      }
    },
    {
      "char": "八",
      "bbox": {
        "x_min": 0.111328125,
        "y_min": 0.328125,
        "x_max": 0.24609375,
        "y_max": 0.45703125
      }
    },
    {
      "char": "一",
      "bbox": {
        "x_min": 0.326171875,
        "y_min": 0.5234375,
        "x_max": 0.47265625,
        "y_max": 0.6171875
      }
    }
  ]
}