{
  "image_filename": "00133.png",
  "visualization_filename": "00133_vis.png",
  "mnist_digits": [
    1,
    7,
    6,
    0,
    6,
    0,
    0,
    7,
    6,
    5,
    9,
    2,
    4,
    9,
    0,
    9,
    7,
    2,
    7,
    0,
    4,
    5,
    2,
    3
  ],
  "boxes": [
    {
      "char": "四",
      "bbox": {
        "x_min": 0.099609375,
        "y_min": 0.47265625,
        "x_max": 0.349609375,
        "y_max": 0.76171875
      }
    },
    {
      "char": "八",
      "bbox": {
        "x_min": 0.1875,
        "y_min": 0.22265625,
        "x_max": 0.43359375,
        "y_max": 0.44921875
      }
    },
    {
      "char": "四",
      "bbox": {
        "x_min": 0.583984375,
        "y_min": 0.009765625,
        "x_max": 0.615234375,
        "y_max": 0.046875
      }
    },
    {
      "char": "八",
      "bbox": {
        "x_min": 0.58984375,
        "y_min": 0.84765625,
        "x_max": 0.650390625,
        "y_max": 0.888671875
      }
    },
    {
      "char": "万",
      "bbox": {
        "x_min": 0.76953125,
        "y_min": 0.62109375,
        "x_max": 0.8125,
        "y_max": 0.701171875
      }
    },
    {
      "char": "亿",
      "bbox": {
        "x_min": 0.34375,
        "y_min": 0.072265625,
        "x_max": 0.392578125,
        "y_max": 0.1171875
      }
    }
  ]
}