{
  "image_filename": "00134.png",
  "visualization_filename": "00134_vis.png",
  "mnist_digits": [
    0,
    5,
    4,
    1,
    0,
    6,
    0,
    1,
    3,
    8,
    9,
    0,
    8,
    8,
    1,
    8,
    2,
    6,
    7
  ],
  "boxes": [
    {
      "char": "百",
      "bbox": {
        "x_min": 0.560546875,
        "y_min": 0.291015625,
        "x_max": 0.90625,
        "y_max": 0.759765625
      }
    },
    {
      "char": "四",
      "bbox": {
        "x_min": 0.306640625,
        "y_min": 0.109375,
        "x_max": 0.4375,
        "y_max": 0.201171875
      }
    },
    {
      "char": "十",
      "bbox": {
        "x_min": 0.357421875,
        "y_min": 0.46484375,
        "x_max": 0.41015625,
        "y_max": 0.541015625
      }
    },
    {
      "char": "八",
      "bbox": {
        "x_min": 0.302734375,
        "y_min": 0.63671875,
        "x_max": 0.44921875,
        "y_max": 0.8125
      }
    }
  ]
}