{
  "image_filename": "00135.png",
  "visualization_filename": "00135_vis.png",
  "mnist_digits": [
    4,
    0,
    0,
    7,
    0,
    3,
    1,
    6,
    0,
    9,
    8,
    4,
    5,
    9,
    9,
    7,
    8,
    2,
    2,
    0,
    6,
    8,
    5,
    5
  ],
  "boxes": [
    {
      "char": "四",
      "bbox": {
        "x_min": 0.0859375,
        "y_min": 0.017578125,
        "x_max": 0.1171875,
        "y_max": 0.080078125
      }
    },
    {
      "char": "十",
      "bbox": {
        "x_min": 0.23046875,
        "y_min": 0.546875,
        "x_max": 0.3359375,
        "y_max": 0.646484375
      }
    },
    {
      "char": "三",
      "bbox": {
        "x_min": 0.763671875,
        "y_min": 0.046875,
        "x_max": 0.974609375,
        "y_max": 0.2265625
      }
    }
  ]
}