{
  "image_filename": "00130.png",
  "visualization_filename": "00130_vis.png",
  "mnist_digits": [
    3,
    8,
    5,
    2,
    4,
    9,
    8,
    5,
    0,
    3,
    5,
    3,
    6,
    8,
    0
  ],
  "boxes": [
    {
      "char": "百",
      "bbox": {
        "x_min": 0.6953125,
        "y_min": 0.232421875,
        "x_max": 0.78125,
        "y_max": 0.373046875
      }
    },
    {
      "char": "九",
      "bbox": {
        "x_min": 0.056640625,
        "y_min": 0.1640625,
        "x_max": 0.3125,
        "y_max": 0.38671875
      }
    },
    {
      "char": "五",
      "bbox": {
        "x_min": 0.60546875,
        "y_min": 0.51171875,
        "x_max": 0.8046875,
        "y_max": 0.74609375
      }
    },
    {
      "char": "七",
      "bbox": {
        "x_min": 0.197265625,
        "y_min": 0.1171875,
        "x_max": 0.24609375,
        "y_max": 0.162109375
      }
    },
    {
      "char": "二",
      "bbox": {
        "x_min": 0.826171875,
        "y_min": 0.08203125,
        "x_max": 0.865234375,
        "y_max": 0.14453125
      }
    }
  ]
}