{
  "image_filename": "00131.png",
  "visualization_filename": "00131_vis.png",
  "mnist_digits": [
    2,
    4,
    4,
    1,
    6,
    1,
    9,
    4,
    9,
    9,
    1,
    6,
    5,
    7,
    2,
    1,
    3,
    3,
    3,
    1,
    3,
    3,
    5,
    5,
    4,
    3,
    9,
    1,
    5,
    3,
    1,
    1,
    0,
    1,
    1,
    2,
    6,
    2
  ],
  "boxes": [
    {
      "char": "七",
      "bbox": {
        "x_min": 0.115234375,
        "y_min": 0.25,
        "x_max": 0.26171875,
        "y_max": 0.40234375
      }
    },
    {
      "char": "千",
      "bbox": {
        "x_min": 0.072265625,
        "y_min": 0.431640625,
        "x_max": 0.197265625,
        "y_max": 0.658203125
      }
    }
  ]
}