{
  "image_filename": "00142.png",
  "visualization_filename": "00142_vis.png",
  "mnist_digits": [
    4,
    9,
    0,
    7,
    4,
    0,
    7,
    1,
    5,
    5,
    9,
    0,
    0,
    8,
    2,
    4,
    5,
    1,
    8,
    0,
    3,
    6,
    1,
    5,
    7,
    3,
    9
  ],
  "boxes": [
    {
      "char": "九",
      "bbox": {
        "x_min": 0.181640625,
        "y_min": 0.744140625,
        "x_max": 0.42578125,
        "y_max": 0.98828125
      }
    },
    {
      "char": "四",
      "bbox": {
        "x_min": 0.74609375,
        "y_min": 0.7578125,
        "x_max": 0.77734375,
        "y_max": 0.7890625
      }
    },
    {
      "char": "九",
      "bbox": {
        "x_min": 0.49609375,
        "y_min": 0.00390625,
        "x_max": 0.76953125,
        "y_max": 0.30859375
      }
    },
    {
      "char": "四",
      "bbox": {
        "x_min": 0.708984375,
        "y_min": 0.541015625,
        "x_max": 0.912109375,
        "y_max": 0.763671875
      }
    },
    {
      "char": "三",
      "bbox": {
        "x_min": 0.37890625,
        "y_min": 0.38671875,
        "x_max": 0.48828125,
        "y_max": 0.4765625
      }
    },
    {
      "char": "九",
      "bbox": {
        "x_min": 0.734375,
        "y_min": 0.35546875,
        "x_max": 0.828125,
        "y_max": 0.44921875
      }
    }
  ]
}