{
  "image_filename": "00144.png",
  "visualization_filename": "00144_vis.png",
  "mnist_digits": [
    4,
    4,
    5,
    0,
    1,
    9,
    1,
    1,
    5,
    9,
    7,
    3,
    8,
    4
  ],
  "boxes": [
    {
      "char": "七",
      "bbox": {
        "x_min": 0.265625,
        "y_min": 0.560546875,
        "x_max": 0.34765625,
        "y_max": 0.642578125
      }
    },
    {
      "char": "九",
      "bbox": {
        "x_min": 0.845703125,
        "y_min": 0.724609375,
        "x_max": 0.927734375,
        "y_max": 0.8828125
      }
    },
    {
      "char": "十",
      "bbox": {
        "x_min": 0.32421875,
        "y_min": 0.623046875,
        "x_max": 0.46484375,
        "y_max": 0.78125
      }
    },
    {
      "char": "七",
      "bbox": {
        "x_min": 0.146484375,
        "y_min": 0.09765625,
        "x_max": 0.412109375,
        "y_max": 0.388671875
      }
    },
    {
      "char": "十",
      "bbox": {
        "x_min": 0.203125,
        "y_min": 0.7421875,
        "x_max": 0.2890625,
        "y_max": 0.8515625
      }
    }
  ]
}