{
  "image_filename": "00146.png",
  "visualization_filename": "00146_vis.png",
  "mnist_digits": [
    7,
    4,
    8,
    3,
    8,
    5,
    3,
    2,
    1,
    2,
    0,
    8,
    6,
    3,
    6,
    4,
    3,
    6,
    8,
    2,
    0,
    2,
    2,
    1
  ],
  "boxes": [
    {
      "char": "千",
      "bbox": {
        "x_min": 0.78515625,
        "y_min": 0.875,
        "x_max": 0.869140625,
        "y_max": 0.984375
      }
    },
    {
      "char": "八",
      "bbox": {
        "x_min": 0.931640625,
        "y_min": 0.07421875,
        "x_max": 0.990234375,
        "y_max": 0.12109375
      }
    },
    {
      "char": "四",
      "bbox": {
        "x_min": 0.599609375,
        "y_min": 0.26171875,
        "x_max": 0.734375,
        "y_max": 0.390625
      }
    },
    {
      "char": "九",
      "bbox": {
        "x_min": 0.853515625,
        "y_min": 0.130859375,
        "x_max": 0.982421875,
        "y_max": 0.259765625
      }
    },
    {
      "char": "六",
      "bbox": {
        "x_min": 0.140625,
        "y_min": 0.708984375,
        "x_max": 0.28125,
        "y_max": 0.890625
      }
    },
    {
      "char": "二",
      "bbox": {
        "x_min": 0.04296875,
        "y_min": 0.095703125,
        "x_max": 0.19921875,
        "y_max": 0.212890625
      }
    },
    {
      "char": "一",
      "bbox": {
        "x_min": 0.158203125,
        "y_min": 0.478515625,
        "x_max": 0.458984375,
        "y_max": 0.546875
      }
    },
    {
      "char": "六",
      "bbox": {
        "x_min": 0.8515625,
        "y_min": 0.775390625,
        "x_max": 0.9765625,
        "y_max": 0.900390625
      }
    }
  ]
}