{
  "image_filename": "00143.png",
  "visualization_filename": "00143_vis.png",
  "mnist_digits": [
    4,
    9,
    1,
    6,
    7,
    4,
    5,
    9,
    2,
    1,
    4,
    6,
    5,
    3,
    4,
    9,
    2,
    9,
    9,
    6,
    9
  ],
  "boxes": [
    {
      "char": "九",
      "bbox": {
        "x_min": 0.90625,
        "y_min": 0.74609375,
        "x_max": 0.966796875,
        "y_max": 0.828125
      }
    },
    {
      "char": "七",
      "bbox": {
        "x_min": 0.845703125,
        "y_min": 0.173828125,
        "x_max": 0.884765625,
        "y_max": 0.212890625
      }
    },
    {
      "char": "零",
      "bbox": {
        "x_min": 0.078125,
        "y_min": 0.837890625,
        "x_max": 0.115234375,
        "y_max": 0.9140625
      }
    },
    {
      "char": "四",
      "bbox": {
        "x_min": 0.552734375,
        "y_min": 0.056640625,
        "x_max": 0.607421875,
        "y_max": 0.123046875
      }
    },
    {
      "char": "五",
      "bbox": {
        "x_min": 0.53125,
        "y_min": 0.8046875,
        "x_max": 0.71484375,
        "y_max": 0.962890625
      }
    },
    {
      "char": "千",
      "bbox": {
        "x_min": 0.560546875,
        "y_min": 0.513671875,
        "x_max": 0.693359375,
        "y_max": 0.734375
      }
    },
    {
      "char": "一",
      "bbox": {
        "x_min": 0.150390625,
        "y_min": 0.8359375,
        "x_max": 0.228515625,
        "y_max": 0.8828125
      }
    },
    {
      "char": "八",
      "bbox": {
        "x_min": 0.337890625,
        "y_min": 0.806640625,
        "x_max": 0.419921875,
        "y_max": 0.896484375
      }
    },
    {
      "char": "二",
      "bbox": {
        "x_min": 0.00390625,
        "y_min": 0.705078125,
        "x_max": 0.09765625,
        "y_max": 0.814453125
      }
    },
    {
      "char": "亿",
      "bbox": {
        "x_min": 0.65234375,
        "y_min": 0.244140625,
        "x_max": 0.80859375,
        "y_max": 0.392578125
      }
    }
  ]
}