{
  "image_filename": "00148.png",
  "visualization_filename": "00148_vis.png",
  "mnist_digits": [
    9,
    5,
    8,
    5,
    7,
    0,
    7,
    9
  ],
  "boxes": [
    {
      "char": "零",
      "bbox": {
        "x_min": 0.875,
        "y_min": 0.439453125,
        "x_max": 0.998046875,
        "y_max": 0.66796875
      }
    },
    {
      "char": "亿",
      "bbox": {
        "x_min": 0.525390625,
        "y_min": 0.181640625,
        "x_max": 0.666015625,
        "y_max": 0.361328125
      }
    },
    {
      "char": "三",
      "bbox": {
        "x_min": 0.0234375,
        "y_min": 0.548828125,
        "x_max": 0.06640625,
        "y_max": 0.591796875
      }
    }
  ]
}