{
  "image_filename": "00149.png",
  "visualization_filename": "00149_vis.png",
  "mnist_digits": [
    6,
    8,
    9,
    4,
    0,
    6,
    7,
    0,
    8,
    8,
    4,
    6,
    7,
    1,
    5,
    6,
    2,
    1,
    1,
    1,
    6,
    1
  ],
  "boxes": [
    {
      "char": "七",
      "bbox": {
        "x_min": 0.30859375,
        "y_min": 0.802734375,
        "x_max": 0.40625,
        "y_max": 0.9140625
      }
    },
    {
      "char": "六",
      "bbox": {
        "x_min": 0.578125,
        "y_min": 0.68359375,
        "x_max": 0.75,
        "y_max": 0.87109375
      }
    },
    {
      "char": "一",
      "bbox": {
        "x_min": 0.658203125,
        "y_min": 0.87890625,
        "x_max": 0.705078125,
        "y_max": 0.896484375
      }
    },
    {
      "char": "万",
      "bbox": {
        "x_min": 0.72265625,
        "y_min": 0.197265625,
        "x_max": 0.857421875,
        "y_max": 0.34375
      }
    }
  ]
}