{
  "image_filename": "00145.png",
  "visualization_filename": "00145_vis.png",
  "mnist_digits": [
    4,
    8,
    9,
    8,
    4,
    1,
    8
  ],
  "boxes": [
    {
      "char": "亿",
      "bbox": {
        "x_min": 0.126953125,
        "y_min": 0.44140625,
        "x_max": 0.279296875,
        "y_max": 0.541015625
      }
    },
    {
      "char": "四",
      "bbox": {
        "x_min": 0.806640625,
        "y_min": 0.658203125,
        "x_max": 0.9765625,
        "y_max": 0.833984375
      }
    },
    {
      "char": "三",
      "bbox": {
        "x_min": 0.27734375,
        "y_min": 0.15625,
        "x_max": 0.40234375,
        "y_max": 0.3125
      }
    },
    {
      "char": "六",
      "bbox": {
        "x_min": 0.072265625,
        "y_min": 0.693359375,
        "x_max": 0.267578125,
        "y_max": 0.919921875
      }
    },
    {
      "char": "千",
      "bbox": {
        "x_min": 0.06640625,
        "y_min": 0.619140625,
        "x_max": 0.09765625,
        "y_max": 0.666015625
      }
    },
    {
      "char": "千",
      "bbox": {
        "x_min": 0.279296875,
        "y_min": 0.697265625,
        "x_max": 0.404296875,
        "y_max": 0.830078125
      }
    },
    {
      "char": "亿",
      "bbox": {
        "x_min": 0.69921875,
        "y_min": 0.4140625,
        "x_max": 0.87890625,
        "y_max": 0.59375
      }
    },
    {
      "char": "零",
      "bbox": {
        "x_min": 0.59765625,
        "y_min": 0.396484375,
        "x_max": 0.69140625,
        "y_max": 0.5390625
      }
    }
  ]
}