{
  "image_filename": "00158.png",
  "visualization_filename": "00158_vis.png",
  "mnist_digits": [
    7,
    7,
    8,
    9,
    1,
    1,
    8,
    0,
    5,
    0,
    8,
    4,
    1,
    4,
    1,
    7,
    2,
    5,
    0,
    9,
    3,
    5
  ],
  "boxes": [
    {
      "char": "九",
      "bbox": {
        "x_min": 0.46875,
        "y_min": 0.548828125,
        "x_max": 0.6171875,
        "y_max": 0.701171875
      }
    },
    {
      "char": "零",
      "bbox": {
        "x_min": 0.19921875,
        "y_min": 0.388671875,
        "x_max": 0.466796875,
        "y_max": 0.7109375
      }
    },
    {
      "char": "十",
      "bbox": {
        "x_min": 0.521484375,
        "y_min": 0.853515625,
        "x_max": 0.62109375,
        "y_max": 0.98828125
      }
    },
    {
      "char": "五",
      "bbox": {
        "x_min": 0.650390625,
        "y_min": 0.064453125,
        "x_max": 0.78515625,
        "y_max": 0.17578125
      }
    }
  ]
}