{
  "image_filename": "00157.png",
  "visualization_filename": "00157_vis.png",
  "mnist_digits": [
    1,
    6,
    2,
    3,
    5,
    2,
    0,
    6,
    9,
    7,
    8,
    2,
    4,
    4,
    0,
    4
  ],
  "boxes": [
    {
      "char": "千",
      "bbox": {
        "x_min": 0.79296875,
        "y_min": 0.234375,
        "x_max": 0.853515625,
        "y_max": 0.31640625
      }
    },
    {
      "char": "四",
      "bbox": {
        "x_min": 0.37890625,
        "y_min": 0.619140625,
        "x_max": 0.46875,
        "y_max": 0.712890625
      }
    },
    {
      "char": "千",
      "bbox": {
        "x_min": 0.265625,
        "y_min": 0.349609375,
        "x_max": 0.412109375,
        "y_max": 0.57421875
      }
    }
  ]
}