{
  "image_filename": "00150.png",
  "visualization_filename": "00150_vis.png",
  "mnist_digits": [
    4,
    2,
    0,
    2,
    9,
    9,
    6,
    5,
    5,
    0,
    0,
    0,
    6,
    2
  ],
  "boxes": [
    {
      "char": "十",
      "bbox": {
        "x_min": 0.013671875,
        "y_min": 0.478515625,
        "x_max": 0.4140625,
        "y_max": 0.978515625
      }
    },
    {
      "char": "六",
      "bbox": {
        "x_min": 0.205078125,
        "y_min": 0.08984375,
        "x_max": 0.23046875,
        "y_max": 0.130859375
      }
    },
    {
      "char": "百",
      "bbox": {
        "x_min": 0.791015625,
        "y_min": 0.568359375,
        "x_max": 0.916015625,
        "y_max": 0.748046875
      }
    },
    {
      "char": "二",
      "bbox": {
        "x_min": 0.337890625,
        "y_min": 0.802734375,
        "x_max": 0.5234375,
        "y_max": 0.9609375
      }
    },
    {
      "char": "十",
      "bbox": {
        "x_min": 0.693359375,
        "y_min": 0.03125,
        "x_max": 0.740234375,
        "y_max": 0.103515625
      }
    }
  ]
}