{
  "image_filename": "00151.png",
  "visualization_filename": "00151_vis.png",
  "mnist_digits": [
    1,
    5,
    8,
    7,
    9,
    5,
    0,
    8,
    6,
    8,
    9,
    2,
    6,
    0,
    6,
    0,
    4,
    8,
    5,
    1
  ],
  "boxes": [
    {
      "char": "亿",
      "bbox": {
        "x_min": 0.162109375,
        "y_min": 0.103515625,
        "x_max": 0.341796875,
        "y_max": 0.314453125
      }
    },
    {
      "char": "一",
      "bbox": {
        "x_min": 0.498046875,
        "y_min": 0.869140625,
        "x_max": 0.5859375,
        "y_max": 0.921875
      }
    },
    {
      "char": "四",
      "bbox": {
        "x_min": 0.14453125,
        "y_min": 0.43359375,
        "x_max": 0.220703125,
        "y_max": 0.505859375
      }
    },
    {
      "char": "九",
      "bbox": {
        "x_min": 0.458984375,
        "y_min": 0.1171875,
        "x_max": 0.81640625,
        "y_max": 0.525390625
      }
    }
  ]
}