{
  "image_filename": "00153.png",
  "visualization_filename": "00153_vis.png",
  "mnist_digits": [
    2,
    3,
    2,
    5,
    4,
    3,
    4,
    3,
    2
  ],
  "boxes": [
    {
      "char": "一",
      "bbox": {
        "x_min": 0.07421875,
        "y_min": 0.11328125,
        "x_max": 0.123046875,
        "y_max": 0.130859375
      }
    },
    {
      "char": "九",
      "bbox": {
        "x_min": 0.59765625,
        "y_min": 0.611328125,
        "x_max": 0.7734375,
        "y_max": 0.857421875
      }
    },
    {
      "char": "八",
      "bbox": {
        "x_min": 0.462890625,
        "y_min": 0.01953125,
        "x_max": 0.90625,
        "y_max": 0.5234375
      }
    },
    {
      "char": "零",
      "bbox": {
        "x_min": 0.85546875,
        "y_min": 0.7265625,
        "x_max": 0.892578125,
        "y_max": 0.79296875
      }
    },
    {
      "char": "百",
      "bbox": {
        "x_min": 0.22265625,
        "y_min": 0.744140625,
        "x_max": 0.310546875,
        "y_max": 0.8671875
      }
    },
    {
      "char": "十",
      "bbox": {
        "x_min": 0.69140625,
        "y_min": 0.849609375,
        "x_max": 0.787109375,
        "y_max": 0.98046875
      }
    }
  ]
}