{
  "image_filename": "00155.png",
  "visualization_filename": "00155_vis.png",
  "mnist_digits": [
    2,
    6,
    3,
    4
  ],
  "boxes": [
    {
      "char": "二",
      "bbox": {
        "x_min": 0.462890625,
        "y_min": 0.19921875,
        "x_max": 0.556640625,
        "y_max": 0.26953125
      }
    },
    {
      "char": "九",
      "bbox": {
        "x_min": 0.759765625,
        "y_min": 0.0703125,
        "x_max": 0.935546875,
        "y_max": 0.240234375
      }
    },
    {
      "char": "一",
      "bbox": {
        "x_min": 0.134765625,
        "y_min": 0.8359375,
        "x_max": 0.193359375,
        "y_max": 0.87109375
      }
    },
    {
      "char": "千",
      "bbox": {
        "x_min": 0.59375,
        "y_min": 0.060546875,
        "x_max": 0.623046875,
        "y_max": 0.107421875
      }
    },
    {
      "char": "一",
      "bbox": {
        "x_min": 0.4765625,
        "y_min": 0.7890625,
        "x_max": 0.6640625,
        "y_max": 0.84375
      }
    },
    {
      "char": "六",
      "bbox": {
        "x_min": 0.3671875,
        "y_min": 0.140625,
        "x_max": 0.4140625,
        "y_max": 0.1875
      }
    },
    {
      "char": "十",
      "bbox": {
        "x_min": 0.056640625,
        "y_min": 0.23046875,
        "x_max": 0.404296875,
        "y_max": 0.625
      }
    },
    {
      "char": "八",
      "bbox": {
        "x_min": 0.349609375,
        "y_min": 0.5625,
        "x_max": 0.439453125,
        "y_max": 0.66015625
      }
    },
    {
      "char": "百",
      "bbox": {
        "x_min": 0.775390625,
        "y_min": 0.392578125,
        "x_max": 0.939453125,
        "y_max": 0.62109375
      }
    }
  ]
}