{
  "image_filename": "00154.png",
  "visualization_filename": "00154_vis.png",
  "mnist_digits": [
    5,
    6,
    4,
    9,
    4,
    6,
    0,
    5,
    3,
    1,
    9,
    1,
    3,
    6,
    3,
    1
  ],
  "boxes": [
    {
      "char": "万",
      "bbox": {
        "x_min": 0.85546875,
        "y_min": 0.396484375,
        "x_max": 0.884765625,
        "y_max": 0.44140625
      }
    },
    {
      "char": "七",
      "bbox": {
        "x_min": 0.701171875,
        "y_min": 0.71875,
        "x_max": 0.84765625,
        "y_max": 0.859375
      }
    },
    {
      "char": "亿",
      "bbox": {
        "x_min": 0.60546875,
        "y_min": 0.03125,
        "x_max": 0.65234375,
        "y_max": 0.087890625
      }
    },
    {
      "char": "百",
      "bbox": {
        "x_min": 0.560546875,
        "y_min": 0.1015625,
        "x_max": 0.623046875,
        "y_max": 0.21484375
      }
    },
    {
      "char": "亿",
      "bbox": {
        "x_min": 0.095703125,
        "y_min": 0.625,
        "x_max": 0.541015625,
        "y_max": 0.984375
      }
    }
  ]
}