{
  "image_filename": "00152.png",
  "visualization_filename": "00152_vis.png",
  "mnist_digits": [
    6,
    6,
    5,
    0,
    5,
    9,
    0,
    5,
    1,
    3,
    9,
    3,
    7,
    1,
    3,
    6,
    4,
    9,
    6,
    1,
    5,
    5
  ],
  "boxes": [
    {
      "char": "九",
      "bbox": {
        "x_min": 0.568359375,
        "y_min": 0.091796875,
        "x_max": 0.76171875,
        "y_max": 0.326171875
      }
    },
    {
      "char": "六",
      "bbox": {
        "x_min": 0.208984375,
        "y_min": 0.373046875,
        "x_max": 0.396484375,
        "y_max": 0.607421875
      }
    },
    {
      "char": "五",
      "bbox": {
        "x_min": 0.025390625,
        "y_min": 0.494140625,
        "x_max": 0.150390625,
        "y_max": 0.619140625
      }
    },
    {
      "char": "九",
      "bbox": {
        "x_min": 0.63671875,
        "y_min": 0.36328125,
        "x_max": 0.8125,
        "y_max": 0.52734375
      }
    },
    {
      "char": "八",
      "bbox": {
        "x_min": 0.763671875,
        "y_min": 0.0859375,
        "x_max": 0.849609375,
        "y_max": 0.140625
      }
    }
  ]
}