{
  "image_filename": "00165.png",
  "visualization_filename": "00165_vis.png",
  "mnist_digits": [
    3,
    5,
    8,
    3,
    8,
    9,
    2,
    4,
    8,
    1,
    6,
    4,
    3,
    3,
    3,
    1,
    4,
    3,
    1,
    3,
    1,
    6,
    3
  ],
  "boxes": [
    {
      "char": "七",
      "bbox": {
        "x_min": 0.603515625,
        "y_min": 0.744140625,
        "x_max": 0.869140625,
        "y_max": 0.962890625
      }
    },
    {
      "char": "零",
      "bbox": {
        "x_min": 0.4375,
        "y_min": 0.880859375,
        "x_max": 0.513671875,
        "y_max": 0.970703125
      }
    },
    {
      "char": "十",
      "bbox": {
        "x_min": 0.783203125,
        "y_min": 0.51171875,
        "x_max": 0.98828125,
        "y_max": 0.7578125
      }
    },
    {
      "char": "二",
      "bbox": {
        "x_min": 0.71875,
        "y_min": 0.126953125,
        "x_max": 0.78125,
        "y_max": 0.177734375
      }
    },
    {
      "char": "十",
      "bbox": {
        "x_min": 0.18359375,
        "y_min": 0.84375,
        "x_max": 0.224609375,
        "y_max": 0.8984375
      }
    }
  ]
}