{
  "image_filename": "00162.png",
  "visualization_filename": "00162_vis.png",
  "mnist_digits": [
    4,
    5,
    0,
    0,
    2,
    9,
    5,
    8,
    5,
    1,
    3,
    8,
    9,
    4,
    5,
    0,
    0,
    5,
    0
  ],
  "boxes": [
    {
      "char": "九",
      "bbox": {
        "x_min": 0.015625,
        "y_min": 0.068359375,
        "x_max": 0.140625,
        "y_max": 0.232421875
      }
    },
    {
      "char": "零",
      "bbox": {
        "x_min": 0.564453125,
        "y_min": 0.341796875,
        "x_max": 0.705078125,
        "y_max": 0.59375
      }
    },
    {
      "char": "八",
      "bbox": {
        "x_min": 0.697265625,
        "y_min": 0.228515625,
        "x_max": 0.763671875,
        "y_max": 0.302734375
      }
    },
    {
      "char": "八",
      "bbox": {
        "x_min": 0.27734375,
        "y_min": 0.228515625,
        "x_max": 0.48046875,
        "y_max": 0.447265625
      }
    }
  ]
}