{
  "image_filename": "00166.png",
  "visualization_filename": "00166_vis.png",
  "mnist_digits": [
    9,
    5,
    0,
    3,
    7,
    6,
    2,
    4,
    8,
    9,
    6,
    0,
    3,
    2,
    7,
    1,
    1,
    7,
    3,
    2,
    7,
    0,
    1
  ],
  "boxes": [
    {
      "char": "六",
      "bbox": {
        "x_min": 0.228515625,
        "y_min": 0.359375,
        "x_max": 0.322265625,
        "y_max": 0.458984375
      }
    },
    {
      "char": "万",
      "bbox": {
        "x_min": 0.0078125,
        "y_min": 0.478515625,
        "x_max": 0.107421875,
        "y_max": 0.619140625
      }
    },
    {
      "char": "六",
      "bbox": {
        "x_min": 0.05078125,
        "y_min": 0.314453125,
        "x_max": 0.14453125,
        "y_max": 0.431640625
      }
    },
    {
      "char": "二",
      "bbox": {
        "x_min": 0.87109375,
        "y_min": 0.68359375,
        "x_max": 0.939453125,
        "y_max": 0.736328125
      }
    },
    {
      "char": "一",
      "bbox": {
        "x_min": 0.03515625,
        "y_min": 0.90625,
        "x_max": 0.19921875,
        "y_max": 0.9453125
      }
    },
    {
      "char": "一",
      "bbox": {
        "x_min": 0.212890625,
        "y_min": 0.62890625,
        "x_max": 0.306640625,
        "y_max": 0.65234375
      }
    },
    {
      "char": "亿",
      "bbox": {
        "x_min": 0.73046875,
        "y_min": 0.32421875,
        "x_max": 0.82421875,
        "y_max": 0.46484375
      }
    }
  ]
}