{
  "image_filename": "00168.png",
  "visualization_filename": "00168_vis.png",
  "mnist_digits": [
    2,
    0,
    4,
    7,
    7,
    5,
    4,
    1,
    1,
    7,
    1,
    4,
    1,
    0,
    4
  ],
  "boxes": [
    {
      "char": "八",
      "bbox": {
        "x_min": 0.400390625,
        "y_min": 0.16796875,
        "x_max": 0.650390625,
        "y_max": 0.35546875
      }
    },
    {
      "char": "一",
      "bbox": {
        "x_min": 0.63671875,
        "y_min": 0.962890625,
        "x_max": 0.724609375,
        "y_max": 0.986328125
      }
    },
    {
      "char": "千",
      "bbox": {
        "x_min": 0.025390625,
        "y_min": 0.5859375,
        "x_max": 0.125,
        "y_max": 0.720703125
      }
    }
  ]
}