{
  "image_filename": "00163.png",
  "visualization_filename": "00163_vis.png",
  "mnist_digits": [
    4,
    9,
    4,
    4,
    0,
    5,
    4,
    8,
    9,
    0,
    1,
    6,
    6,
    7,
    7,
    4,
    8,
    6,
    6,
    0,
    5,
    6,
    5,
    7,
    9
  ],
  "boxes": [
    {
      "char": "千",
      "bbox": {
        "x_min": 0.07421875,
        "y_min": 0.419921875,
        "x_max": 0.150390625,
        "y_max": 0.53125
      }
    },
    {
      "char": "一",
      "bbox": {
        "x_min": 0.6328125,
        "y_min": 0.44140625,
        "x_max": 0.86328125,
        "y_max": 0.50390625
      }
    },
    {
      "char": "二",
      "bbox": {
        "x_min": 0.40625,
        "y_min": 0.091796875,
        "x_max": 0.48828125,
        "y_max": 0.169921875
      }
    },
    {
      "char": "十",
      "bbox": {
        "x_min": 0.734375,
        "y_min": 0.166015625,
        "x_max": 0.875,
        "y_max": 0.283203125
      }
    },
    {
      "char": "六",
      "bbox": {
        "x_min": 0.3046875,
        "y_min": 0.740234375,
        "x_max": 0.37109375,
        "y_max": 0.80859375
      }
    },
    {
      "char": "万",
      "bbox": {
        "x_min": 0.2890625,
        "y_min": 0.212890625,
        "x_max": 0.369140625,
        "y_max": 0.447265625
      }
    }
  ]
}