{
  "image_filename": "00164.png",
  "visualization_filename": "00164_vis.png",
  "mnist_digits": [
    2,
    3,
    0,
    0,
    2,
    8,
    2,
    7,
    3,
    5,
    0,
    0,
    2,
    7,
    2,
    5,
    2,
    6,
    4,
    8,
    7,
    6,
    9,
    4,
    2,
    7,
    2,
    7,
    8,
    2,
    1
  ],
  "boxes": [
    {
      "char": "二",
      "bbox": {
        "x_min": 0.611328125,
        "y_min": 0.7109375,
        "x_max": 0.759765625,
        "y_max": 0.8203125
      }
    },
    {
      "char": "一",
      "bbox": {
        "x_min": 0.447265625,
        "y_min": 0.841796875,
        "x_max": 0.564453125,
        "y_max": 0.880859375
      }
    },
    {
      "char": "千",
      "bbox": {
        "x_min": 0.83984375,
        "y_min": 0.64453125,
        "x_max": 0.951171875,
        "y_max": 0.802734375
      }
    },
    {
      "char": "五",
      "bbox": {
        "x_min": 0.4140625,
        "y_min": 0.00390625,
        "x_max": 0.525390625,
        "y_max": 0.115234375
      }
    },
    {
      "char": "千",
      "bbox": {
        "x_min": 0.666015625,
        "y_min": 0.84375,
        "x_max": 0.7890625,
        "y_max": 0.978515625
      }
    }
  ]
}