{
  "image_filename": "00160.png",
  "visualization_filename": "00160_vis.png",
  "mnist_digits": [
    7,
    3,
    7,
    9,
    5,
    4,
    6,
    6,
    3,
    8,
    8,
    7,
    3,
    6,
    7,
    5,
    8,
    7,
    1,
    8,
    9,
    0
  ],
  "boxes": [
    {
      "char": "一",
      "bbox": {
        "x_min": 0.794921875,
        "y_min": 0.91015625,
        "x_max": 0.974609375,
        "y_max": 0.94921875
      }
    },
    {
      "char": "一",
      "bbox": {
        "x_min": 0.705078125,
        "y_min": 0.001953125,
        "x_max": 0.853515625,
        "y_max": 0.03515625
      }
    },
    {
      "char": "二",
      "bbox": {
        "x_min": 0.365234375,
        "y_min": 0.646484375,
        "x_max": 0.4453125,
        "y_max": 0.7578125
      }
    },
    {
      "char": "三",
      "bbox": {
        "x_min": 0.765625,
        "y_min": 0.357421875,
        "x_max": 0.896484375,
        "y_max": 0.439453125
      }
    },
    {
      "char": "一",
      "bbox": {
        "x_min": 0.66796875,
        "y_min": 0.53515625,
        "x_max": 0.84765625,
        "y_max": 0.615234375
      }
    }
  ]
}