{
  "image_filename": "00167.png",
  "visualization_filename": "00167_vis.png",
  "mnist_digits": [
    2,
    7,
    0,
    6,
    6,
    1,
    0,
    1,
    7,
    4,
    4,
    9,
    1,
    2,
    5
  ],
  "boxes": [
    {
      "char": "八",
      "bbox": {
        "x_min": 0.34375,
        "y_min": 0.5390625,
        "x_max": 0.55859375,
        "y_max": 0.681640625
      }
    },
    {
      "char": "万",
      "bbox": {
        "x_min": 0.4140625,
        "y_min": 0.384765625,
        "x_max": 0.490234375,
        "y_max": 0.46484375
      }
    },
    {
      "char": "十",
      "bbox": {
        "x_min": 0.767578125,
        "y_min": 0.48046875,
        "x_max": 0.982421875,
        "y_max": 0.72265625
      }
    },
    {
      "char": "千",
      "bbox": {
        "x_min": 0.560546875,
        "y_min": 0.53125,
        "x_max": 0.583984375,
        "y_max": 0.576171875
      }
    },
    {
      "char": "百",
      "bbox": {
        "x_min": 0.01953125,
        "y_min": 0.1015625,
        "x_max": 0.10546875,
        "y_max": 0.287109375
      }
    },
    {
      "char": "一",
      "bbox": {
        "x_min": 0.279296875,
        "y_min": 0.78125,
        "x_max": 0.611328125,
        "y_max": 0.9140625
      }
    },
    {
      "char": "亿",
      "bbox": {
        "x_min": 0.01171875,
        "y_min": 0.765625,
        "x_max": 0.18359375,
        "y_max": 0.953125
      }
    },
    {
      "char": "零",
      "bbox": {
        "x_min": 0.298828125,
        "y_min": 0.009765625,
        "x_max": 0.439453125,
        "y_max": 0.244140625
      }
    },
    {
      "char": "二",
      "bbox": {
        "x_min": 0.646484375,
        "y_min": 0.55078125,
        "x_max": 0.763671875,
        "y_max": 0.640625
      }
    }
  ]
}