{
  "image_filename": "00169.png",
  "visualization_filename": "00169_vis.png",
  "mnist_digits": [
    3,
    9,
    7,
    3,
    7,
    1,
    4,
    7,
    9,
    4,
    8,
    8,
    6,
    0,
    0,
    8,
    6,
    9,
    7,
    5,
    6
  ],
  "boxes": [
    {
      "char": "五",
      "bbox": {
        "x_min": 0.015625,
        "y_min": 0.4765625,
        "x_max": 0.486328125,
        "y_max": 0.947265625
      }
    },
    {
      "char": "三",
      "bbox": {
        "x_min": 0.6640625,
        "y_min": 0.728515625,
        "x_max": 0.734375,
        "y_max": 0.818359375
      }
    }
  ]
}