{
  "image_filename": "00179.png",
  "visualization_filename": "00179_vis.png",
  "mnist_digits": [
    7,
    2,
    1,
    6,
    2,
    9,
    0,
    8,
    8,
    8,
    6,
    3,
    8,
    5,
    5,
    5,
    7,
    0
  ],
  "boxes": [
    {
      "char": "九",
      "bbox": {
        "x_min": 0.3125,
        "y_min": 0.32421875,
        "x_max": 0.529296875,
        "y_max": 0.7109375
      }
    },
    {
      "char": "三",
      "bbox": {
        "x_min": 0.525390625,
        "y_min": 0.6875,
        "x_max": 0.693359375,
        "y_max": 0.85546875
      }
    }
  ]
}