{
  "image_filename": "00170.png",
  "visualization_filename": "00170_vis.png",
  "mnist_digits": [
    9,
    5,
    1,
    1,
    4,
    1,
    5,
    8,
    3,
    9,
    7,
    2,
    4,
    1,
    3,
    3,
    5,
    7,
    6,
    6,
    8,
    9,
    0,
    6,
    4,
    6,
    7,
    1
  ],
  "boxes": [
    {
      "char": "八",
      "bbox": {
        "x_min": 0.3203125,
        "y_min": 0.291015625,
        "x_max": 0.515625,
        "y_max": 0.525390625
      }
    },
    {
      "char": "九",
      "bbox": {
        "x_min": 0.78125,
        "y_min": 0.16796875,
        "x_max": 0.87109375,
        "y_max": 0.26171875
      }
    },
    {
      "char": "七",
      "bbox": {
        "x_min": 0.306640625,
        "y_min": 0.875,
        "x_max": 0.400390625,
        "y_max": 0.96484375
      }
    }
  ]
}