{
  "image_filename": "00177.png",
  "visualization_filename": "00177_vis.png",
  "mnist_digits": [
    2,
    7,
    8,
    2,
    5,
    2,
    4,
    5,
    1,
    5,
    0,
    3,
    9,
    5,
    8,
    0,
    7,
    3,
    6
  ],
  "boxes": [
    {
      "char": "三",
      "bbox": {
        "x_min": 0.41796875,
        "y_min": 0.390625,
        "x_max": 0.6171875,
        "y_max": 0.607421875
      }
    },
    {
      "char": "四",
      "bbox": {
        "x_min": 0.544921875,
        "y_min": 0.12109375,
        "x_max": 0.58203125,
        "y_max": 0.14453125
      }
    },
    {
      "char": "亿",
      "bbox": {
        "x_min": 0.05859375,
        "y_min": 0.818359375,
        "x_max": 0.17578125,
        "y_max": 0.943359375
      }
    },
    {
      "char": "千",
      "bbox": {
        "x_min": 0.818359375,
        "y_min": 0.326171875,
        "x_max": 0.912109375,
        "y_max": 0.5078125
      }
    }
  ]
}