{
  "image_filename": "00176.png",
  "visualization_filename": "00176_vis.png",
  "mnist_digits": [
    6,
    2,
    1,
    8,
    3,
    4,
    0,
    4,
    1,
    0,
    3,
    9,
    1,
    2,
    1,
    7,
    5,
    8,
    5,
    2,
    8,
    8,
    8
  ],
  "boxes": [
    {
      "char": "七",
      "bbox": {
        "x_min": 0.6875,
        "y_min": 0.4375,
        "x_max": 0.78515625,
        "y_max": 0.53515625
      }
    },
    {
      "char": "十",
      "bbox": {
        "x_min": 0.701171875,
        "y_min": 0.447265625,
        "x_max": 0.888671875,
        "y_max": 0.755859375
      }
    },
    {
      "char": "六",
      "bbox": {
        "x_min": 0.095703125,
        "y_min": 0.2734375,
        "x_max": 0.3671875,
        "y_max": 0.681640625
      }
    },
    {
      "char": "万",
      "bbox": {
        "x_min": 0.05859375,
        "y_min": 0.6875,
        "x_max": 0.2265625,
        "y_max": 0.951171875
      }
    },
    {
      "char": "三",
      "bbox": {
        "x_min": 0.390625,
        "y_min": 0.080078125,
        "x_max": 0.619140625,
        "y_max": 0.208984375
      }
    },
    {
      "char": "一",
      "bbox": {
        "x_min": 0.783203125,
        "y_min": 0.759765625,
        "x_max": 0.814453125,
        "y_max": 0.77734375
      }
    }
  ]
}