{
  "image_filename": "00174.png",
  "visualization_filename": "00174_vis.png",
  "mnist_digits": [
    9,
    1,
    5,
    8,
    8,
    1,
    7,
    4,
    1,
    3,
    7,
    9,
    1,
    2,
    1,
    8,
    1
  ],
  "boxes": [
    {
      "char": "二",
      "bbox": {
        "x_min": 0.265625,
        "y_min": 0.130859375,
        "x_max": 0.9140625,
        "y_max": 0.568359375
      }
    },
    {
      "char": "八",
      "bbox": {
        "x_min": 0.904296875,
        "y_min": 0.302734375,
        "x_max": 0.955078125,
        "y_max": 0.34765625
      }
    },
    {
      "char": "二",
      "bbox": {
        "x_min": 0.412109375,
        "y_min": 0.720703125,
        "x_max": 0.55859375,
        "y_max": 0.84765625
      }
    },
    {
      "char": "三",
      "bbox": {
        "x_min": 0.216796875,
        "y_min": 0.904296875,
        "x_max": 0.25390625,
        "y_max": 0.947265625
      }
    }
  ]
}