{
  "image_filename": "00178.png",
  "visualization_filename": "00178_vis.png",
  "mnist_digits": [
    7,
    1,
    0,
    4,
    2,
    3,
    8,
    5,
    6,
    4,
    3,
    9,
    9,
    3,
    6,
    5,
    8,
    1,
    1,
    6,
    8,
    5,
    1,
    9
  ],
  "boxes": [
    {
      "char": "九",
      "bbox": {
        "x_min": 0.435546875,
        "y_min": 0.203125,
        "x_max": 0.859375,
        "y_max": 0.654296875
      }
    },
    {
      "char": "零",
      "bbox": {
        "x_min": 0.697265625,
        "y_min": 0.087890625,
        "x_max": 0.763671875,
        "y_max": 0.19140625
      }
    },
    {
      "char": "六",
      "bbox": {
        "x_min": 0.12109375,
        "y_min": 0.041015625,
        "x_max": 0.302734375,
        "y_max": 0.22265625
      }
    },
    {
      "char": "一",
      "bbox": {
        "x_min": 0.07421875,
        "y_min": 0.822265625,
        "x_max": 0.11328125,
        "y_max": 0.837890625
      }
    },
    {
      "char": "零",
      "bbox": {
        "x_min": 0.162109375,
        "y_min": 0.4453125,
        "x_max": 0.30859375,
        "y_max": 0.6796875
      }
    },
    {
      "char": "七",
      "bbox": {
        "x_min": 0.193359375,
        "y_min": 0.255859375,
        "x_max": 0.380859375,
        "y_max": 0.443359375
      }
    },
    {
      "char": "九",
      "bbox": {
        "x_min": 0.767578125,
        "y_min": 0.10546875,
        "x_max": 0.892578125,
        "y_max": 0.29296875
      }
    }
  ]
}