{
  "image_filename": "00175.png",
  "visualization_filename": "00175_vis.png",
  "mnist_digits": [
    6,
    0,
    7,
    9,
    3,
    9,
    6,
    3,
    6,
    8,
    9,
    5,
    5,
    0,
    3,
    0,
    9
  ],
  "boxes": [
    {
      "char": "八",
      "bbox": {
        "x_min": 0.41796875,
        "y_min": 0.271484375,
        "x_max": 0.84375,
        "y_max": 0.919921875
      }
    },
    {
      "char": "六",
      "bbox": {
        "x_min": 0.482421875,
        "y_min": 0.052734375,
        "x_max": 0.580078125,
        "y_max": 0.169921875
      }
    }
  ]
}