{
  "image_filename": "00183.png",
  "visualization_filename": "00183_vis.png",
  "mnist_digits": [
    2,
    9,
    6,
    2,
    3,
    9,
    4,
    4,
    5,
    8,
    9,
    6,
    7,
    0,
    6,
    1,
    0,
    1,
    1,
    7,
    7,
    8,
    8
  ],
  "boxes": [
    {
      "char": "二",
      "bbox": {
        "x_min": 0.70703125,
        "y_min": 0.58984375,
        "x_max": 0.83984375,
        "y_max": 0.66015625
      }
    },
    {
      "char": "二",
      "bbox": {
        "x_min": 0.43359375,
        "y_min": 0,
        "x_max": 0.60546875,
        "y_max": 0.171875
      }
    }
  ]
}