{
  "image_filename": "00182.png",
  "visualization_filename": "00182_vis.png",
  "mnist_digits": [
    4,
    2,
    5,
    7,
    4,
    0,
    6,
    6,
    3,
    2,
    9,
    1,
    8,
    5,
    0
  ],
  "boxes": [
    {
      "char": "亿",
      "bbox": {
        "x_min": 0.138671875,
        "y_min": 0.1171875,
        "x_max": 0.453125,
        "y_max": 0.443359375
      }
    },
    {
      "char": "六",
      "bbox": {
        "x_min": 0.39453125,
        "y_min": 0.427734375,
        "x_max": 0.744140625,
        "y_max": 0.837890625
      }
    }
  ]
}