{
  "image_filename": "00187.png",
  "visualization_filename": "00187_vis.png",
  "mnist_digits": [
    3,
    0,
    2,
    7,
    0,
    0,
    8,
    6,
    8,
    4,
    0,
    3,
    9,
    7,
    3,
    6,
    9,
    9,
    5,
    2,
    4,
    0,
    5,
    0,
    7
  ],
  "boxes": [
    {
      "char": "百",
      "bbox": {
        "x_min": 0.115234375,
        "y_min": 0.15625,
        "x_max": 0.388671875,
        "y_max": 0.587890625
      }
    },
    {
      "char": "四",
      "bbox": {
        "x_min": 0.330078125,
        "y_min": 0.095703125,
        "x_max": 0.3828125,
        "y_max": 0.150390625
      }
    },
    {
      "char": "万",
      "bbox": {
        "x_min": 0.484375,
        "y_min": 0.57421875,
        "x_max": 0.521484375,
        "y_max": 0.623046875
      }
    },
    {
      "char": "亿",
      "bbox": {
        "x_min": 0.5234375,
        "y_min": 0.427734375,
        "x_max": 0.7734375,
        "y_max": 0.66796875
      }
    },
    {
      "char": "五",
      "bbox": {
        "x_min": 0.220703125,
        "y_min": 0.755859375,
        "x_max": 0.392578125,
        "y_max": 0.927734375
      }
    },
    {
      "char": "七",
      "bbox": {
        "x_min": 0.63671875,
        "y_min": 0.017578125,
        "x_max": 0.7265625,
        "y_max": 0.138671875
      }
    }
  ]
}