{
  "image_filename": "00184.png",
  "visualization_filename": "00184_vis.png",
  "mnist_digits": [
    2,
    5,
    1,
    3,
    6,
    3,
    9,
    2,
    7,
    8,
    1,
    2,
    5,
    3,
    2,
    0,
    6,
    8,
    7,
    1,
    1,
    2,
    3,
    0,
    9,
    5,
    6,
    1,
    1,
    2
  ],
  "boxes": [
    {
      "char": "千",
      "bbox": {
        "x_min": 0.59765625,
        "y_min": 0.798828125,
        "x_max": 0.65625,
        "y_max": 0.876953125
      }
    },
    {
      "char": "九",
      "bbox": {
        "x_min": 0.8515625,
        "y_min": 0.19921875,
        "x_max": 0.974609375,
        "y_max": 0.29296875
      }
    },
    {
      "char": "二",
      "bbox": {
        "x_min": 0.001953125,
        "y_min": 0.51953125,
        "x_max": 0.171875,
        "y_max": 0.619140625
      }
    }
  ]
}