{
  "image_filename": "00180.png",
  "visualization_filename": "00180_vis.png",
  "mnist_digits": [
    0,
    3,
    7,
    1,
    1,
    7,
    5,
    6,
    3,
    2,
    4,
    6,
    6,
    1,
    8,
    3,
    1,
    0,
    1,
    1,
    2,
    1,
    2,
    9,
    0
  ],
  "boxes": [
    {
      "char": "百",
      "bbox": {
        "x_min": 0.498046875,
        "y_min": 0.13671875,
        "x_max": 0.607421875,
        "y_max": 0.31640625
      }
    },
    {
      "char": "三",
      "bbox": {
        "x_min": 0.33203125,
        "y_min": 0.34765625,
        "x_max": 0.376953125,
        "y_max": 0.38671875
      }
    },
    {
      "char": "三",
      "bbox": {
        "x_min": 0.1015625,
        "y_min": 0.373046875,
        "x_max": 0.224609375,
        "y_max": 0.48046875
      }
    },
    {
      "char": "五",
      "bbox": {
        "x_min": 0.583984375,
        "y_min": 0.73828125,
        "x_max": 0.708984375,
        "y_max": 0.88671875
      }
    },
    {
      "char": "六",
      "bbox": {
        "x_min": 0.8515625,
        "y_min": 0.26171875,
        "x_max": 0.892578125,
        "y_max": 0.328125
      }
    },
    {
      "char": "四",
      "bbox": {
        "x_min": 0.0859375,
        "y_min": 0.630859375,
        "x_max": 0.216796875,
        "y_max": 0.72265625
      }
    },
    {
      "char": "十",
      "bbox": {
        "x_min": 0.705078125,
        "y_min": 0.345703125,
        "x_max": 0.818359375,
        "y_max": 0.50390625
      }
    },
    {
      "char": "七",
      "bbox": {
        "x_min": 0.01953125,
        "y_min": 0.248046875,
        "x_max": 0.09375,
        "y_max": 0.330078125
      }
    }
  ]
}