{
  "image_filename": "00186.png",
  "visualization_filename": "00186_vis.png",
  "mnist_digits": [
    8,
    4,
    4,
    5,
    1,
    3,
    4,
    0,
    0,
    1,
    5,
    9,
    9,
    2,
    0,
    3,
    1,
    7,
    5,
    4,
    6,
    1,
    1,
    9,
    4,
    8,
    2,
    7
  ],
  "boxes": [
    {
      "char": "千",
      "bbox": {
        "x_min": 0.4609375,
        "y_min": 0.3046875,
        "x_max": 0.876953125,
        "y_max": 0.880859375
      }
    },
    {
      "char": "千",
      "bbox": {
        "x_min": 0.232421875,
        "y_min": 0.74609375,
        "x_max": 0.326171875,
        "y_max": 0.9140625
      }
    },
    {
      "char": "零",
      "bbox": {
        "x_min": 0.224609375,
        "y_min": 0.173828125,
        "x_max": 0.4453125,
        "y_max": 0.533203125
      }
    }
  ]
}