{
  "image_filename": "00189.png",
  "visualization_filename": "00189_vis.png",
  "mnist_digits": [
    0,
    1,
    4,
    9,
    9,
    8,
    1,
    9,
    7,
    1,
    9,
    7,
    8,
    1,
    7,
    9,
    2,
    2,
    0,
    0,
    2,
    2
  ],
  "boxes": [
    {
      "char": "七",
      "bbox": {
        "x_min": 0.375,
        "y_min": 0.400390625,
        "x_max": 0.51171875,
        "y_max": 0.548828125
      }
    },
    {
      "char": "零",
      "bbox": {
        "x_min": 0.69140625,
        "y_min": 0.419921875,
        "x_max": 0.87109375,
        "y_max": 0.724609375
      }
    },
    {
      "char": "七",
      "bbox": {
        "x_min": 0.716796875,
        "y_min": 0.263671875,
        "x_max": 0.904296875,
        "y_max": 0.404296875
      }
    }
  ]
}