{
  "image_filename": "00188.png",
  "visualization_filename": "00188_vis.png",
  "mnist_digits": [
    1,
    8,
    8,
    1,
    1,
    8,
    1,
    6,
    2,
    3
  ],
  "boxes": [
    {
      "char": "八",
      "bbox": {
        "x_min": 0.259765625,
        "y_min": 0.0546875,
        "x_max": 0.318359375,
        "y_max": 0.10546875
      }
    },
    {
      "char": "二",
      "bbox": {
        "x_min": 0.072265625,
        "y_min": 0.685546875,
        "x_max": 0.306640625,
        "y_max": 0.841796875
      }
    },
    {
      "char": "十",
      "bbox": {
        "x_min": 0.1328125,
        "y_min": 0.1953125,
        "x_max": 0.421875,
        "y_max": 0.53125
      }
    },
    {
      "char": "一",
      "bbox": {
        "x_min": 0.84765625,
        "y_min": 0.388671875,
        "x_max": 0.95703125,
        "y_max": 0.427734375
      }
    },
    {
      "char": "四",
      "bbox": {
        "x_min": 0.52734375,
        "y_min": 0.49609375,
        "x_max": 0.689453125,
        "y_max": 0.71484375
      }
    }
  ]
}