{
  "image_filename": "00181.png",
  "visualization_filename": "00181_vis.png",
  "mnist_digits": [
    6,
    1,
    5,
    9,
    8,
    2,
    7,
    7,
    3,
    1,
    7,
    1,
    6,
    4,
    2,
    0,
    9,
    1,
    8,
    7,
    6
  ],
  "boxes": [
    {
      "char": "亿",
      "bbox": {
        "x_min": 0.19921875,
        "y_min": 0.068359375,
        "x_max": 0.5234375,
        "y_max": 0.365234375
      }
    },
    {
      "char": "零",
      "bbox": {
        "x_min": 0.447265625,
        "y_min": 0.595703125,
        "x_max": 0.482421875,
        "y_max": 0.66015625
      }
    }
  ]
}