{
  "image_filename": "00195.png",
  "visualization_filename": "00195_vis.png",
  "mnist_digits": [
    9,
    1,
    8,
    6,
    9,
    4
  ],
  "boxes": [
    {
      "char": "五",
      "bbox": {
        "x_min": 0.10546875,
        "y_min": 0.892578125,
        "x_max": 0.185546875,
        "y_max": 0.970703125
      }
    },
    {
      "char": "十",
      "bbox": {
        "x_min": 0.345703125,
        "y_min": 0.01171875,
        "x_max": 0.494140625,
        "y_max": 0.1875
      }
    },
    {
      "char": "二",
      "bbox": {
        "x_min": 0.91015625,
        "y_min": 0.673828125,
        "x_max": 0.96484375,
        "y_max": 0.697265625
      }
    },
    {
      "char": "百",
      "bbox": {
        "x_min": 0.38671875,
        "y_min": 0.1953125,
        "x_max": 0.486328125,
        "y_max": 0.41796875
      }
    },
    {
      "char": "三",
      "bbox": {
        "x_min": 0.03125,
        "y_min": 0.568359375,
        "x_max": 0.171875,
        "y_max": 0.669921875
      }
    },
    {
      "char": "三",
      "bbox": {
        "x_min": 0.56640625,
        "y_min": 0.681640625,
        "x_max": 0.609375,
        "y_max": 0.728515625
      }
    },
    {
      "char": "一",
      "bbox": {
        "x_min": 0.345703125,
        "y_min": 0.416015625,
        "x_max": 0.52734375,
        "y_max": 0.513671875
      }
    },
    {
      "char": "三",
      "bbox": {
        "x_min": 0.828125,
        "y_min": 0.34765625,
        "x_max": 0.875,
        "y_max": 0.384765625
      }
    }
  ]
}