{
  "image_filename": "00191.png",
  "visualization_filename": "00191_vis.png",
  "mnist_digits": [
    6,
    9,
    5,
    2,
    4,
    8,
    5,
    3,
    6,
    4,
    5,
    0,
    0,
    0,
    3,
    5,
    9,
    2,
    1,
    2,
    0,
    6,
    7,
    9,
    9,
    2,
    8,
    9,
    0
  ],
  "boxes": [
    {
      "char": "八",
      "bbox": {
        "x_min": 0.47265625,
        "y_min": 0.287109375,
        "x_max": 0.59765625,
        "y_max": 0.408203125
      }
    },
    {
      "char": "三",
      "bbox": {
        "x_min": 0.3046875,
        "y_min": 0.693359375,
        "x_max": 0.3984375,
        "y_max": 0.767578125
      }
    }
  ]
}