{
  "image_filename": "00193.png",
  "visualization_filename": "00193_vis.png",
  "mnist_digits": [
    1,
    3,
    2,
    2,
    7,
    5,
    7,
    0,
    7,
    9,
    9,
    7,
    0,
    1,
    8,
    5,
    5,
    3,
    8,
    5,
    4,
    1,
    0,
    2,
    5
  ],
  "boxes": [
    {
      "char": "三",
      "bbox": {
        "x_min": 0.9296875,
        "y_min": 0.08203125,
        "x_max": 1,
        "y_max": 0.13671875
      }
    },
    {
      "char": "一",
      "bbox": {
        "x_min": 0.28125,
        "y_min": 0.830078125,
        "x_max": 0.53125,
        "y_max": 0.939453125
      }
    },
    {
      "char": "四",
      "bbox": {
        "x_min": 0.1328125,
        "y_min": 0.662109375,
        "x_max": 0.2578125,
        "y_max": 0.779296875
      }
    },
    {
      "char": "一",
      "bbox": {
        "x_min": 0.5390625,
        "y_min": 0.595703125,
        "x_max": 0.572265625,
        "y_max": 0.60546875
      }
    },
    {
      "char": "七",
      "bbox": {
        "x_min": 0.619140625,
        "y_min": 0.734375,
        "x_max": 0.73828125,
        "y_max": 0.84375
      }
    },
    {
      "char": "亿",
      "bbox": {
        "x_min": 0.130859375,
        "y_min": 0.181640625,
        "x_max": 0.544921875,
        "y_max": 0.595703125
      }
    }
  ]
}