{
  "image_filename": "00196.png",
  "visualization_filename": "00196_vis.png",
  "mnist_digits": [
    0,
    2,
    9,
    7,
    8,
    2,
    9,
    3,
    8,
    7
  ],
  "boxes": [
    {
      "char": "六",
      "bbox": {
        "x_min": 0.189453125,
        "y_min": 0.423828125,
        "x_max": 0.43359375,
        "y_max": 0.732421875
      }
    },
    {
      "char": "四",
      "bbox": {
        "x_min": 0.529296875,
        "y_min": 0.431640625,
        "x_max": 0.86328125,
        "y_max": 0.740234375
      }
    },
    {
      "char": "万",
      "bbox": {
        "x_min": 0.904296875,
        "y_min": 0.40234375,
        "x_max": 0.943359375,
        "y_max": 0.4453125
      }
    },
    {
      "char": "七",
      "bbox": {
        "x_min": 0.810546875,
        "y_min": 0.01953125,
        "x_max": 0.951171875,
        "y_max": 0.1484375
      }
    },
    {
      "char": "七",
      "bbox": {
        "x_min": 0.556640625,
        "y_min": 0.0078125,
        "x_max": 0.59765625,
        "y_max": 0.04296875
      }
    },
    {
      "char": "零",
      "bbox": {
        "x_min": 0.615234375,
        "y_min": 0.759765625,
        "x_max": 0.732421875,
        "y_max": 0.939453125
      }
    }
  ]
}