{
  "image_filename": "00194.png",
  "visualization_filename": "00194_vis.png",
  "mnist_digits": [
    2,
    3,
    9,
    9,
    0,
    2,
    3,
    3,
    3,
    8,
    8,
    5,
    9,
    4,
    0,
    5,
    3,
    5,
    0,
    4,
    6,
    1,
    7,
    4,
    4,
    3,
    0
  ],
  "boxes": [
    {
      "char": "十",
      "bbox": {
        "x_min": 0.12109375,
        "y_min": 0.1171875,
        "x_max": 0.255859375,
        "y_max": 0.263671875
      }
    },
    {
      "char": "一",
      "bbox": {
        "x_min": 0.064453125,
        "y_min": 0.88671875,
        "x_max": 0.19921875,
        "y_max": 0.93359375
      }
    },
    {
      "char": "四",
      "bbox": {
        "x_min": 0.6640625,
        "y_min": 0.431640625,
        "x_max": 0.767578125,
        "y_max": 0.560546875
      }
    }
  ]
}