{
  "image_filename": "00197.png",
  "visualization_filename": "00197_vis.png",
  "mnist_digits": [
    8,
    3,
    8,
    5,
    1,
    9,
    5,
    7,
    2,
    8,
    1,
    6,
    4,
    9,
    8,
    5,
    2,
    4,
    3,
    6,
    5,
    2,
    1,
    6,
    7,
    0,
    1,
    3,
    0,
    3,
    6,
    1,
    2,
    8,
    9
  ],
  "boxes": [
    {
      "char": "一",
      "bbox": {
        "x_min": 0.251953125,
        "y_min": 0.03125,
        "x_max": 0.4453125,
        "y_max": 0.099609375
      }
    },
    {
      "char": "十",
      "bbox": {
        "x_min": 0.83203125,
        "y_min": 0.44921875,
        "x_max": 0.99609375,
        "y_max": 0.67578125
      }
    }
  ]
}