{
  "image_filename": "00192.png",
  "visualization_filename": "00192_vis.png",
  "mnist_digits": [
    7,
    2,
    4,
    4,
    6,
    1,
    9,
    7,
    9,
    1,
    3,
    9,
    7,
    0,
    0,
    7,
    8,
    1,
    6,
    0,
    8,
    3,
    2,
    9,
    4,
    6
  ],
  "boxes": [
    {
      "char": "零",
      "bbox": {
        "x_min": 0.125,
        "y_min": 0.15625,
        "x_max": 0.265625,
        "y_max": 0.4140625
      }
    },
    {
      "char": "二",
      "bbox": {
        "x_min": 0.375,
        "y_min": 0.0390625,
        "x_max": 0.462890625,
        "y_max": 0.12109375
      }
    }
  ]
}