{
  "image_filename": "00208.png",
  "visualization_filename": "00208_vis.png",
  "mnist_digits": [
    0,
    2,
    0,
    7,
    1,
    5,
    5,
    2,
    0,
    6,
    5,
    0,
    2,
    6
  ],
  "boxes": [
    {
      "char": "四",
      "bbox": {
        "x_min": 0.15625,
        "y_min": 0.283203125,
        "x_max": 0.3828125,
        "y_max": 0.478515625
      }
    },
    {
      "char": "零",
      "bbox": {
        "x_min": 0.48046875,
        "y_min": 0.18359375,
        "x_max": 0.78515625,
        "y_max": 0.90625
      }
    }
  ]
}