{
  "image_filename": "00200.png",
  "visualization_filename": "00200_vis.png",
  "mnist_digits": [
    0,
    9,
    0,
    9,
    7,
    6,
    4,
    4,
    9,
    6,
    1,
    9,
    2,
    0,
    3,
    0,
    4
  ],
  "boxes": [
    {
      "char": "二",
      "bbox": {
        "x_min": 0.46484375,
        "y_min": 0.76171875,
        "x_max": 0.51953125,
        "y_max": 0.8359375
      }
    },
    {
      "char": "八",
      "bbox": {
        "x_min": 0.236328125,
        "y_min": 0.83984375,
        "x_max": 0.353515625,
        "y_max": 0.94921875
      }
    },
    {
      "char": "四",
      "bbox": {
        "x_min": 0.7421875,
        "y_min": 0.8828125,
        "x_max": 0.80859375,
        "y_max": 0.9375
      }
    },
    {
      "char": "四",
      "bbox": {
        "x_min": 0.857421875,
        "y_min": 0.205078125,
        "x_max": 0.9296875,
        "y_max": 0.29296875
      }
    },
    {
      "char": "一",
      "bbox": {
        "x_min": 0.28125,
        "y_min": 0.271484375,
        "x_max": 0.6328125,
        "y_max": 0.634765625
      }
    },
    {
      "char": "七",
      "bbox": {
        "x_min": 0.37109375,
        "y_min": 0.875,
        "x_max": 0.484375,
        "y_max": 0.99609375
      }
    },
    {
      "char": "十",
      "bbox": {
        "x_min": 0.658203125,
        "y_min": 0.1171875,
        "x_max": 0.728515625,
        "y_max": 0.181640625
      }
    },
    {
      "char": "百",
      "bbox": {
        "x_min": 0.029296875,
        "y_min": 0.58984375,
        "x_max": 0.169921875,
        "y_max": 0.771484375
      }
    }
  ]
}