{
  "image_filename": "00202.png",
  "visualization_filename": "00202_vis.png",
  "mnist_digits": [
    6,
    9,
    0,
    8,
    8,
    8,
    0,
    2,
    3,
    1,
    0,
    8,
    4,
    4,
    1
  ],
  "boxes": [
    {
      "char": "一",
      "bbox": {
        "x_min": 0.91015625,
        "y_min": 0.375,
        "x_max": 0.953125,
        "y_max": 0.38671875
      }
    },
    {
      "char": "四",
      "bbox": {
        "x_min": 0.67578125,
        "y_min": 0.625,
        "x_max": 0.84765625,
        "y_max": 0.796875
      }
    },
    {
      "char": "八",
      "bbox": {
        "x_min": 0.05859375,
        "y_min": 0.013671875,
        "x_max": 0.4609375,
        "y_max": 0.640625
      }
    }
  ]
}