{
  "image_filename": "00204.png",
  "visualization_filename": "00204_vis.png",
  "mnist_digits": [
    0,
    2,
    1,
    5,
    2,
    2,
    8,
    7,
    0,
    0,
    4,
    4,
    6,
    3,
    0,
    4,
    5,
    6,
    4,
    9,
    7,
    2,
    1,
    7,
    4,
    4,
    9,
    3,
    5,
    4,
    4
  ],
  "boxes": [
    {
      "char": "百",
      "bbox": {
        "x_min": 0.787109375,
        "y_min": 0.1953125,
        "x_max": 0.826171875,
        "y_max": 0.248046875
      }
    },
    {
      "char": "九",
      "bbox": {
        "x_min": 0.935546875,
        "y_min": 0.763671875,
        "x_max": 0.994140625,
        "y_max": 0.857421875
      }
    },
    {
      "char": "三",
      "bbox": {
        "x_min": 0.1484375,
        "y_min": 0.630859375,
        "x_max": 0.21875,
        "y_max": 0.724609375
      }
    }
  ]
}