{
  "image_filename": "00201.png",
  "visualization_filename": "00201_vis.png",
  "mnist_digits": [
    7,
    7,
    1,
    3,
    5,
    4,
    6,
    1,
    6,
    1,
    7,
    5,
    8
  ],
  "boxes": [
    {
      "char": "万",
      "bbox": {
        "x_min": 0.69140625,
        "y_min": 0.001953125,
        "x_max": 0.80859375,
        "y_max": 0.189453125
      }
    },
    {
      "char": "万",
      "bbox": {
        "x_min": 0.431640625,
        "y_min": 0.580078125,
        "x_max": 0.556640625,
        "y_max": 0.751953125
      }
    },
    {
      "char": "万",
      "bbox": {
        "x_min": 0.03125,
        "y_min": 0.916015625,
        "x_max": 0.078125,
        "y_max": 0.978515625
      }
    },
    {
      "char": "二",
      "bbox": {
        "x_min": 0.318359375,
        "y_min": 0.802734375,
        "x_max": 0.6484375,
        "y_max": 1
      }
    },
    {
      "char": "七",
      "bbox": {
        "x_min": 0.119140625,
        "y_min": 0.591796875,
        "x_max": 0.306640625,
        "y_max": 0.833984375
      }
    },
    {
      "char": "十",
      "bbox": {
        "x_min": 0.80859375,
        "y_min": 0.029296875,
        "x_max": 0.94140625,
        "y_max": 0.197265625
      }
    },
    {
      "char": "七",
      "bbox": {
        "x_min": 0.001953125,
        "y_min": 0.015625,
        "x_max": 0.259765625,
        "y_max": 0.25
      }
    },
    {
      "char": "二",
      "bbox": {
        "x_min": 0.759765625,
        "y_min": 0.771484375,
        "x_max": 0.830078125,
        "y_max": 0.837890625
      }
    },
    {
      "char": "二",
      "bbox": {
        "x_min": 0.205078125,
        "y_min": 0.453125,
        "x_max": 0.32421875,
        "y_max": 0.54296875
      }
    }
  ]
}