{
  "image_filename": "00206.png",
  "visualization_filename": "00206_vis.png",
  "mnist_digits": [
    1,
    3,
    6,
    9,
    5,
    9,
    1,
    3,
    6,
    1,
    8,
    4,
    3
  ],
  "boxes": [
    {
      "char": "百",
      "bbox": {
        "x_min": 0.90625,
        "y_min": 0.54296875,
        "x_max": 1,
        "y_max": 0.71875
      }
    },
    {
      "char": "四",
      "bbox": {
        "x_min": 0.1875,
        "y_min": 0.59375,
        "x_max": 0.328125,
        "y_max": 0.734375
      }
    },
    {
      "char": "一",
      "bbox": {
        "x_min": 0.583984375,
        "y_min": 0.83984375,
        "x_max": 0.80859375,
        "y_max": 0.939453125
      }
    },
    {
      "char": "六",
      "bbox": {
        "x_min": 0.67578125,
        "y_min": 0.173828125,
        "x_max": 0.88671875,
        "y_max": 0.384765625
      }
    },
    {
      "char": "八",
      "bbox": {
        "x_min": 0.330078125,
        "y_min": 0.697265625,
        "x_max": 0.494140625,
        "y_max": 0.81640625
      }
    },
    {
      "char": "三",
      "bbox": {
        "x_min": 0.94140625,
        "y_min": 0.03125,
        "x_max": 0.9921875,
        "y_max": 0.087890625
      }
    }
  ]
}