{
  "image_filename": "00207.png",
  "visualization_filename": "00207_vis.png",
  "mnist_digits": [
    5,
    9,
    8,
    1,
    8,
    7,
    4,
    7,
    6,
    1,
    3,
    3,
    8,
    9,
    7,
    8,
    7,
    5,
    5,
    2,
    9,
    3
  ],
  "boxes": [
    {
      "char": "千",
      "bbox": {
        "x_min": 0.7265625,
        "y_min": 0.26953125,
        "x_max": 0.79296875,
        "y_max": 0.38671875
      }
    },
    {
      "char": "二",
      "bbox": {
        "x_min": 0.263671875,
        "y_min": 0.833984375,
        "x_max": 0.458984375,
        "y_max": 0.974609375
      }
    },
    {
      "char": "十",
      "bbox": {
        "x_min": 0.033203125,
        "y_min": 0.0625,
        "x_max": 0.173828125,
        "y_max": 0.296875
      }
    },
    {
      "char": "千",
      "bbox": {
        "x_min": 0.259765625,
        "y_min": 0.484375,
        "x_max": 0.38671875,
        "y_max": 0.73828125
      }
    },
    {
      "char": "四",
      "bbox": {
        "x_min": 0.3828125,
        "y_min": 0.544921875,
        "x_max": 0.47265625,
        "y_max": 0.634765625
      }
    },
    {
      "char": "八",
      "bbox": {
        "x_min": 0.265625,
        "y_min": 0.080078125,
        "x_max": 0.521484375,
        "y_max": 0.265625
      }
    }
  ]
}