{
  "image_filename": "00217.png",
  "visualization_filename": "00217_vis.png",
  "mnist_digits": [
    0,
    5,
    1,
    6,
    8,
    2
  ],
  "boxes": [
    {
      "char": "千",
      "bbox": {
        "x_min": 0.15625,
        "y_min": 0.63671875,
        "x_max": 0.26171875,
        "y_max": 0.8125
      }
    },
    {
      "char": "九",
      "bbox": {
        "x_min": 0.634765625,
        "y_min": 0.0390625,
        "x_max": 0.970703125,
        "y_max": 0.375
      }
    },
    {
      "char": "千",
      "bbox": {
        "x_min": 0.158203125,
        "y_min": 0.296875,
        "x_max": 0.220703125,
        "y_max": 0.390625
      }
    },
    {
      "char": "六",
      "bbox": {
        "x_min": 0.73046875,
        "y_min": 0.453125,
        "x_max": 0.8515625,
        "y_max": 0.5703125
      }
    }
  ]
}