{
  "image_filename": "00212.png",
  "visualization_filename": "00212_vis.png",
  "mnist_digits": [
    2,
    8,
    1,
    7,
    2,
    1,
    8,
    7,
    4,
    3,
    3,
    1,
    3,
    9,
    1
  ],
  "boxes": [
    {
      "char": "六",
      "bbox": {
        "x_min": 0.62109375,
        "y_min": 0.568359375,
        "x_max": 0.6640625,
        "y_max": 0.6328125
      }
    },
    {
      "char": "零",
      "bbox": {
        "x_min": 0.38671875,
        "y_min": 0.146484375,
        "x_max": 0.560546875,
        "y_max": 0.505859375
      }
    }
  ]
}