{
  "image_filename": "00211.png",
  "visualization_filename": "00211_vis.png",
  "mnist_digits": [
    6,
    6,
    8,
    8,
    3,
    9,
    7,
    1,
    1,
    6,
    5,
    3,
    2,
    8,
    2,
    7,
    7,
    1,
    5,
    4,
    4,
    7,
    1
  ],
  "boxes": [
    {
      "char": "零",
      "bbox": {
        "x_min": 0.51953125,
        "y_min": 0.12109375,
        "x_max": 0.61328125,
        "y_max": 0.255859375
      }
    },
    {
      "char": "零",
      "bbox": {
        "x_min": 0.56640625,
        "y_min": 0.03125,
        "x_max": 0.966796875,
        "y_max": 0.701171875
      }
    }
  ]
}