{
  "image_filename": "00210.png",
  "visualization_filename": "00210_vis.png",
  "mnist_digits": [
    3,
    2,
    4,
    9,
    9,
    3,
    7,
    4,
    6,
    3,
    9,
    7,
    7,
    1,
    1,
    9,
    4,
    7,
    4,
    2,
    8,
    5,
    1,
    9,
    8,
    3,
    4,
    5,
    7,
    5,
    0
  ],
  "boxes": [
    {
      "char": "万",
      "bbox": {
        "x_min": 0.8125,
        "y_min": 0.021484375,
        "x_max": 0.8828125,
        "y_max": 0.083984375
      }
    },
    {
      "char": "四",
      "bbox": {
        "x_min": 0.587890625,
        "y_min": 0.46484375,
        "x_max": 0.666015625,
        "y_max": 0.5859375
      }
    },
    {
      "char": "二",
      "bbox": {
        "x_min": 0.0625,
        "y_min": 0.408203125,
        "x_max": 0.302734375,
        "y_max": 0.568359375
      }
    }
  ]
}