{
  "image_filename": "00219.png",
  "visualization_filename": "00219_vis.png",
  "mnist_digits": [
    1,
    9,
    8,
    2,
    2,
    5,
    3,
    4
  ],
  "boxes": [
    {
      "char": "四",
      "bbox": {
        "x_min": 0.1640625,
        "y_min": 0.748046875,
        "x_max": 0.2421875,
        "y_max": 0.80078125
      }
    },
    {
      "char": "一",
      "bbox": {
        "x_min": 0.76171875,
        "y_min": 0.875,
        "x_max": 0.828125,
        "y_max": 0.986328125
      }
    },
    {
      "char": "十",
      "bbox": {
        "x_min": 0.1953125,
        "y_min": 0.064453125,
        "x_max": 0.3828125,
        "y_max": 0.322265625
      }
    },
    {
      "char": "一",
      "bbox": {
        "x_min": 0.6328125,
        "y_min": 0.611328125,
        "x_max": 0.822265625,
        "y_max": 0.681640625
      }
    },
    {
      "char": "百",
      "bbox": {
        "x_min": 0.068359375,
        "y_min": 0.798828125,
        "x_max": 0.1640625,
        "y_max": 0.962890625
      }
    }
  ]
}