{
  "image_filename": "00213.png",
  "visualization_filename": "00213_vis.png",
  "mnist_digits": [
    0,
    7,
    3,
    1,
    7,
    1,
    1,
    5,
    4,
    0,
    8,
    5,
    1,
    4,
    7,
    6,
    6,
    4,
    0,
    9,
    7
  ],
  "boxes": [
    {
      "char": "六",
      "bbox": {
        "x_min": 0.1875,
        "y_min": 0.11328125,
        "x_max": 0.25,
        "y_max": 0.23828125
      }
    },
    {
      "char": "百",
      "bbox": {
        "x_min": 0.16015625,
        "y_min": 0.765625,
        "x_max": 0.28515625,
        "y_max": 0.921875
      }
    },
    {
      "char": "七",
      "bbox": {
        "x_min": 0.3359375,
        "y_min": 0.201171875,
        "x_max": 0.6171875,
        "y_max": 0.474609375
      }
    },
    {
      "char": "四",
      "bbox": {
        "x_min": 0.64453125,
        "y_min": 0.478515625,
        "x_max": 0.7421875,
        "y_max": 0.583984375
      }
    },
    {
      "char": "万",
      "bbox": {
        "x_min": 0.271484375,
        "y_min": 0.404296875,
        "x_max": 0.296875,
        "y_max": 0.43359375
      }
    },
    {
      "char": "九",
      "bbox": {
        "x_min": 0.111328125,
        "y_min": 0.53125,
        "x_max": 0.275390625,
        "y_max": 0.671875
      }
    }
  ]
}