{
  "image_filename": "00218.png",
  "visualization_filename": "00218_vis.png",
  "mnist_digits": [
    4,
    5,
    6,
    2,
    0,
    4,
    2,
    8,
    3,
    7,
    3,
    5,
    9
  ],
  "boxes": [
    {
      "char": "二",
      "bbox": {
        "x_min": 0.701171875,
        "y_min": 0.662109375,
        "x_max": 0.779296875,
        "y_max": 0.716796875
      }
    },
    {
      "char": "七",
      "bbox": {
        "x_min": 0.658203125,
        "y_min": 0.720703125,
        "x_max": 0.775390625,
        "y_max": 0.853515625
      }
    },
    {
      "char": "一",
      "bbox": {
        "x_min": 0.111328125,
        "y_min": 0.14453125,
        "x_max": 0.1796875,
        "y_max": 0.16796875
      }
    },
    {
      "char": "百",
      "bbox": {
        "x_min": 0.37109375,
        "y_min": 0.58203125,
        "x_max": 0.60546875,
        "y_max": 0.95703125
      }
    },
    {
      "char": "三",
      "bbox": {
        "x_min": 0.642578125,
        "y_min": 0.330078125,
        "x_max": 0.712890625,
        "y_max": 0.384765625
      }
    },
    {
      "char": "八",
      "bbox": {
        "x_min": 0.37890625,
        "y_min": 0,
        "x_max": 0.4609375,
        "y_max": 0.09375
      }
    }
  ]
}