{
  "image_filename": "00226.png",
  "visualization_filename": "00226_vis.png",
  "mnist_digits": [
    7,
    2,
    1,
    7,
    0,
    5,
    9,
    9,
    9,
    1,
    1,
    1,
    1,
    6,
    0,
    2,
    9
  ],
  "boxes": [
    {
      "char": "百",
      "bbox": {
        "x_min": 0.4140625,
        "y_min": 0.595703125,
        "x_max": 0.49609375,
        "y_max": 0.708984375
      }
    },
    {
      "char": "一",
      "bbox": {
        "x_min": 0.2890625,
        "y_min": 0.31640625,
        "x_max": 0.326171875,
        "y_max": 0.330078125
      }
    },
    {
      "char": "二",
      "bbox": {
        "x_min": 0.78515625,
        "y_min": 0.904296875,
        "x_max": 0.93359375,
        "y_max": 0.990234375
      }
    },
    {
      "char": "三",
      "bbox": {
        "x_min": 0.021484375,
        "y_min": 0.759765625,
        "x_max": 0.216796875,
        "y_max": 0.931640625
      }
    },
    {
      "char": "万",
      "bbox": {
        "x_min": 0.34765625,
        "y_min": 0.90234375,
        "x_max": 0.375,
        "y_max": 0.935546875
      }
    },
    {
      "char": "一",
      "bbox": {
        "x_min": 0.083984375,
        "y_min": 0.203125,
        "x_max": 0.333984375,
        "y_max": 0.30859375
      }
    }
  ]
}