{
  "image_filename": "00229.png",
  "visualization_filename": "00229_vis.png",
  "mnist_digits": [
    3,
    9,
    7,
    5,
    0,
    2,
    9,
    0,
    6,
    2,
    9,
    7,
    4,
    7,
    2,
    7,
    4,
    6,
    3,
    9,
    6,
    7
  ],
  "boxes": [
    {
      "char": "千",
      "bbox": {
        "x_min": 0.384765625,
        "y_min": 0.4921875,
        "x_max": 0.505859375,
        "y_max": 0.640625
      }
    },
    {
      "char": "一",
      "bbox": {
        "x_min": 0.33203125,
        "y_min": 0.908203125,
        "x_max": 0.45703125,
        "y_max": 0.935546875
      }
    },
    {
      "char": "亿",
      "bbox": {
        "x_min": 0.19140625,
        "y_min": 0.701171875,
        "x_max": 0.3515625,
        "y_max": 0.8515625
      }
    },
    {
      "char": "零",
      "bbox": {
        "x_min": 0.224609375,
        "y_min": 0.1171875,
        "x_max": 0.380859375,
        "y_max": 0.326171875
      }
    },
    {
      "char": "百",
      "bbox": {
        "x_min": 0.0390625,
        "y_min": 0.08203125,
        "x_max": 0.103515625,
        "y_max": 0.240234375
      }
    }
  ]
}