{
  "image_filename": "00223.png",
  "visualization_filename": "00223_vis.png",
  "mnist_digits": [
    6,
    7,
    7,
    0,
    1,
    0,
    9,
    7,
    8,
    0,
    4,
    1,
    2,
    8,
    8,
    1,
    7,
    9,
    3,
    7,
    2,
    6,
    0,
    5,
    7
  ],
  "boxes": [
    {
      "char": "八",
      "bbox": {
        "x_min": 0.55859375,
        "y_min": 0.455078125,
        "x_max": 0.640625,
        "y_max": 0.517578125
      }
    },
    {
      "char": "百",
      "bbox": {
        "x_min": 0.11328125,
        "y_min": 0.294921875,
        "x_max": 0.13671875,
        "y_max": 0.33984375
      }
    },
    {
      "char": "四",
      "bbox": {
        "x_min": 0.302734375,
        "y_min": 0.45703125,
        "x_max": 0.455078125,
        "y_max": 0.638671875
      }
    },
    {
      "char": "七",
      "bbox": {
        "x_min": 0.40234375,
        "y_min": 0.03515625,
        "x_max": 0.607421875,
        "y_max": 0.23046875
      }
    },
    {
      "char": "四",
      "bbox": {
        "x_min": 0.7109375,
        "y_min": 0.435546875,
        "x_max": 0.78125,
        "y_max": 0.5234375
      }
    },
    {
      "char": "百",
      "bbox": {
        "x_min": 0.109375,
        "y_min": 0.443359375,
        "x_max": 0.228515625,
        "y_max": 0.65625
      }
    },
    {
      "char": "九",
      "bbox": {
        "x_min": 0.29296875,
        "y_min": 0.287109375,
        "x_max": 0.3359375,
        "y_max": 0.333984375
      }
    }
  ]
}