{
  "image_filename": "00224.png",
  "visualization_filename": "00224_vis.png",
  "mnist_digits": [
    2,
    2,
    7,
    2,
    2,
    0,
    0,
    0,
    7,
    6,
    3,
    2,
    7,
    9,
    5,
    7,
    5,
    5,
    2
  ],
  "boxes": [
    {
      "char": "亿",
      "bbox": {
        "x_min": 0.205078125,
        "y_min": 0.4765625,
        "x_max": 0.576171875,
        "y_max": 0.859375
      }
    },
    {
      "char": "二",
      "bbox": {
        "x_min": 0.611328125,
        "y_min": 0.78515625,
        "x_max": 0.798828125,
        "y_max": 0.93359375
      }
    }
  ]
}