{
  "image_filename": "00220.png",
  "visualization_filename": "00220_vis.png",
  "mnist_digits": [
    9,
    4,
    3,
    2,
    5,
    0,
    6,
    0
  ],
  "boxes": [
    {
      "char": "万",
      "bbox": {
        "x_min": 0.005859375,
        "y_min": 0.111328125,
        "x_max": 0.30078125,
        "y_max": 0.458984375
      }
    },
    {
      "char": "万",
      "bbox": {
        "x_min": 0.396484375,
        "y_min": 0.298828125,
        "x_max": 0.517578125,
        "y_max": 0.455078125
      }
    },
    {
      "char": "亿",
      "bbox": {
        "x_min": 0.265625,
        "y_min": 0.478515625,
        "x_max": 0.447265625,
        "y_max": 0.666015625
      }
    },
    {
      "char": "八",
      "bbox": {
        "x_min": 0.662109375,
        "y_min": 0.5546875,
        "x_max": 0.896484375,
        "y_max": 0.796875
      }
    }
  ]
}