{
  "image_filename": "00222.png",
  "visualization_filename": "00222_vis.png",
  "mnist_digits": [
    4,
    3,
    4,
    8,
    2,
    8,
    8,
    6,
    4,
    4,
    4,
    2,
    4,
    9,
    3,
    5,
    8,
    6,
    5,
    8
  ],
  "boxes": [
    {
      "char": "一",
      "bbox": {
        "x_min": 0.47265625,
        "y_min": 0.224609375,
        "x_max": 0.62890625,
        "y_max": 0.279296875
      }
    },
    {
      "char": "零",
      "bbox": {
        "x_min": 0.7890625,
        "y_min": 0.275390625,
        "x_max": 0.90625,
        "y_max": 0.427734375
      }
    }
  ]
}