{
  "image_filename": "00227.png",
  "visualization_filename": "00227_vis.png",
  "mnist_digits": [
    8,
    7,
    4,
    4,
    9,
    9,
    3,
    3,
    3,
    6,
    9,
    8,
    9
  ],
  "boxes": [
    {
      "char": "四",
      "bbox": {
        "x_min": 0.298828125,
        "y_min": 0.025390625,
        "x_max": 0.63671875,
        "y_max": 0.375
      }
    },
    {
      "char": "千",
      "bbox": {
        "x_min": 0.833984375,
        "y_min": 0.060546875,
        "x_max": 0.927734375,
        "y_max": 0.181640625
      }
    },
    {
      "char": "九",
      "bbox": {
        "x_min": 0.697265625,
        "y_min": 0.576171875,
        "x_max": 0.79296875,
        "y_max": 0.685546875
      }
    },
    {
      "char": "零",
      "bbox": {
        "x_min": 0.068359375,
        "y_min": 0.7734375,
        "x_max": 0.181640625,
        "y_max": 0.91015625
      }
    },
    {
      "char": "七",
      "bbox": {
        "x_min": 0.052734375,
        "y_min": 0.177734375,
        "x_max": 0.138671875,
        "y_max": 0.236328125
      }
    },
    {
      "char": "七",
      "bbox": {
        "x_min": 0.43359375,
        "y_min": 0.6171875,
        "x_max": 0.501953125,
        "y_max": 0.69140625
      }
    },
    {
      "char": "一",
      "bbox": {
        "x_min": 0.35546875,
        "y_min": 0.435546875,
        "x_max": 0.4609375,
        "y_max": 0.482421875
      }
    }
  ]
}