{
  "image_filename": "00239.png",
  "visualization_filename": "00239_vis.png",
  "mnist_digits": [
    7,
    1,
    8,
    0,
    0,
    8,
    2,
    5,
    6,
    9,
    3
  ],
  "boxes": [
    {
      "char": "六",
      "bbox": {
        "x_min": 0.533203125,
        "y_min": 0.03125,
        "x_max": 0.712890625,
        "y_max": 0.1640625
      }
    },
    {
      "char": "七",
      "bbox": {
        "x_min": 0.21875,
        "y_min": 0.701171875,
        "x_max": 0.4765625,
        "y_max": 0.935546875
      }
    },
    {
      "char": "十",
      "bbox": {
        "x_min": 0.091796875,
        "y_min": 0.001953125,
        "x_max": 0.2265625,
        "y_max": 0.177734375
      }
    },
    {
      "char": "五",
      "bbox": {
        "x_min": 0.228515625,
        "y_min": 0.03125,
        "x_max": 0.595703125,
        "y_max": 0.3203125
      }
    },
    {
      "char": "二",
      "bbox": {
        "x_min": 0.375,
        "y_min": 0.4765625,
        "x_max": 0.44921875,
        "y_max": 0.5625
      }
    },
    {
      "char": "十",
      "bbox": {
        "x_min": 0.82421875,
        "y_min": 0.10546875,
        "x_max": 0.888671875,
        "y_max": 0.24609375
      }
    }
  ]
}