{
  "image_filename": "00230.png",
  "visualization_filename": "00230_vis.png",
  "mnist_digits": [
    8,
    5,
    4,
    2,
    4,
    6,
    7,
    7,
    2,
    0,
    8,
    8,
    9,
    2,
    6,
    9,
    8,
    2,
    3,
    3,
    8,
    5,
    8,
    9,
    4,
    9,
    6,
    5,
    1,
    4,
    9,
    3,
    7,
    2,
    3,
    2,
    0
  ],
  "boxes": [
    {
      "char": "百",
      "bbox": {
        "x_min": 0.73828125,
        "y_min": 0.341796875,
        "x_max": 0.85546875,
        "y_max": 0.537109375
      }
    }
  ]
}