{
  "image_filename": "00234.png",
  "visualization_filename": "00234_vis.png",
  "mnist_digits": [
    9,
    0,
    2,
    8,
    9,
    1,
    7,
    9,
    9,
    9,
    4,
    2,
    7,
    7,
    4,
    9,
    9,
    9,
    9
  ],
  "boxes": [
    {
      "char": "八",
      "bbox": {
        "x_min": 0.646484375,
        "y_min": 0.451171875,
        "x_max": 0.931640625,
        "y_max": 0.775390625
      }
    },
    {
      "char": "一",
      "bbox": {
        "x_min": 0.828125,
        "y_min": 0.751953125,
        "x_max": 0.90234375,
        "y_max": 0.775390625
      }
    },
    {
      "char": "一",
      "bbox": {
        "x_min": 0.68359375,
        "y_min": 0.021484375,
        "x_max": 0.919921875,
        "y_max": 0.125
      }
    },
    {
      "char": "零",
      "bbox": {
        "x_min": 0.033203125,
        "y_min": 0.22265625,
        "x_max": 0.283203125,
        "y_max": 0.64453125
      }
    },
    {
      "char": "万",
      "bbox": {
        "x_min": 0.484375,
        "y_min": 0.142578125,
        "x_max": 0.61328125,
        "y_max": 0.353515625
      }
    },
    {
      "char": "十",
      "bbox": {
        "x_min": 0.693359375,
        "y_min": 0.857421875,
        "x_max": 0.732421875,
        "y_max": 0.9140625
      }
    }
  ]
}