{
  "image_filename": "00236.png",
  "visualization_filename": "00236_vis.png",
  "mnist_digits": [
    0,
    4,
    5,
    0,
    6,
    9,
    7,
    0,
    3,
    7,
    4,
    5,
    2,
    7,
    5,
    6,
    4,
    8,
    5,
    3
  ],
  "boxes": [
    {
      "char": "一",
      "bbox": {
        "x_min": 0.9140625,
        "y_min": 0.21875,
        "x_max": 0.96484375,
        "y_max": 0.232421875
      }
    },
    {
      "char": "七",
      "bbox": {
        "x_min": 0.15234375,
        "y_min": 0.2734375,
        "x_max": 0.27734375,
        "y_max": 0.421875
      }
    }
  ]
}