{
  "image_filename": "00235.png",
  "visualization_filename": "00235_vis.png",
  "mnist_digits": [
    9,
    2,
    6,
    1,
    3,
    6,
    9,
    9,
    5,
    0,
    1,
    1,
    7,
    4,
    9,
    2,
    9,
    8,
    5,
    5,
    5,
    9,
    9,
    4,
    5,
    1,
    5,
    2,
    3,
    3,
    6,
    7,
    7,
    5,
    5,
    9
  ],
  "boxes": [
    {
      "char": "三",
      "bbox": {
        "x_min": 0.201171875,
        "y_min": 0.3671875,
        "x_max": 0.296875,
        "y_max": 0.439453125
      }
    }
  ]
}