{
  "image_filename": "00237.png",
  "visualization_filename": "00237_vis.png",
  "mnist_digits": [
    2,
    3,
    4,
    1,
    7,
    6,
    0,
    5,
    6,
    0,
    9,
    5,
    7,
    2,
    2,
    8,
    4,
    5,
    4,
    9,
    8,
    6,
    4,
    2,
    9
  ],
  "boxes": [
    {
      "char": "六",
      "bbox": {
        "x_min": 0.431640625,
        "y_min": 0.15625,
        "x_max": 0.63671875,
        "y_max": 0.439453125
      }
    },
    {
      "char": "万",
      "bbox": {
        "x_min": 0.23828125,
        "y_min": 0.513671875,
        "x_max": 0.45703125,
        "y_max": 0.8125
      }
    },
    {
      "char": "一",
      "bbox": {
        "x_min": 0.109375,
        "y_min": 0.822265625,
        "x_max": 0.28125,
        "y_max": 0.876953125
      }
    },
    {
      "char": "零",
      "bbox": {
        "x_min": 0.140625,
        "y_min": 0.201171875,
        "x_max": 0.234375,
        "y_max": 0.310546875
      }
    },
    {
      "char": "四",
      "bbox": {
        "x_min": 0.060546875,
        "y_min": 0.03515625,
        "x_max": 0.125,
        "y_max": 0.103515625
      }
    }
  ]
}