{
  "image_filename": "00238.png",
  "visualization_filename": "00238_vis.png",
  "mnist_digits": [
    5,
    6,
    2,
    4,
    4,
    1,
    4,
    7,
    6,
    6,
    1,
    4,
    6,
    3,
    2,
    9,
    0,
    8,
    8,
    4,
    8,
    9,
    7,
    3,
    0
  ],
  "boxes": [
    {
      "char": "三",
      "bbox": {
        "x_min": 0.515625,
        "y_min": 0.046875,
        "x_max": 0.7734375,
        "y_max": 0.265625
      }
    },
    {
      "char": "四",
      "bbox": {
        "x_min": 0.650390625,
        "y_min": 0.568359375,
        "x_max": 0.83984375,
        "y_max": 0.767578125
      }
    },
    {
      "char": "二",
      "bbox": {
        "x_min": 0.62109375,
        "y_min": 0.40234375,
        "x_max": 0.6875,
        "y_max": 0.4296875
      }
    }
  ]
}