{
  "image_filename": "00233.png",
  "visualization_filename": "00233_vis.png",
  "mnist_digits": [
    7,
    8,
    8,
    6,
    9,
    4,
    1,
    5,
    7,
    6,
    7,
    2,
    1,
    6,
    0,
    3,
    6,
    1,
    9,
    4,
    1,
    2,
    3,
    1,
    6,
    2,
    8,
    8,
    6,
    1,
    1,
    2,
    2,
    6
  ],
  "boxes": [
    {
      "char": "九",
      "bbox": {
        "x_min": 0.564453125,
        "y_min": 0.009765625,
        "x_max": 0.83984375,
        "y_max": 0.373046875
      }
    },
    {
      "char": "八",
      "bbox": {
        "x_min": 0.2109375,
        "y_min": 0.50390625,
        "x_max": 0.34765625,
        "y_max": 0.66015625
      }
    },
    {
      "char": "八",
      "bbox": {
        "x_min": 0.46484375,
        "y_min": 0.2890625,
        "x_max": 0.546875,
        "y_max": 0.3515625
      }
    },
    {
      "char": "三",
      "bbox": {
        "x_min": 0.8828125,
        "y_min": 0.1484375,
        "x_max": 0.953125,
        "y_max": 0.208984375
      }
    },
    {
      "char": "五",
      "bbox": {
        "x_min": 0.615234375,
        "y_min": 0.525390625,
        "x_max": 0.779296875,
        "y_max": 0.642578125
      }
    },
    {
      "char": "千",
      "bbox": {
        "x_min": 0.716796875,
        "y_min": 0.626953125,
        "x_max": 0.984375,
        "y_max": 0.9296875
      }
    }
  ]
}