{
  "image_filename": "00249.png",
  "visualization_filename": "00249_vis.png",
  "mnist_digits": [
    0,
    1,
    4,
    1,
    5,
    2,
    1,
    3,
    9,
    9,
    2,
    7,
    5,
    1,
    2,
    6,
    9,
    5,
    0,
    7,
    4,
    4
  ],
  "boxes": [
    {
      "char": "一",
      "bbox": {
        "x_min": 0.771484375,
        "y_min": 0.677734375,
        "x_max": 0.8828125,
        "y_max": 0.71875
      }
    },
    {
      "char": "五",
      "bbox": {
        "x_min": 0.38671875,
        "y_min": 0.197265625,
        "x_max": 0.544921875,
        "y_max": 0.361328125
      }
    },
    {
      "char": "亿",
      "bbox": {
        "x_min": 0.28125,
        "y_min": 0.49609375,
        "x_max": 0.67578125,
        "y_max": 0.927734375
      }
    },
    {
      "char": "千",
      "bbox": {
        "x_min": 0.423828125,
        "y_min": 0.48046875,
        "x_max": 0.505859375,
        "y_max": 0.615234375
      }
    },
    {
      "char": "六",
      "bbox": {
        "x_min": 0.013671875,
        "y_min": 0.216796875,
        "x_max": 0.150390625,
        "y_max": 0.353515625
      }
    },
    {
      "char": "二",
      "bbox": {
        "x_min": 0.80078125,
        "y_min": 0.5546875,
        "x_max": 0.953125,
        "y_max": 0.671875
      }
    },
    {
      "char": "九",
      "bbox": {
        "x_min": 0.703125,
        "y_min": 0.3828125,
        "x_max": 0.85546875,
        "y_max": 0.5234375
      }
    }
  ]
}