{
  "image_filename": "00246.png",
  "visualization_filename": "00246_vis.png",
  "mnist_digits": [
    8,
    1,
    1,
    3,
    8,
    0,
    4,
    8,
    8,
    8,
    4,
    7,
    8,
    3,
    3,
    7,
    7,
    0,
    7,
    6,
    0,
    5,
    6,
    2,
    1,
    1,
    5,
    1
  ],
  "boxes": [
    {
      "char": "百",
      "bbox": {
        "x_min": 0.83984375,
        "y_min": 0.552734375,
        "x_max": 0.875,
        "y_max": 0.599609375
      }
    },
    {
      "char": "百",
      "bbox": {
        "x_min": 0.06640625,
        "y_min": 0.423828125,
        "x_max": 0.3046875,
        "y_max": 0.74609375
      }
    }
  ]
}