{
  "image_filename": "00247.png",
  "visualization_filename": "00247_vis.png",
  "mnist_digits": [
    8,
    2,
    6,
    6,
    2,
    6,
    8,
    7,
    8,
    8,
    8,
    8,
    1,
    7
  ],
  "boxes": [
    {
      "char": "零",
      "bbox": {
        "x_min": 0.279296875,
        "y_min": 0,
        "x_max": 0.779296875,
        "y_max": 0.978515625
      }
    },
    {
      "char": "百",
      "bbox": {
        "x_min": 0.060546875,
        "y_min": 0.31640625,
        "x_max": 0.126953125,
        "y_max": 0.423828125
      }
    }
  ]
}