{
  "image_filename": "00244.png",
  "visualization_filename": "00244_vis.png",
  "mnist_digits": [
    3,
    9,
    3,
    4,
    1,
    6,
    3,
    3,
    5,
    3,
    0,
    1,
    2,
    4,
    2,
    1,
    1,
    2,
    4,
    9,
    1,
    1,
    1,
    4,
    1,
    3,
    9,
    8,
    3,
    3,
    1,
    0,
    4,
    5
  ],
  "boxes": [
    {
      "char": "一",
      "bbox": {
        "x_min": 0.861328125,
        "y_min": 0.50390625,
        "x_max": 0.888671875,
        "y_max": 0.515625
      }
    }
  ]
}