{
  "image_filename": "00243.png",
  "visualization_filename": "00243_vis.png",
  "mnist_digits": [
    5,
    5,
    0,
    1,
    8,
    1,
    9,
    6,
    3,
    2,
    9,
    1,
    4,
    4
  ],
  "boxes": [
    {
      "char": "七",
      "bbox": {
        "x_min": 0.91796875,
        "y_min": 0.08984375,
        "x_max": 0.96484375,
        "y_max": 0.125
      }
    },
    {
      "char": "三",
      "bbox": {
        "x_min": 0.85546875,
        "y_min": 0.2421875,
        "x_max": 0.99609375,
        "y_max": 0.37109375
      }
    }
  ]
}