{
  "image_filename": "00241.png",
  "visualization_filename": "00241_vis.png",
  "mnist_digits": [
    7,
    9,
    9,
    8,
    4,
    8,
    6,
    7,
    7,
    7,
    1,
    9,
    8,
    5,
    0
  ],
  "boxes": [
    {
      "char": "八",
      "bbox": {
        "x_min": 0.26171875,
        "y_min": 0.44921875,
        "x_max": 0.427734375,
        "y_max": 0.625
      }
    },
    {
      "char": "万",
      "bbox": {
        "x_min": 0.650390625,
        "y_min": 0.5859375,
        "x_max": 0.744140625,
        "y_max": 0.73828125
      }
    },
    {
      "char": "七",
      "bbox": {
        "x_min": 0.583984375,
        "y_min": 0.583984375,
        "x_max": 0.61328125,
        "y_max": 0.615234375
      }
    },
    {
      "char": "五",
      "bbox": {
        "x_min": 0.36328125,
        "y_min": 0.8984375,
        "x_max": 0.42578125,
        "y_max": 0.984375
      }
    }
  ]
}