{
  "image_filename": "00245.png",
  "visualization_filename": "00245_vis.png",
  "mnist_digits": [
    5,
    6,
    0,
    4,
    5,
    3,
    5,
    9,
    4,
    6,
    6,
    5,
    2,
    1,
    9,
    0,
    8,
    1,
    2,
    8
  ],
  "boxes": [
    {
      "char": "二",
      "bbox": {
        "x_min": 0.005859375,
        "y_min": 0.333984375,
        "x_max": 0.181640625,
        "y_max": 0.451171875
      }
    },
    {
      "char": "百",
      "bbox": {
        "x_min": 0.06640625,
        "y_min": 0.55859375,
        "x_max": 0.2421875,
        "y_max": 0.79296875
      }
    },
    {
      "char": "五",
      "bbox": {
        "x_min": 0.228515625,
        "y_min": 0.068359375,
        "x_max": 0.349609375,
        "y_max": 0.189453125
      }
    },
    {
      "char": "四",
      "bbox": {
        "x_min": 0.49609375,
        "y_min": 0.365234375,
        "x_max": 0.572265625,
        "y_max": 0.412109375
      }
    },
    {
      "char": "四",
      "bbox": {
        "x_min": 0.671875,
        "y_min": 0.59765625,
        "x_max": 0.892578125,
        "y_max": 0.845703125
      }
    },
    {
      "char": "万",
      "bbox": {
        "x_min": 0.47265625,
        "y_min": 0.17578125,
        "x_max": 0.580078125,
        "y_max": 0.298828125
      }
    },
    {
      "char": "二",
      "bbox": {
        "x_min": 0.39453125,
        "y_min": 0.4453125,
        "x_max": 0.564453125,
        "y_max": 0.5625
      }
    }
  ]
}