{
  "image_filename": "00240.png",
  "visualization_filename": "00240_vis.png",
  "mnist_digits": [
    1,
    7,
    1,
    7,
    0,
    1,
    5,
    9,
    8,
    8,
    6,
    2,
    7,
    1,
    0,
    5,
    1,
    9,
    9,
    0,
    8,
    3
  ],
  "boxes": [
    {
      "char": "一",
      "bbox": {
        "x_min": 0.845703125,
        "y_min": 0.83984375,
        "x_max": 0.962890625,
        "y_max": 0.875
      }
    },
    {
      "char": "六",
      "bbox": {
        "x_min": 0.5078125,
        "y_min": 0.099609375,
        "x_max": 0.576171875,
        "y_max": 0.19921875
      }
    }
  ]
}