{
  "image_filename": "00248.png",
  "visualization_filename": "00248_vis.png",
  "mnist_digits": [
    2,
    3,
    1,
    8,
    6,
    6,
    0,
    9,
    6,
    0,
    7,
    6,
    2,
    8,
    9,
    1,
    4
  ],
  "boxes": [
    {
      "char": "零",
      "bbox": {
        "x_min": 0.177734375,
        "y_min": 0.6953125,
        "x_max": 0.419921875,
        "y_max": 1
      }
    },
    {
      "char": "二",
      "bbox": {
        "x_min": 0.45703125,
        "y_min": 0.822265625,
        "x_max": 0.58203125,
        "y_max": 0.912109375
      }
    },
    {
      "char": "四",
      "bbox": {
        "x_min": 0.642578125,
        "y_min": 0.392578125,
        "x_max": 0.779296875,
        "y_max": 0.59765625
      }
    },
    {
      "char": "七",
      "bbox": {
        "x_min": 0.080078125,
        "y_min": 0.201171875,
        "x_max": 0.267578125,
        "y_max": 0.380859375
      }
    },
    {
      "char": "千",
      "bbox": {
        "x_min": 0.7265625,
        "y_min": 0.123046875,
        "x_max": 0.8203125,
        "y_max": 0.291015625
      }
    }
  ]
}