{
  "image_filename": "00242.png",
  "visualization_filename": "00242_vis.png",
  "mnist_digits": [
    0,
    8,
    2,
    8,
    8,
    8,
    1,
    3,
    4,
    7,
    9,
    7,
    1,
    9,
    6,
    9,
    0
  ],
  "boxes": [
    {
      "char": "九",
      "bbox": {
        "x_min": 0.025390625,
        "y_min": 0.681640625,
        "x_max": 0.07421875,
        "y_max": 0.736328125
      }
    },
    {
      "char": "九",
      "bbox": {
        "x_min": 0.125,
        "y_min": 0.640625,
        "x_max": 0.3515625,
        "y_max": 0.875
      }
    },
    {
      "char": "八",
      "bbox": {
        "x_min": 0.458984375,
        "y_min": 0.712890625,
        "x_max": 0.544921875,
        "y_max": 0.771484375
      }
    },
    {
      "char": "万",
      "bbox": {
        "x_min": 0.732421875,
        "y_min": 0.16796875,
        "x_max": 0.826171875,
        "y_max": 0.349609375
      }
    }
  ]
}