{
  "image_filename": "00253.png",
  "visualization_filename": "00253_vis.png",
  "mnist_digits": [
    1,
    4,
    6,
    3,
    7,
    3,
    6,
    8,
    2,
    3,
    1,
    3,
    3,
    0,
    1,
    1,
    3,
    1,
    3
  ],
  "boxes": [
    {
      "char": "一",
      "bbox": {
        "x_min": 0.234375,
        "y_min": 0.6796875,
        "x_max": 0.296875,
        "y_max": 0.6953125
      }
    },
    {
      "char": "零",
      "bbox": {
        "x_min": 0.931640625,
        "y_min": 0.0234375,
        "x_max": 0.9765625,
        "y_max": 0.1015625
      }
    },
    {
      "char": "五",
      "bbox": {
        "x_min": 0.466796875,
        "y_min": 0.369140625,
        "x_max": 0.765625,
        "y_max": 0.71875
      }
    },
    {
      "char": "九",
      "bbox": {
        "x_min": 0.8046875,
        "y_min": 0.30859375,
        "x_max": 0.8671875,
        "y_max": 0.375
      }
    },
    {
      "char": "一",
      "bbox": {
        "x_min": 0.318359375,
        "y_min": 0.607421875,
        "x_max": 0.404296875,
        "y_max": 0.646484375
      }
    },
    {
      "char": "六",
      "bbox": {
        "x_min": 0.029296875,
        "y_min": 0.896484375,
        "x_max": 0.076171875,
        "y_max": 0.97265625
      }
    },
    {
      "char": "四",
      "bbox": {
        "x_min": 0.28515625,
        "y_min": 0.68359375,
        "x_max": 0.51171875,
        "y_max": 0.88671875
      }
    }
  ]
}