{
  "image_filename": "00254.png",
  "visualization_filename": "00254_vis.png",
  "mnist_digits": [
    0,
    1,
    9,
    2,
    0,
    0,
    8,
    1
  ],
  "boxes": [
    {
      "char": "千",
      "bbox": {
        "x_min": 0.3203125,
        "y_min": 0.21875,
        "x_max": 0.421875,
        "y_max": 0.3984375
      }
    },
    {
      "char": "五",
      "bbox": {
        "x_min": 0.0234375,
        "y_min": 0.603515625,
        "x_max": 0.2578125,
        "y_max": 0.845703125
      }
    },
    {
      "char": "七",
      "bbox": {
        "x_min": 0.85546875,
        "y_min": 0.513671875,
        "x_max": 0.90625,
        "y_max": 0.57421875
      }
    },
    {
      "char": "六",
      "bbox": {
        "x_min": 0.724609375,
        "y_min": 0.015625,
        "x_max": 0.826171875,
        "y_max": 0.1796875
      }
    },
    {
      "char": "百",
      "bbox": {
        "x_min": 0.509765625,
        "y_min": 0.212890625,
        "x_max": 0.6328125,
        "y_max": 0.453125
      }
    },
    {
      "char": "百",
      "bbox": {
        "x_min": 0.51953125,
        "y_min": 0.6015625,
        "x_max": 0.619140625,
        "y_max": 0.724609375
      }
    },
    {
      "char": "一",
      "bbox": {
        "x_min": 0.251953125,
        "y_min": 0.064453125,
        "x_max": 0.365234375,
        "y_max": 0.111328125
      }
    }
  ]
}