{
  "image_filename": "00258.png",
  "visualization_filename": "00258_vis.png",
  "mnist_digits": [
    5,
    6,
    1,
    5,
    8,
    9,
    3,
    2,
    1,
    6,
    0,
    1,
    5,
    1,
    8,
    9,
    6,
    0,
    8,
    2,
    0,
    0
  ],
  "boxes": [
    {
      "char": "九",
      "bbox": {
        "x_min": 0.638671875,
        "y_min": 0.568359375,
        "x_max": 0.728515625,
        "y_max": 0.693359375
      }
    },
    {
      "char": "千",
      "bbox": {
        "x_min": 0.0078125,
        "y_min": 0.216796875,
        "x_max": 0.13671875,
        "y_max": 0.375
      }
    },
    {
      "char": "八",
      "bbox": {
        "x_min": 0.568359375,
        "y_min": 0.416015625,
        "x_max": 0.662109375,
        "y_max": 0.544921875
      }
    },
    {
      "char": "一",
      "bbox": {
        "x_min": 0.736328125,
        "y_min": 0.5625,
        "x_max": 0.77734375,
        "y_max": 0.58203125
      }
    },
    {
      "char": "三",
      "bbox": {
        "x_min": 0.84375,
        "y_min": 0.439453125,
        "x_max": 0.978515625,
        "y_max": 0.537109375
      }
    },
    {
      "char": "百",
      "bbox": {
        "x_min": 0.703125,
        "y_min": 0.7109375,
        "x_max": 0.859375,
        "y_max": 0.9921875
      }
    },
    {
      "char": "七",
      "bbox": {
        "x_min": 0.623046875,
        "y_min": 0.74609375,
        "x_max": 0.7265625,
        "y_max": 0.837890625
      }
    },
    {
      "char": "十",
      "bbox": {
        "x_min": 0.12109375,
        "y_min": 0.701171875,
        "x_max": 0.15234375,
        "y_max": 0.74609375
      }
    },
    {
      "char": "八",
      "bbox": {
        "x_min": 0.154296875,
        "y_min": 0.298828125,
        "x_max": 0.287109375,
        "y_max": 0.501953125
      }
    }
  ]
}