{
  "image_filename": "00255.png",
  "visualization_filename": "00255_vis.png",
  "mnist_digits": [
    3,
    1,
    6,
    5,
    2,
    6,
    5,
    3,
    7,
    1,
    4,
    8,
    1,
    0,
    8
  ],
  "boxes": [
    {
      "char": "十",
      "bbox": {
        "x_min": 0.46875,
        "y_min": 0.287109375,
        "x_max": 0.734375,
        "y_max": 0.7265625
      }
    },
    {
      "char": "五",
      "bbox": {
        "x_min": 0.13671875,
        "y_min": 0.337890625,
        "x_max": 0.25390625,
        "y_max": 0.47265625
      }
    },
    {
      "char": "九",
      "bbox": {
        "x_min": 0.720703125,
        "y_min": 0.71484375,
        "x_max": 0.947265625,
        "y_max": 0.97265625
      }
    },
    {
      "char": "一",
      "bbox": {
        "x_min": 0.18359375,
        "y_min": 0.833984375,
        "x_max": 0.232421875,
        "y_max": 0.845703125
      }
    },
    {
      "char": "五",
      "bbox": {
        "x_min": 0.375,
        "y_min": 0.73046875,
        "x_max": 0.5,
        "y_max": 0.85546875
      }
    }
  ]
}