{
  "image_filename": "00251.png",
  "visualization_filename": "00251_vis.png",
  "mnist_digits": [
    9,
    1,
    6,
    1,
    0,
    0,
    9,
    2,
    9,
    4,
    2,
    1,
    9,
    9,
    3,
    7,
    1,
    4
  ],
  "boxes": [
    {
      "char": "六",
      "bbox": {
        "x_min": 0.400390625,
        "y_min": 0.677734375,
        "x_max": 0.521484375,
        "y_max": 0.794921875
      }
    },
    {
      "char": "八",
      "bbox": {
        "x_min": 0.23046875,
        "y_min": 0.861328125,
        "x_max": 0.33203125,
        "y_max": 0.978515625
      }
    },
    {
      "char": "三",
      "bbox": {
        "x_min": 0.748046875,
        "y_min": 0.408203125,
        "x_max": 0.787109375,
        "y_max": 0.4609375
      }
    }
  ]
}