{
  "image_filename": "00259.png",
  "visualization_filename": "00259_vis.png",
  "mnist_digits": [
    1,
    0,
    1,
    6,
    8,
    6,
    7,
    7,
    9,
    3,
    3,
    3,
    8,
    2,
    8,
    3,
    5,
    0,
    0,
    2,
    3,
    0,
    2,
    8,
    1
  ],
  "boxes": [
    {
      "char": "七",
      "bbox": {
        "x_min": 0.041015625,
        "y_min": 0.56640625,
        "x_max": 0.111328125,
        "y_max": 0.64453125
      }
    },
    {
      "char": "百",
      "bbox": {
        "x_min": 0.521484375,
        "y_min": 0.21875,
        "x_max": 0.81640625,
        "y_max": 0.7734375
      }
    },
    {
      "char": "七",
      "bbox": {
        "x_min": 0.03125,
        "y_min": 0.736328125,
        "x_max": 0.171875,
        "y_max": 0.8359375
      }
    },
    {
      "char": "零",
      "bbox": {
        "x_min": 0.322265625,
        "y_min": 0.70703125,
        "x_max": 0.533203125,
        "y_max": 0.982421875
      }
    },
    {
      "char": "七",
      "bbox": {
        "x_min": 0.91015625,
        "y_min": 0.255859375,
        "x_max": 0.94140625,
        "y_max": 0.294921875
      }
    },
    {
      "char": "二",
      "bbox": {
        "x_min": 0.48828125,
        "y_min": 0.16015625,
        "x_max": 0.57421875,
        "y_max": 0.2421875
      }
    }
  ]
}