{
  "image_filename": "00256.png",
  "visualization_filename": "00256_vis.png",
  "mnist_digits": [
    5,
    4,
    2,
    1,
    0,
    1,
    9,
    1,
    1,
    3,
    9,
    8,
    6,
    9,
    7,
    9,
    1,
    6
  ],
  "boxes": [
    {
      "char": "十",
      "bbox": {
        "x_min": 0.04296875,
        "y_min": 0.33984375,
        "x_max": 0.25,
        "y_max": 0.69921875
      }
    },
    {
      "char": "四",
      "bbox": {
        "x_min": 0.53125,
        "y_min": 0.1328125,
        "x_max": 0.802734375,
        "y_max": 0.4765625
      }
    },
    {
      "char": "五",
      "bbox": {
        "x_min": 0.689453125,
        "y_min": 0.76953125,
        "x_max": 0.876953125,
        "y_max": 0.89453125
      }
    },
    {
      "char": "千",
      "bbox": {
        "x_min": 0.41015625,
        "y_min": 0.90625,
        "x_max": 0.45703125,
        "y_max": 1
      }
    }
  ]
}