{
  "image_filename": "00250.png",
  "visualization_filename": "00250_vis.png",
  "mnist_digits": [
    7,
    8,
    2,
    4,
    8,
    8,
    1,
    9,
    6,
    5,
    0,
    1,
    3,
    2,
    4,
    2,
    3,
    4,
    1,
    3,
    0,
    2,
    0
  ],
  "boxes": [
    {
      "char": "一",
      "bbox": {
        "x_min": 0.091796875,
        "y_min": 0.83984375,
        "x_max": 0.3828125,
        "y_max": 0.974609375
      }
    },
    {
      "char": "百",
      "bbox": {
        "x_min": 0.275390625,
        "y_min": 0.283203125,
        "x_max": 0.369140625,
        "y_max": 0.416015625
      }
    },
    {
      "char": "三",
      "bbox": {
        "x_min": 0.708984375,
        "y_min": 0.00390625,
        "x_max": 0.802734375,
        "y_max": 0.08984375
      }
    }
  ]
}