{
  "image_filename": "00257.png",
  "visualization_filename": "00257_vis.png",
  "mnist_digits": [
    8,
    3,
    0,
    0,
    4,
    0,
    7
  ],
  "boxes": [
    {
      "char": "万",
      "bbox": {
        "x_min": 0.93359375,
        "y_min": 0.404296875,
        "x_max": 0.96484375,
        "y_max": 0.494140625
      }
    },
    {
      "char": "千",
      "bbox": {
        "x_min": 0.400390625,
        "y_min": 0.494140625,
        "x_max": 0.572265625,
        "y_max": 0.720703125
      }
    },
    {
      "char": "八",
      "bbox": {
        "x_min": 0.51953125,
        "y_min": 0.28125,
        "x_max": 0.630859375,
        "y_max": 0.462890625
      }
    }
  ]
}