{
  "image_filename": "00252.png",
  "visualization_filename": "00252_vis.png",
  "mnist_digits": [
    4,
    5,
    2,
    4,
    3,
    3,
    7,
    7,
    5,
    1,
    7,
    0,
    7,
    4,
    0,
    2,
    7,
    4,
    6,
    4,
    0,
    2,
    9,
    7,
    0,
    6
  ],
  "boxes": [
    {
      "char": "十",
      "bbox": {
        "x_min": 0.400390625,
        "y_min": 0.0546875,
        "x_max": 0.654296875,
        "y_max": 0.419921875
      }
    },
    {
      "char": "九",
      "bbox": {
        "x_min": 0.1015625,
        "y_min": 0.419921875,
        "x_max": 0.59375,
        "y_max": 0.966796875
      }
    },
    {
      "char": "亿",
      "bbox": {
        "x_min": 0.732421875,
        "y_min": 0.208984375,
        "x_max": 0.9609375,
        "y_max": 0.431640625
      }
    },
    {
      "char": "亿",
      "bbox": {
        "x_min": 0.662109375,
        "y_min": 0.578125,
        "x_max": 0.740234375,
        "y_max": 0.6484375
      }
    }
  ]
}