{
  "image_filename": "00269.png",
  "visualization_filename": "00269_vis.png",
  "mnist_digits": [
    2,
    5,
    9,
    8,
    4,
    4,
    1,
    6,
    8,
    7,
    0,
    3,
    3,
    4,
    6,
    8,
    2,
    5,
    7,
    7,
    2,
    2,
    6,
    0,
    7,
    5,
    4,
    5,
    8,
    5,
    8,
    5,
    0,
    7
  ],
  "boxes": [
    {
      "char": "三",
      "bbox": {
        "x_min": 0.509765625,
        "y_min": 0.8515625,
        "x_max": 0.591796875,
        "y_max": 0.9375
      }
    },
    {
      "char": "万",
      "bbox": {
        "x_min": 0.708984375,
        "y_min": 0.783203125,
        "x_max": 0.7578125,
        "y_max": 0.84765625
      }
    },
    {
      "char": "四",
      "bbox": {
        "x_min": 0.076171875,
        "y_min": 0.73046875,
        "x_max": 0.255859375,
        "y_max": 0.94140625
      }
    },
    {
      "char": "百",
      "bbox": {
        "x_min": 0.67578125,
        "y_min": 0.443359375,
        "x_max": 0.78515625,
        "y_max": 0.599609375
      }
    },
    {
      "char": "零",
      "bbox": {
        "x_min": 0.546875,
        "y_min": 0.546875,
        "x_max": 0.6875,
        "y_max": 0.8046875
      }
    },
    {
      "char": "三",
      "bbox": {
        "x_min": 0.1171875,
        "y_min": 0.35546875,
        "x_max": 0.23046875,
        "y_max": 0.47265625
      }
    },
    {
      "char": "零",
      "bbox": {
        "x_min": 0.22265625,
        "y_min": 0.640625,
        "x_max": 0.2578125,
        "y_max": 0.708984375
      }
    }
  ]
}