{
  "image_filename": "00265.png",
  "visualization_filename": "00265_vis.png",
  "mnist_digits": [
    5,
    9,
    4,
    1,
    4,
    6,
    1,
    3,
    2,
    8,
    3,
    3,
    6,
    8,
    9,
    4,
    3,
    3,
    8,
    7,
    3,
    9,
    3,
    2,
    7
  ],
  "boxes": [
    {
      "char": "万",
      "bbox": {
        "x_min": 0.328125,
        "y_min": 0.677734375,
        "x_max": 0.421875,
        "y_max": 0.826171875
      }
    },
    {
      "char": "九",
      "bbox": {
        "x_min": 0.16796875,
        "y_min": 0.375,
        "x_max": 0.3203125,
        "y_max": 0.51171875
      }
    },
    {
      "char": "二",
      "bbox": {
        "x_min": 0.001953125,
        "y_min": 0.298828125,
        "x_max": 0.0859375,
        "y_max": 0.3515625
      }
    },
    {
      "char": "六",
      "bbox": {
        "x_min": 0.66015625,
        "y_min": 0.5703125,
        "x_max": 0.84765625,
        "y_max": 0.765625
      }
    },
    {
      "char": "亿",
      "bbox": {
        "x_min": 0.33203125,
        "y_min": 0.23046875,
        "x_max": 0.453125,
        "y_max": 0.333984375
      }
    },
    {
      "char": "亿",
      "bbox": {
        "x_min": 0.47265625,
        "y_min": 0.041015625,
        "x_max": 0.72265625,
        "y_max": 0.330078125
      }
    },
    {
      "char": "千",
      "bbox": {
        "x_min": 0.748046875,
        "y_min": 0.232421875,
        "x_max": 0.841796875,
        "y_max": 0.388671875
      }
    },
    {
      "char": "亿",
      "bbox": {
        "x_min": 0.03125,
        "y_min": 0.451171875,
        "x_max": 0.150390625,
        "y_max": 0.59375
      }
    }
  ]
}