{
  "image_filename": "00268.png",
  "visualization_filename": "00268_vis.png",
  "mnist_digits": [
    8,
    8,
    1,
    5,
    2,
    6,
    9,
    3,
    6,
    6
  ],
  "boxes": [
    {
      "char": "三",
      "bbox": {
        "x_min": 0.171875,
        "y_min": 0.142578125,
        "x_max": 0.630859375,
        "y_max": 0.556640625
      }
    },
    {
      "char": "七",
      "bbox": {
        "x_min": 0.791015625,
        "y_min": 0.775390625,
        "x_max": 0.90234375,
        "y_max": 0.916015625
      }
    },
    {
      "char": "百",
      "bbox": {
        "x_min": 0.296875,
        "y_min": 0.697265625,
        "x_max": 0.431640625,
        "y_max": 0.986328125
      }
    },
    {
      "char": "二",
      "bbox": {
        "x_min": 0.041015625,
        "y_min": 0.74609375,
        "x_max": 0.134765625,
        "y_max": 0.81640625
      }
    }
  ]
}