{
  "image_filename": "00264.png",
  "visualization_filename": "00264_vis.png",
  "mnist_digits": [
    3,
    0,
    2,
    4,
    0,
    2,
    6,
    5,
    5,
    7,
    9,
    9,
    3,
    6,
    5,
    0,
    3,
    7
  ],
  "boxes": [
    {
      "char": "亿",
      "bbox": {
        "x_min": 0.326171875,
        "y_min": 0.515625,
        "x_max": 0.623046875,
        "y_max": 0.765625
      }
    },
    {
      "char": "二",
      "bbox": {
        "x_min": 0.2265625,
        "y_min": 0.080078125,
        "x_max": 0.443359375,
        "y_max": 0.23828125
      }
    },
    {
      "char": "千",
      "bbox": {
        "x_min": 0.501953125,
        "y_min": 0.04296875,
        "x_max": 0.537109375,
        "y_max": 0.09765625
      }
    },
    {
      "char": "七",
      "bbox": {
        "x_min": 0.046875,
        "y_min": 0.58203125,
        "x_max": 0.400390625,
        "y_max": 0.962890625
      }
    },
    {
      "char": "亿",
      "bbox": {
        "x_min": 0.8984375,
        "y_min": 0.3515625,
        "x_max": 0.958984375,
        "y_max": 0.4140625
      }
    }
  ]
}