{
  "image_filename": "00262.png",
  "visualization_filename": "00262_vis.png",
  "mnist_digits": [
    1,
    4,
    1,
    1,
    3,
    0,
    0,
    5,
    6,
    9,
    5,
    4,
    9,
    5
  ],
  "boxes": [
    {
      "char": "百",
      "bbox": {
        "x_min": 0.642578125,
        "y_min": 0.515625,
        "x_max": 0.912109375,
        "y_max": 0.88671875
      }
    },
    {
      "char": "千",
      "bbox": {
        "x_min": 0.353515625,
        "y_min": 0.517578125,
        "x_max": 0.392578125,
        "y_max": 0.57421875
      }
    },
    {
      "char": "亿",
      "bbox": {
        "x_min": 0.298828125,
        "y_min": 0.556640625,
        "x_max": 0.3515625,
        "y_max": 0.61328125
      }
    }
  ]
}