{
  "image_filename": "00260.png",
  "visualization_filename": "00260_vis.png",
  "mnist_digits": [
    9,
    0,
    3,
    7,
    5,
    8,
    4,
    6,
    8,
    9,
    9,
    2,
    4,
    5,
    5,
    3,
    1,
    2,
    4,
    0,
    1,
    9,
    9,
    4,
    6,
    2,
    1,
    9,
    4,
    1,
    2,
    8,
    5,
    5,
    8
  ],
  "boxes": [
    {
      "char": "千",
      "bbox": {
        "x_min": 0.076171875,
        "y_min": 0.3515625,
        "x_max": 0.169921875,
        "y_max": 0.49609375
      }
    },
    {
      "char": "万",
      "bbox": {
        "x_min": 0.8359375,
        "y_min": 0.48046875,
        "x_max": 0.953125,
        "y_max": 0.71484375
      }
    },
    {
      "char": "十",
      "bbox": {
        "x_min": 0.962890625,
        "y_min": 0.74609375,
        "x_max": 0.98046875,
        "y_max": 0.76953125
      }
    }
  ]
}