{
  "image_filename": "00267.png",
  "visualization_filename": "00267_vis.png",
  "mnist_digits": [
    7,
    2,
    8,
    9,
    4,
    6,
    2,
    9,
    4,
    4,
    1,
    7,
    1,
    3,
    5,
    0,
    4,
    8,
    7,
    3,
    9,
    4,
    9,
    2,
    6,
    8
  ],
  "boxes": [
    {
      "char": "十",
      "bbox": {
        "x_min": 0.57421875,
        "y_min": 0.36328125,
        "x_max": 0.607421875,
        "y_max": 0.40625
      }
    },
    {
      "char": "十",
      "bbox": {
        "x_min": 0.537109375,
        "y_min": 0.232421875,
        "x_max": 0.580078125,
        "y_max": 0.26953125
      }
    },
    {
      "char": "九",
      "bbox": {
        "x_min": 0.259765625,
        "y_min": 0.138671875,
        "x_max": 0.52734375,
        "y_max": 0.376953125
      }
    },
    {
      "char": "零",
      "bbox": {
        "x_min": 0.333984375,
        "y_min": 0.59375,
        "x_max": 0.5,
        "y_max": 0.791015625
      }
    },
    {
      "char": "二",
      "bbox": {
        "x_min": 0.09765625,
        "y_min": 0.333984375,
        "x_max": 0.296875,
        "y_max": 0.509765625
      }
    }
  ]
}