{
  "image_filename": "00266.png",
  "visualization_filename": "00266_vis.png",
  "mnist_digits": [
    5,
    9,
    6,
    4,
    4,
    1,
    3,
    2,
    2,
    0,
    7
  ],
  "boxes": [
    {
      "char": "千",
      "bbox": {
        "x_min": 0.001953125,
        "y_min": 0.05859375,
        "x_max": 0.6875,
        "y_max": 0.94921875
      }
    },
    {
      "char": "千",
      "bbox": {
        "x_min": 0.853515625,
        "y_min": 0.041015625,
        "x_max": 0.953125,
        "y_max": 0.17578125
      }
    },
    {
      "char": "万",
      "bbox": {
        "x_min": 0.296875,
        "y_min": 0.61328125,
        "x_max": 0.373046875,
        "y_max": 0.7421875
      }
    },
    {
      "char": "零",
      "bbox": {
        "x_min": 0.779296875,
        "y_min": 0.359375,
        "x_max": 0.8203125,
        "y_max": 0.4375
      }
    }
  ]
}