{
  "image_filename": "00261.png",
  "visualization_filename": "00261_vis.png",
  "mnist_digits": [
    1,
    3,
    6,
    9,
    7,
    4,
    4,
    4,
    2,
    5,
    6,
    9,
    6,
    2,
    1,
    2,
    1,
    5,
    5,
    2,
    4,
    8,
    3,
    6,
    1,
    3
  ],
  "boxes": [
    {
      "char": "八",
      "bbox": {
        "x_min": 0.630859375,
        "y_min": 0.4296875,
        "x_max": 0.755859375,
        "y_max": 0.5390625
      }
    },
    {
      "char": "十",
      "bbox": {
        "x_min": 0.16796875,
        "y_min": 0.626953125,
        "x_max": 0.24609375,
        "y_max": 0.693359375
      }
    },
    {
      "char": "四",
      "bbox": {
        "x_min": 0.783203125,
        "y_min": 0.2265625,
        "x_max": 0.94921875,
        "y_max": 0.40625
      }
    },
    {
      "char": "十",
      "bbox": {
        "x_min": 0.046875,
        "y_min": 0.232421875,
        "x_max": 0.107421875,
        "y_max": 0.31640625
      }
    },
    {
      "char": "十",
      "bbox": {
        "x_min": 0.70703125,
        "y_min": 0.044921875,
        "x_max": 0.75,
        "y_max": 0.103515625
      }
    },
    {
      "char": "万",
      "bbox": {
        "x_min": 0.69921875,
        "y_min": 0.576171875,
        "x_max": 0.81640625,
        "y_max": 0.818359375
      }
    },
    {
      "char": "零",
      "bbox": {
        "x_min": 0.513671875,
        "y_min": 0.443359375,
        "x_max": 0.607421875,
        "y_max": 0.595703125
      }
    }
  ]
}