{
  "image_filename": "00276.png",
  "visualization_filename": "00276_vis.png",
  "mnist_digits": [
    9,
    0,
    9,
    2,
    4,
    7
  ],
  "boxes": [
    {
      "char": "零",
      "bbox": {
        "x_min": 0.703125,
        "y_min": 0.154296875,
        "x_max": 0.96484375,
        "y_max": 0.62890625
      }
    },
    {
      "char": "一",
      "bbox": {
        "x_min": 0.662109375,
        "y_min": 0.95703125,
        "x_max": 0.701171875,
        "y_max": 0.966796875
      }
    },
    {
      "char": "零",
      "bbox": {
        "x_min": 0.4375,
        "y_min": 0.3828125,
        "x_max": 0.525390625,
        "y_max": 0.59375
      }
    }
  ]
}