{
  "image_filename": "00277.png",
  "visualization_filename": "00277_vis.png",
  "mnist_digits": [
    8,
    6,
    1,
    6,
    2,
    9,
    7,
    6,
    4,
    2,
    0,
    4,
    5,
    8,
    2,
    3,
    5,
    4,
    7,
    2,
    8,
    3,
    4,
    1,
    1,
    1,
    8,
    9,
    0,
    2,
    2
  ],
  "boxes": [
    {
      "char": "五",
      "bbox": {
        "x_min": 0.322265625,
        "y_min": 0.818359375,
        "x_max": 0.470703125,
        "y_max": 0.958984375
      }
    },
    {
      "char": "七",
      "bbox": {
        "x_min": 0.001953125,
        "y_min": 0.1015625,
        "x_max": 0.140625,
        "y_max": 0.21875
      }
    },
    {
      "char": "百",
      "bbox": {
        "x_min": 0.349609375,
        "y_min": 0.671875,
        "x_max": 0.416015625,
        "y_max": 0.78515625
      }
    },
    {
      "char": "亿",
      "bbox": {
        "x_min": 0.271484375,
        "y_min": 0.20703125,
        "x_max": 0.453125,
        "y_max": 0.41796875
      }
    }
  ]
}