{
  "image_filename": "00274.png",
  "visualization_filename": "00274_vis.png",
  "mnist_digits": [
    6,
    6,
    2,
    1,
    2,
    9,
    2,
    7,
    1,
    8,
    3
  ],
  "boxes": [
    {
      "char": "九",
      "bbox": {
        "x_min": 0.47265625,
        "y_min": 0.51953125,
        "x_max": 0.7109375,
        "y_max": 0.767578125
      }
    },
    {
      "char": "八",
      "bbox": {
        "x_min": 0.388671875,
        "y_min": 0.697265625,
        "x_max": 0.623046875,
        "y_max": 0.84375
      }
    },
    {
      "char": "七",
      "bbox": {
        "x_min": 0.658203125,
        "y_min": 0.3203125,
        "x_max": 0.798828125,
        "y_max": 0.4609375
      }
    },
    {
      "char": "万",
      "bbox": {
        "x_min": 0.013671875,
        "y_min": 0.14453125,
        "x_max": 0.421875,
        "y_max": 0.689453125
      }
    },
    {
      "char": "万",
      "bbox": {
        "x_min": 0.486328125,
        "y_min": 0.84375,
        "x_max": 0.544921875,
        "y_max": 0.9375
      }
    },
    {
      "char": "四",
      "bbox": {
        "x_min": 0.599609375,
        "y_min": 0.01171875,
        "x_max": 0.71875,
        "y_max": 0.138671875
      }
    },
    {
      "char": "亿",
      "bbox": {
        "x_min": 0.556640625,
        "y_min": 0.12890625,
        "x_max": 0.638671875,
        "y_max": 0.189453125
      }
    }
  ]
}