{
  "image_filename": "00279.png",
  "visualization_filename": "00279_vis.png",
  "mnist_digits": [
    4,
    0,
    8,
    1,
    5,
    7,
    6,
    9,
    4,
    3,
    3,
    7,
    7,
    6,
    5,
    9,
    4,
    6,
    5,
    8,
    5,
    2,
    1,
    1,
    6,
    4,
    1,
    4,
    2
  ],
  "boxes": [
    {
      "char": "三",
      "bbox": {
        "x_min": 0.375,
        "y_min": 0.4609375,
        "x_max": 0.6015625,
        "y_max": 0.625
      }
    },
    {
      "char": "百",
      "bbox": {
        "x_min": 0.75390625,
        "y_min": 0.591796875,
        "x_max": 0.873046875,
        "y_max": 0.81640625
      }
    },
    {
      "char": "二",
      "bbox": {
        "x_min": 0.3515625,
        "y_min": 0.30078125,
        "x_max": 0.4140625,
        "y_max": 0.353515625
      }
    },
    {
      "char": "四",
      "bbox": {
        "x_min": 0.51953125,
        "y_min": 0.69921875,
        "x_max": 0.625,
        "y_max": 0.798828125
      }
    },
    {
      "char": "十",
      "bbox": {
        "x_min": 0.76171875,
        "y_min": 0.169921875,
        "x_max": 0.85546875,
        "y_max": 0.322265625
      }
    },
    {
      "char": "一",
      "bbox": {
        "x_min": 0.23828125,
        "y_min": 0.669921875,
        "x_max": 0.3671875,
        "y_max": 0.751953125
      }
    }
  ]
}