{
  "image_filename": "00273.png",
  "visualization_filename": "00273_vis.png",
  "mnist_digits": [
    2,
    9,
    9,
    2,
    2,
    0,
    5,
    7,
    4,
    1,
    7,
    8,
    8,
    8,
    4,
    6,
    7,
    1
  ],
  "boxes": [
    {
      "char": "三",
      "bbox": {
        "x_min": 0.916015625,
        "y_min": 0.416015625,
        "x_max": 0.962890625,
        "y_max": 0.474609375
      }
    },
    {
      "char": "二",
      "bbox": {
        "x_min": 0.080078125,
        "y_min": 0.029296875,
        "x_max": 0.220703125,
        "y_max": 0.193359375
      }
    },
    {
      "char": "五",
      "bbox": {
        "x_min": 0.576171875,
        "y_min": 0.1953125,
        "x_max": 0.794921875,
        "y_max": 0.4375
      }
    },
    {
      "char": "亿",
      "bbox": {
        "x_min": 0.662109375,
        "y_min": 0.51953125,
        "x_max": 0.896484375,
        "y_max": 0.76953125
      }
    },
    {
      "char": "二",
      "bbox": {
        "x_min": 0.52734375,
        "y_min": 0.513671875,
        "x_max": 0.640625,
        "y_max": 0.599609375
      }
    },
    {
      "char": "六",
      "bbox": {
        "x_min": 0.48828125,
        "y_min": 0.1640625,
        "x_max": 0.53515625,
        "y_max": 0.2265625
      }
    },
    {
      "char": "三",
      "bbox": {
        "x_min": 0.533203125,
        "y_min": 0.62109375,
        "x_max": 0.580078125,
        "y_max": 0.65234375
      }
    },
    {
      "char": "八",
      "bbox": {
        "x_min": 0.650390625,
        "y_min": 0.009765625,
        "x_max": 0.783203125,
        "y_max": 0.095703125
      }
    }
  ]
}