{
  "image_filename": "00278.png",
  "visualization_filename": "00278_vis.png",
  "mnist_digits": [
    0,
    9,
    7,
    8,
    7,
    6,
    5,
    7,
    3,
    6,
    4,
    3,
    9,
    2,
    3,
    6,
    0,
    6
  ],
  "boxes": [
    {
      "char": "六",
      "bbox": {
        "x_min": 0.33984375,
        "y_min": 0.2578125,
        "x_max": 0.50390625,
        "y_max": 0.494140625
      }
    },
    {
      "char": "二",
      "bbox": {
        "x_min": 0.39453125,
        "y_min": 0.783203125,
        "x_max": 0.46484375,
        "y_max": 0.82421875
      }
    },
    {
      "char": "千",
      "bbox": {
        "x_min": 0.1484375,
        "y_min": 0.6484375,
        "x_max": 0.234375,
        "y_max": 0.8203125
      }
    },
    {
      "char": "千",
      "bbox": {
        "x_min": 0.669921875,
        "y_min": 0.369140625,
        "x_max": 0.75,
        "y_max": 0.521484375
      }
    },
    {
      "char": "零",
      "bbox": {
        "x_min": 0.6875,
        "y_min": 0.69140625,
        "x_max": 0.802734375,
        "y_max": 0.916015625
      }
    }
  ]
}