{
  "image_filename": "00271.png",
  "visualization_filename": "00271_vis.png",
  "mnist_digits": [
    4,
    7,
    9,
    3,
    9,
    9,
    0,
    5,
    6,
    4,
    2,
    2,
    9,
    2,
    0,
    5,
    8,
    0,
    2,
    1,
    9,
    7,
    6,
    6
  ],
  "boxes": [
    {
      "char": "九",
      "bbox": {
        "x_min": 0.505859375,
        "y_min": 0.4609375,
        "x_max": 0.646484375,
        "y_max": 0.619140625
      }
    },
    {
      "char": "万",
      "bbox": {
        "x_min": 0.53515625,
        "y_min": 0.060546875,
        "x_max": 0.65234375,
        "y_max": 0.302734375
      }
    }
  ]
}