{
  "image_filename": "00288.png",
  "visualization_filename": "00288_vis.png",
  "mnist_digits": [
    6,
    1,
    8,
    7,
    8
  ],
  "boxes": [
    {
      "char": "零",
      "bbox": {
        "x_min": 0.525390625,
        "y_min": 0.6328125,
        "x_max": 0.68359375,
        "y_max": 0.857421875
      }
    },
    {
      "char": "千",
      "bbox": {
        "x_min": 0.87890625,
        "y_min": 0.548828125,
        "x_max": 0.97265625,
        "y_max": 0.732421875
      }
    },
    {
      "char": "一",
      "bbox": {
        "x_min": 0.01171875,
        "y_min": 0.439453125,
        "x_max": 0.0546875,
        "y_max": 0.453125
      }
    },
    {
      "char": "八",
      "bbox": {
        "x_min": 0.12890625,
        "y_min": 0.630859375,
        "x_max": 0.42578125,
        "y_max": 0.919921875
      }
    },
    {
      "char": "百",
      "bbox": {
        "x_min": 0.03125,
        "y_min": 0.05859375,
        "x_max": 0.31640625,
        "y_max": 0.4765625
      }
    },
    {
      "char": "七",
      "bbox": {
        "x_min": 0.8671875,
        "y_min": 0.482421875,
        "x_max": 0.91796875,
        "y_max": 0.54296875
      }
    }
  ]
}