{
  "image_filename": "00284.png",
  "visualization_filename": "00284_vis.png",
  "mnist_digits": [
    6,
    1,
    1,
    8,
    1,
    5,
    7,
    0,
    2,
    7,
    8,
    1,
    5
  ],
  "boxes": [
    {
      "char": "千",
      "bbox": {
        "x_min": 0.705078125,
        "y_min": 0.384765625,
        "x_max": 0.892578125,
        "y_max": 0.681640625
      }
    },
    {
      "char": "六",
      "bbox": {
        "x_min": 0.783203125,
        "y_min": 0.279296875,
        "x_max": 0.822265625,
        "y_max": 0.3125
      }
    },
    {
      "char": "八",
      "bbox": {
        "x_min": 0.25,
        "y_min": 0.578125,
        "x_max": 0.349609375,
        "y_max": 0.712890625
      }
    }
  ]
}