{
  "image_filename": "00286.png",
  "visualization_filename": "00286_vis.png",
  "mnist_digits": [
    1,
    7,
    9,
    7,
    8,
    0,
    0
  ],
  "boxes": [
    {
      "char": "万",
      "bbox": {
        "x_min": 0.41015625,
        "y_min": 0.2421875,
        "x_max": 0.52734375,
        "y_max": 0.3828125
      }
    },
    {
      "char": "五",
      "bbox": {
        "x_min": 0.060546875,
        "y_min": 0.078125,
        "x_max": 0.369140625,
        "y_max": 0.361328125
      }
    },
    {
      "char": "亿",
      "bbox": {
        "x_min": 0.79296875,
        "y_min": 0.693359375,
        "x_max": 0.84765625,
        "y_max": 0.73828125
      }
    },
    {
      "char": "万",
      "bbox": {
        "x_min": 0.248046875,
        "y_min": 0.384765625,
        "x_max": 0.4765625,
        "y_max": 0.72265625
      }
    },
    {
      "char": "零",
      "bbox": {
        "x_min": 0.9609375,
        "y_min": 0.720703125,
        "x_max": 0.994140625,
        "y_max": 0.78125
      }
    }
  ]
}