{
  "image_filename": "00281.png",
  "visualization_filename": "00281_vis.png",
  "mnist_digits": [
    6,
    8,
    5,
    9,
    4,
    3,
    7,
    9,
    1,
    3,
    6,
    9,
    2,
    8,
    1,
    1,
    7,
    5,
    8,
    6,
    4,
    1,
    9,
    4,
    1
  ],
  "boxes": [
    {
      "char": "万",
      "bbox": {
        "x_min": 0.05859375,
        "y_min": 0.765625,
        "x_max": 0.1484375,
        "y_max": 0.91796875
      }
    },
    {
      "char": "万",
      "bbox": {
        "x_min": 0.626953125,
        "y_min": 0.46484375,
        "x_max": 0.775390625,
        "y_max": 0.70703125
      }
    },
    {
      "char": "百",
      "bbox": {
        "x_min": 0.1953125,
        "y_min": 0.80859375,
        "x_max": 0.279296875,
        "y_max": 0.994140625
      }
    },
    {
      "char": "万",
      "bbox": {
        "x_min": 0.6953125,
        "y_min": 0.1171875,
        "x_max": 0.884765625,
        "y_max": 0.376953125
      }
    },
    {
      "char": "七",
      "bbox": {
        "x_min": 0.19921875,
        "y_min": 0.517578125,
        "x_max": 0.27734375,
        "y_max": 0.607421875
      }
    }
  ]
}