{
  "image_filename": "00287.png",
  "visualization_filename": "00287_vis.png",
  "mnist_digits": [
    9,
    1,
    9,
    7,
    3,
    3,
    6,
    8,
    6,
    1,
    9,
    1,
    0,
    9,
    7,
    0,
    5,
    4,
    0,
    4
  ],
  "boxes": [
    {
      "char": "万",
      "bbox": {
        "x_min": 0.38671875,
        "y_min": 0.025390625,
        "x_max": 0.55859375,
        "y_max": 0.259765625
      }
    },
    {
      "char": "亿",
      "bbox": {
        "x_min": 0.490234375,
        "y_min": 0.484375,
        "x_max": 0.654296875,
        "y_max": 0.671875
      }
    },
    {
      "char": "亿",
      "bbox": {
        "x_min": 0.654296875,
        "y_min": 0,
        "x_max": 0.986328125,
        "y_max": 0.533203125
      }
    },
    {
      "char": "一",
      "bbox": {
        "x_min": 0.07421875,
        "y_min": 0.1328125,
        "x_max": 0.185546875,
        "y_max": 0.208984375
      }
    },
    {
      "char": "亿",
      "bbox": {
        "x_min": 0.5234375,
        "y_min": 0.80078125,
        "x_max": 0.609375,
        "y_max": 0.875
      }
    }
  ]
}