{
  "image_filename": "00282.png",
  "visualization_filename": "00282_vis.png",
  "mnist_digits": [
    3,
    1,
    8,
    8,
    9,
    1,
    9,
    1
  ],
  "boxes": [
    {
      "char": "四",
      "bbox": {
        "x_min": 0.548828125,
        "y_min": 0.419921875,
        "x_max": 0.837890625,
        "y_max": 0.6796875
      }
    },
    {
      "char": "九",
      "bbox": {
        "x_min": 0.421875,
        "y_min": 0.369140625,
        "x_max": 0.55078125,
        "y_max": 0.50390625
      }
    },
    {
      "char": "五",
      "bbox": {
        "x_min": 0.068359375,
        "y_min": 0.388671875,
        "x_max": 0.3828125,
        "y_max": 0.8203125
      }
    },
    {
      "char": "一",
      "bbox": {
        "x_min": 0.41796875,
        "y_min": 0.673828125,
        "x_max": 0.935546875,
        "y_max": 0.8828125
      }
    }
  ]
}