{
  "image_filename": "00289.png",
  "visualization_filename": "00289_vis.png",
  "mnist_digits": [
    1,
    9,
    1,
    8,
    2,
    6,
    4,
    2,
    5,
    8,
    6,
    4,
    9,
    7,
    0,
    4,
    2
  ],
  "boxes": [
    {
      "char": "八",
      "bbox": {
        "x_min": 0.130859375,
        "y_min": 0.82421875,
        "x_max": 0.16015625,
        "y_max": 0.87109375
      }
    },
    {
      "char": "八",
      "bbox": {
        "x_min": 0.30859375,
        "y_min": 0.05859375,
        "x_max": 0.603515625,
        "y_max": 0.2890625
      }
    },
    {
      "char": "万",
      "bbox": {
        "x_min": 0.1015625,
        "y_min": 0.546875,
        "x_max": 0.25390625,
        "y_max": 0.72265625
      }
    }
  ]
}