{
  "image_filename": "00285.png",
  "visualization_filename": "00285_vis.png",
  "mnist_digits": [
    6,
    9,
    7,
    5,
    8,
    5,
    2,
    1,
    3,
    3,
    8,
    4,
    7,
    1,
    3,
    1,
    2,
    6,
    7,
    9,
    5,
    2,
    9,
    9
  ],
  "boxes": [
    {
      "char": "万",
      "bbox": {
        "x_min": 0.17578125,
        "y_min": 0.0390625,
        "x_max": 0.708984375,
        "y_max": 0.734375
      }
    },
    {
      "char": "二",
      "bbox": {
        "x_min": 0.91796875,
        "y_min": 0.083984375,
        "x_max": 0.96875,
        "y_max": 0.1171875
      }
    },
    {
      "char": "九",
      "bbox": {
        "x_min": 0.005859375,
        "y_min": 0.630859375,
        "x_max": 0.087890625,
        "y_max": 0.765625
      }
    }
  ]
}