{
  "image_filename": "00280.png",
  "visualization_filename": "00280_vis.png",
  "mnist_digits": [
    3,
    1,
    0,
    8,
    6,
    0,
    7,
    8,
    7,
    8,
    8,
    4,
    6,
    1,
    8,
    1,
    9,
    7,
    0,
    7,
    8,
    4,
    8,
    7
  ],
  "boxes": [
    {
      "char": "五",
      "bbox": {
        "x_min": 0.72265625,
        "y_min": 0.56640625,
        "x_max": 0.78515625,
        "y_max": 0.626953125
      }
    },
    {
      "char": "二",
      "bbox": {
        "x_min": 0.328125,
        "y_min": 0.24609375,
        "x_max": 0.42578125,
        "y_max": 0.33203125
      }
    },
    {
      "char": "四",
      "bbox": {
        "x_min": 0.62109375,
        "y_min": 0.177734375,
        "x_max": 0.80078125,
        "y_max": 0.365234375
      }
    },
    {
      "char": "二",
      "bbox": {
        "x_min": 0.11328125,
        "y_min": 0.001953125,
        "x_max": 0.23046875,
        "y_max": 0.078125
      }
    }
  ]
}