{
  "image_filename": "00290.png",
  "visualization_filename": "00290_vis.png",
  "mnist_digits": [
    3,
    5,
    7,
    7,
    5,
    5,
    9,
    4,
    0,
    6,
    9,
    7,
    6,
    3,
    4,
    4,
    1,
    3,
    1,
    9,
    1,
    1
  ],
  "boxes": [
    {
      "char": "千",
      "bbox": {
        "x_min": 0.58203125,
        "y_min": 0.548828125,
        "x_max": 0.640625,
        "y_max": 0.642578125
      }
    },
    {
      "char": "八",
      "bbox": {
        "x_min": 0.43359375,
        "y_min": 0.556640625,
        "x_max": 0.478515625,
        "y_max": 0.580078125
      }
    }
  ]
}