{
  "image_filename": "00293.png",
  "visualization_filename": "00293_vis.png",
  "mnist_digits": [
    9,
    8,
    4,
    0,
    9,
    7
  ],
  "boxes": [
    {
      "char": "二",
      "bbox": {
        "x_min": 0.84375,
        "y_min": 0.873046875,
        "x_max": 0.990234375,
        "y_max": 0.931640625
      }
    },
    {
      "char": "三",
      "bbox": {
        "x_min": 0.31640625,
        "y_min": 0.37109375,
        "x_max": 0.841796875,
        "y_max": 0.958984375
      }
    },
    {
      "char": "零",
      "bbox": {
        "x_min": 0.068359375,
        "y_min": 0.06640625,
        "x_max": 0.193359375,
        "y_max": 0.22265625
      }
    },
    {
      "char": "万",
      "bbox": {
        "x_min": 0.046875,
        "y_min": 0.263671875,
        "x_max": 0.19921875,
        "y_max": 0.392578125
      }
    },
    {
      "char": "万",
      "bbox": {
        "x_min": 0.267578125,
        "y_min": 0.2265625,
        "x_max": 0.361328125,
        "y_max": 0.3125
      }
    }
  ]
}