{
  "image_filename": "00296.png",
  "visualization_filename": "00296_vis.png",
  "mnist_digits": [
    5,
    6,
    2,
    8,
    1,
    3,
    4,
    9,
    6,
    5,
    6,
    6,
    5,
    6,
    6
  ],
  "boxes": [
    {
      "char": "零",
      "bbox": {
        "x_min": 0.6015625,
        "y_min": 0.658203125,
        "x_max": 0.8125,
        "y_max": 0.939453125
      }
    },
    {
      "char": "亿",
      "bbox": {
        "x_min": 0.736328125,
        "y_min": 0.173828125,
        "x_max": 0.80078125,
        "y_max": 0.240234375
      }
    },
    {
      "char": "万",
      "bbox": {
        "x_min": 0.04296875,
        "y_min": 0.802734375,
        "x_max": 0.1484375,
        "y_max": 0.990234375
      }
    },
    {
      "char": "亿",
      "bbox": {
        "x_min": 0.53515625,
        "y_min": 0.7578125,
        "x_max": 0.59765625,
        "y_max": 0.8203125
      }
    },
    {
      "char": "三",
      "bbox": {
        "x_min": 0.021484375,
        "y_min": 0.056640625,
        "x_max": 0.91796875,
        "y_max": 0.654296875
      }
    },
    {
      "char": "亿",
      "bbox": {
        "x_min": 0.599609375,
        "y_min": 0.919921875,
        "x_max": 0.638671875,
        "y_max": 0.966796875
      }
    }
  ]
}