{
  "image_filename": "00295.png",
  "visualization_filename": "00295_vis.png",
  "mnist_digits": [
    7,
    4,
    1,
    9,
    1,
    6,
    5,
    7,
    9,
    2,
    9,
    5,
    3,
    3,
    3,
    6,
    9,
    4,
    3,
    9
  ],
  "boxes": [
    {
      "char": "万",
      "bbox": {
        "x_min": 0.0546875,
        "y_min": 0,
        "x_max": 0.166015625,
        "y_max": 0.134765625
      }
    },
    {
      "char": "三",
      "bbox": {
        "x_min": 0.099609375,
        "y_min": 0.521484375,
        "x_max": 0.19921875,
        "y_max": 0.64453125
      }
    },
    {
      "char": "五",
      "bbox": {
        "x_min": 0.59375,
        "y_min": 0.849609375,
        "x_max": 0.70703125,
        "y_max": 0.95703125
      }
    }
  ]
}