{
  "image_filename": "00292.png",
  "visualization_filename": "00292_vis.png",
  "mnist_digits": [
    7,
    3,
    7,
    6,
    9,
    0,
    5,
    0,
    0,
    8,
    3,
    4,
    6,
    4,
    9,
    3,
    0,
    2,
    4,
    4,
    2,
    2
  ],
  "boxes": [
    {
      "char": "零",
      "bbox": {
        "x_min": 0.89453125,
        "y_min": 0.80859375,
        "x_max": 0.98828125,
        "y_max": 0.94921875
      }
    },
    {
      "char": "零",
      "bbox": {
        "x_min": 0.685546875,
        "y_min": 0.06640625,
        "x_max": 0.716796875,
        "y_max": 0.130859375
      }
    },
    {
      "char": "二",
      "bbox": {
        "x_min": 0.603515625,
        "y_min": 0.439453125,
        "x_max": 0.791015625,
        "y_max": 0.556640625
      }
    },
    {
      "char": "万",
      "bbox": {
        "x_min": 0.32421875,
        "y_min": 0.201171875,
        "x_max": 0.48828125,
        "y_max": 0.412109375
      }
    },
    {
      "char": "八",
      "bbox": {
        "x_min": 0.333984375,
        "y_min": 0.740234375,
        "x_max": 0.466796875,
        "y_max": 0.919921875
      }
    },
    {
      "char": "二",
      "bbox": {
        "x_min": 0.123046875,
        "y_min": 0.083984375,
        "x_max": 0.279296875,
        "y_max": 0.185546875
      }
    },
    {
      "char": "八",
      "bbox": {
        "x_min": 0.080078125,
        "y_min": 0.87890625,
        "x_max": 0.21484375,
        "y_max": 0.99609375
      }
    }
  ]
}