{
  "image_filename": "00298.png",
  "visualization_filename": "00298_vis.png",
  "mnist_digits": [
    4,
    7,
    3,
    2,
    1,
    2,
    8,
    3,
    1,
    8,
    7,
    2,
    3,
    0,
    2,
    2,
    4,
    9
  ],
  "boxes": [
    {
      "char": "九",
      "bbox": {
        "x_min": 0.208984375,
        "y_min": 0.5546875,
        "x_max": 0.458984375,
        "y_max": 0.8671875
      }
    },
    {
      "char": "五",
      "bbox": {
        "x_min": 0.478515625,
        "y_min": 0.193359375,
        "x_max": 0.541015625,
        "y_max": 0.248046875
      }
    },
    {
      "char": "五",
      "bbox": {
        "x_min": 0.75390625,
        "y_min": 0.32421875,
        "x_max": 0.91796875,
        "y_max": 0.494140625
      }
    },
    {
      "char": "二",
      "bbox": {
        "x_min": 0.380859375,
        "y_min": 0.21484375,
        "x_max": 0.466796875,
        "y_max": 0.296875
      }
    },
    {
      "char": "零",
      "bbox": {
        "x_min": 0.564453125,
        "y_min": 0.6875,
        "x_max": 0.60546875,
        "y_max": 0.771484375
      }
    },
    {
      "char": "五",
      "bbox": {
        "x_min": 0.728515625,
        "y_min": 0.763671875,
        "x_max": 0.978515625,
        "y_max": 0.998046875
      }
    }
  ]
}