{
  "image_filename": "00297.png",
  "visualization_filename": "00297_vis.png",
  "mnist_digits": [
    4,
    7,
    6,
    7,
    1,
    0,
    7,
    1,
    4,
    0,
    4,
    9,
    1,
    5,
    3,
    6,
    5,
    5,
    3,
    6,
    4,
    7,
    6,
    9,
    7,
    9,
    7,
    5,
    1,
    7,
    0,
    8
  ],
  "boxes": [
    {
      "char": "百",
      "bbox": {
        "x_min": 0.40625,
        "y_min": 0.31640625,
        "x_max": 0.5,
        "y_max": 0.498046875
      }
    },
    {
      "char": "百",
      "bbox": {
        "x_min": 0.37890625,
        "y_min": 0.001953125,
        "x_max": 0.59765625,
        "y_max": 0.330078125
      }
    },
    {
      "char": "一",
      "bbox": {
        "x_min": 0.6796875,
        "y_min": 0.576171875,
        "x_max": 0.71875,
        "y_max": 0.587890625
      }
    },
    {
      "char": "七",
      "bbox": {
        "x_min": 0.46875,
        "y_min": 0.87109375,
        "x_max": 0.56640625,
        "y_max": 0.9921875
      }
    },
    {
      "char": "五",
      "bbox": {
        "x_min": 0.447265625,
        "y_min": 0.833984375,
        "x_max": 0.482421875,
        "y_max": 0.87109375
      }
    }
  ]
}