{
  "image_filename": "00299.png",
  "visualization_filename": "00299_vis.png",
  "mnist_digits": [
    6,
    0,
    5,
    1,
    5,
    1,
    4,
    7,
    5,
    6,
    5,
    2,
    0,
    8,
    1,
    1,
    3,
    4
  ],
  "boxes": [
    {
      "char": "万",
      "bbox": {
        "x_min": 0.703125,
        "y_min": 0.55859375,
        "x_max": 0.734375,
        "y_max": 0.619140625
      }
    },
    {
      "char": "亿",
      "bbox": {
        "x_min": 0.5,
        "y_min": 0.533203125,
        "x_max": 0.625,
        "y_max": 0.638671875
      }
    },
    {
      "char": "九",
      "bbox": {
        "x_min": 0.048828125,
        "y_min": 0.44921875,
        "x_max": 0.357421875,
        "y_max": 0.853515625
      }
    },
    {
      "char": "二",
      "bbox": {
        "x_min": 0.302734375,
        "y_min": 0.443359375,
        "x_max": 0.396484375,
        "y_max": 0.513671875
      }
    },
    {
      "char": "七",
      "bbox": {
        "x_min": 0.56640625,
        "y_min": 0.00390625,
        "x_max": 0.87109375,
        "y_max": 0.20703125
      }
    }
  ]
}