{
  "image_filename": "00294.png",
  "visualization_filename": "00294_vis.png",
  "mnist_digits": [
    4,
    7,
    5,
    7,
    4,
    7,
    8,
    6,
    2,
    4,
    9,
    6,
    1,
    2,
    6
  ],
  "boxes": [
    {
      "char": "六",
      "bbox": {
        "x_min": 0.705078125,
        "y_min": 0.1484375,
        "x_max": 0.783203125,
        "y_max": 0.2734375
      }
    },
    {
      "char": "二",
      "bbox": {
        "x_min": 0.322265625,
        "y_min": 0.779296875,
        "x_max": 0.494140625,
        "y_max": 0.943359375
      }
    },
    {
      "char": "六",
      "bbox": {
        "x_min": 0.400390625,
        "y_min": 0.24609375,
        "x_max": 0.552734375,
        "y_max": 0.416015625
      }
    },
    {
      "char": "万",
      "bbox": {
        "x_min": 0.544921875,
        "y_min": 0.08203125,
        "x_max": 0.607421875,
        "y_max": 0.1796875
      }
    },
    {
      "char": "万",
      "bbox": {
        "x_min": 0.919921875,
        "y_min": 0.5703125,
        "x_max": 0.990234375,
        "y_max": 0.65625
      }
    },
    {
      "char": "一",
      "bbox": {
        "x_min": 0.029296875,
        "y_min": 0.291015625,
        "x_max": 0.103515625,
        "y_max": 0.314453125
      }
    }
  ]
}