{
  "image_filename": "00291.png",
  "visualization_filename": "00291_vis.png",
  "mnist_digits": [
    0,
    0,
    7,
    8,
    6,
    2,
    7,
    6,
    1,
    3,
    9,
    1,
    3,
    0,
    6,
    2,
    2,
    0,
    1,
    9,
    9,
    4,
    5,
    3,
    3,
    0,
    1,
    0
  ],
  "boxes": [
    {
      "char": "九",
      "bbox": {
        "x_min": 0.708984375,
        "y_min": 0.5546875,
        "x_max": 0.779296875,
        "y_max": 0.62109375
      }
    },
    {
      "char": "八",
      "bbox": {
        "x_min": 0.427734375,
        "y_min": 0.466796875,
        "x_max": 0.5625,
        "y_max": 0.61328125
      }
    },
    {
      "char": "一",
      "bbox": {
        "x_min": 0.80859375,
        "y_min": 0.224609375,
        "x_max": 0.90234375,
        "y_max": 0.248046875
      }
    },
    {
      "char": "千",
      "bbox": {
        "x_min": 0.23046875,
        "y_min": 0.3046875,
        "x_max": 0.353515625,
        "y_max": 0.5390625
      }
    },
    {
      "char": "五",
      "bbox": {
        "x_min": 0.4609375,
        "y_min": 0.662109375,
        "x_max": 0.6015625,
        "y_max": 0.849609375
      }
    },
    {
      "char": "三",
      "bbox": {
        "x_min": 0.287109375,
        "y_min": 0.126953125,
        "x_max": 0.478515625,
        "y_max": 0.259765625
      }
    },
    {
      "char": "五",
      "bbox": {
        "x_min": 0.0546875,
        "y_min": 0.669921875,
        "x_max": 0.12109375,
        "y_max": 0.755859375
      }
    }
  ]
}