{
  "image_filename": "00302.png",
  "visualization_filename": "00302_vis.png",
  "mnist_digits": [
    2,
    5,
    4,
    1,
    4,
    6,
    1,
    9,
    9,
    5,
    8,
    7,
    3,
    4,
    4,
    7,
    8,
    1,
    3,
    4,
    2
  ],
  "boxes": [
    {
      "char": "零",
      "bbox": {
        "x_min": 0.306640625,
        "y_min": 0.5234375,
        "x_max": 0.435546875,
        "y_max": 0.79296875
      }
    },
    {
      "char": "一",
      "bbox": {
        "x_min": 0.931640625,
        "y_min": 0.638671875,
        "x_max": 0.978515625,
        "y_max": 0.658203125
      }
    }
  ]
}