{
  "image_filename": "00300.png",
  "visualization_filename": "00300_vis.png",
  "mnist_digits": [
    9,
    1,
    9,
    7,
    2,
    4,
    6,
    5,
    6,
    6,
    1,
    2,
    1,
    0,
    0,
    0,
    0,
    7,
    7,
    4,
    3,
    9,
    4,
    0,
    3,
    5,
    3,
    2,
    5,
    9,
    3,
    4,
    6
  ],
  "boxes": [
    {
      "char": "零",
      "bbox": {
        "x_min": 0.06640625,
        "y_min": 0.599609375,
        "x_max": 0.166015625,
        "y_max": 0.76953125
      }
    },
    {
      "char": "万",
      "bbox": {
        "x_min": 0.380859375,
        "y_min": 0.109375,
        "x_max": 0.482421875,
        "y_max": 0.234375
      }
    },
    {
      "char": "百",
      "bbox": {
        "x_min": 0.80859375,
        "y_min": 0.724609375,
        "x_max": 0.88671875,
        "y_max": 0.873046875
      }
    },
    {
      "char": "九",
      "bbox": {
        "x_min": 0.7578125,
        "y_min": 0.267578125,
        "x_max": 0.9375,
        "y_max": 0.478515625
      }
    }
  ]
}