{
  "image_filename": "00307.png",
  "visualization_filename": "00307_vis.png",
  "mnist_digits": [
    3,
    1,
    8,
    6,
    3,
    1,
    2,
    4,
    7,
    6,
    6,
    5,
    5,
    7,
    5,
    3,
    9,
    3,
    1,
    4,
    8,
    7,
    9,
    9,
    4,
    2
  ],
  "boxes": [
    {
      "char": "一",
      "bbox": {
        "x_min": 0.1640625,
        "y_min": 0.37109375,
        "x_max": 0.275390625,
        "y_max": 0.41015625
      }
    },
    {
      "char": "一",
      "bbox": {
        "x_min": 0.60546875,
        "y_min": 0.337890625,
        "x_max": 0.6796875,
        "y_max": 0.365234375
      }
    },
    {
      "char": "九",
      "bbox": {
        "x_min": 0.45703125,
        "y_min": 0.623046875,
        "x_max": 0.62109375,
        "y_max": 0.794921875
      }
    },
    {
      "char": "六",
      "bbox": {
        "x_min": 0.88671875,
        "y_min": 0.046875,
        "x_max": 0.9296875,
        "y_max": 0.091796875
      }
    }
  ]
}