{
  "image_filename": "00308.png",
  "visualization_filename": "00308_vis.png",
  "mnist_digits": [
    6,
    0,
    0,
    1,
    5,
    7,
    4,
    0
  ],
  "boxes": [
    {
      "char": "千",
      "bbox": {
        "x_min": 0.322265625,
        "y_min": 0.189453125,
        "x_max": 0.427734375,
        "y_max": 0.4140625
      }
    },
    {
      "char": "三",
      "bbox": {
        "x_min": 0.4296875,
        "y_min": 0.44140625,
        "x_max": 0.47265625,
        "y_max": 0.4921875
      }
    },
    {
      "char": "八",
      "bbox": {
        "x_min": 0.095703125,
        "y_min": 0.92578125,
        "x_max": 0.154296875,
        "y_max": 0.984375
      }
    },
    {
      "char": "四",
      "bbox": {
        "x_min": 0.4609375,
        "y_min": 0.1875,
        "x_max": 0.548828125,
        "y_max": 0.31640625
      }
    },
    {
      "char": "二",
      "bbox": {
        "x_min": 0.69921875,
        "y_min": 0.751953125,
        "x_max": 0.759765625,
        "y_max": 0.806640625
      }
    }
  ]
}