{
  "image_filename": "00303.png",
  "visualization_filename": "00303_vis.png",
  "mnist_digits": [
    7,
    5,
    0,
    1,
    7,
    1,
    6,
    1,
    3,
    7,
    5,
    5,
    2,
    1,
    1,
    6,
    9,
    3,
    3,
    4,
    6,
    9,
    6,
    6,
    3,
    1,
    7,
    4,
    2
  ],
  "boxes": [
    {
      "char": "六",
      "bbox": {
        "x_min": 0.61328125,
        "y_min": 0.16796875,
        "x_max": 0.88671875,
        "y_max": 0.54296875
      }
    },
    {
      "char": "二",
      "bbox": {
        "x_min": 0.048828125,
        "y_min": 0.693359375,
        "x_max": 0.13671875,
        "y_max": 0.765625
      }
    },
    {
      "char": "千",
      "bbox": {
        "x_min": 0.4375,
        "y_min": 0.130859375,
        "x_max": 0.5703125,
        "y_max": 0.326171875
      }
    },
    {
      "char": "三",
      "bbox": {
        "x_min": 0.2109375,
        "y_min": 0.400390625,
        "x_max": 0.296875,
        "y_max": 0.462890625
      }
    },
    {
      "char": "四",
      "bbox": {
        "x_min": 0.267578125,
        "y_min": 0.6953125,
        "x_max": 0.330078125,
        "y_max": 0.75390625
      }
    },
    {
      "char": "八",
      "bbox": {
        "x_min": 0.263671875,
        "y_min": 0.03125,
        "x_max": 0.404296875,
        "y_max": 0.212890625
      }
    }
  ]
}