{
  "image_filename": "00304.png",
  "visualization_filename": "00304_vis.png",
  "mnist_digits": [
    0,
    7,
    1,
    8,
    5,
    0,
    3,
    6,
    2
  ],
  "boxes": [
    {
      "char": "零",
      "bbox": {
        "x_min": 0.89453125,
        "y_min": 0.43359375,
        "x_max": 0.994140625,
        "y_max": 0.603515625
      }
    },
    {
      "char": "九",
      "bbox": {
        "x_min": 0.6796875,
        "y_min": 0.33203125,
        "x_max": 0.775390625,
        "y_max": 0.556640625
      }
    },
    {
      "char": "一",
      "bbox": {
        "x_min": 0.88671875,
        "y_min": 0.71875,
        "x_max": 0.931640625,
        "y_max": 0.734375
      }
    }
  ]
}