{
  "image_filename": "00301.png",
  "visualization_filename": "00301_vis.png",
  "mnist_digits": [
    7,
    7,
    1,
    6,
    9,
    1,
    6,
    1,
    1,
    1,
    3,
    2,
    2,
    0,
    9,
    8,
    1,
    6,
    6,
    9,
    6,
    3,
    1,
    8,
    6,
    6,
    7,
    9,
    3,
    4,
    3
  ],
  "boxes": [
    {
      "char": "四",
      "bbox": {
        "x_min": 0.099609375,
        "y_min": 0.248046875,
        "x_max": 0.130859375,
        "y_max": 0.294921875
      }
    }
  ]
}