{
  "image_filename": "00309.png",
  "visualization_filename": "00309_vis.png",
  "mnist_digits": [
    2,
    7,
    7,
    6,
    9,
    7,
    4,
    7,
    8,
    8,
    7,
    2,
    7,
    8,
    7,
    4
  ],
  "boxes": [
    {
      "char": "十",
      "bbox": {
        "x_min": 0.5078125,
        "y_min": 0.8359375,
        "x_max": 0.6015625,
        "y_max": 0.953125
      }
    },
    {
      "char": "一",
      "bbox": {
        "x_min": 0.025390625,
        "y_min": 0.244140625,
        "x_max": 0.095703125,
        "y_max": 0.28515625
      }
    },
    {
      "char": "八",
      "bbox": {
        "x_min": 0.037109375,
        "y_min": 0.751953125,
        "x_max": 0.115234375,
        "y_max": 0.837890625
      }
    },
    {
      "char": "千",
      "bbox": {
        "x_min": 0.556640625,
        "y_min": 0.00390625,
        "x_max": 0.587890625,
        "y_max": 0.07421875
      }
    },
    {
      "char": "六",
      "bbox": {
        "x_min": 0.34765625,
        "y_min": 0.36328125,
        "x_max": 0.435546875,
        "y_max": 0.4765625
      }
    }
  ]
}