{
  "image_filename": "00305.png",
  "visualization_filename": "00305_vis.png",
  "mnist_digits": [
    2,
    9,
    7,
    8,
    4,
    8,
    5,
    4,
    8,
    2,
    3,
    9,
    2,
    0,
    9,
    1,
    4,
    5,
    5,
    7,
    5,
    9
  ],
  "boxes": [
    {
      "char": "六",
      "bbox": {
        "x_min": 0.6015625,
        "y_min": 0.591796875,
        "x_max": 0.947265625,
        "y_max": 0.9375
      }
    },
    {
      "char": "三",
      "bbox": {
        "x_min": 0.951171875,
        "y_min": 0.73828125,
        "x_max": 0.9921875,
        "y_max": 0.78515625
      }
    },
    {
      "char": "一",
      "bbox": {
        "x_min": 0.275390625,
        "y_min": 0.056640625,
        "x_max": 0.365234375,
        "y_max": 0.076171875
      }
    },
    {
      "char": "一",
      "bbox": {
        "x_min": 0.15625,
        "y_min": 0.802734375,
        "x_max": 0.248046875,
        "y_max": 0.826171875
      }
    }
  ]
}