{
  "image_filename": "00314.png",
  "visualization_filename": "00314_vis.png",
  "mnist_digits": [
    7,
    6,
    3,
    1,
    3,
    5,
    0,
    3,
    7,
    9,
    3,
    3
  ],
  "boxes": [
    {
      "char": "四",
      "bbox": {
        "x_min": 0.083984375,
        "y_min": 0.037109375,
        "x_max": 0.662109375,
        "y_max": 0.720703125
      }
    },
    {
      "char": "亿",
      "bbox": {
        "x_min": 0.755859375,
        "y_min": 0.18359375,
        "x_max": 0.8671875,
        "y_max": 0.291015625
      }
    },
    {
      "char": "十",
      "bbox": {
        "x_min": 0.916015625,
        "y_min": 0.392578125,
        "x_max": 0.9765625,
        "y_max": 0.470703125
      }
    }
  ]
}