{
  "image_filename": "00310.png",
  "visualization_filename": "00310_vis.png",
  "mnist_digits": [
    3,
    2,
    1,
    8,
    6,
    7,
    2,
    6,
    6,
    3,
    9,
    4,
    6,
    7,
    9,
    5,
    0,
    5,
    5,
    2,
    8,
    2,
    9,
    4,
    1,
    5
  ],
  "boxes": [
    {
      "char": "九",
      "bbox": {
        "x_min": 0.73828125,
        "y_min": 0.0859375,
        "x_max": 0.94140625,
        "y_max": 0.328125
      }
    },
    {
      "char": "零",
      "bbox": {
        "x_min": 0.9375,
        "y_min": 0.392578125,
        "x_max": 0.998046875,
        "y_max": 0.47265625
      }
    },
    {
      "char": "一",
      "bbox": {
        "x_min": 0.685546875,
        "y_min": 0.779296875,
        "x_max": 0.7734375,
        "y_max": 0.83203125
      }
    },
    {
      "char": "五",
      "bbox": {
        "x_min": 0.17578125,
        "y_min": 0.1796875,
        "x_max": 0.333984375,
        "y_max": 0.3203125
      }
    },
    {
      "char": "零",
      "bbox": {
        "x_min": 0.556640625,
        "y_min": 0.521484375,
        "x_max": 0.681640625,
        "y_max": 0.658203125
      }
    }
  ]
}