{
  "image_filename": "00317.png",
  "visualization_filename": "00317_vis.png",
  "mnist_digits": [
    7,
    4,
    6,
    7,
    3,
    5,
    4,
    7,
    9,
    5,
    1,
    4,
    3,
    3,
    0
  ],
  "boxes": [
    {
      "char": "四",
      "bbox": {
        "x_min": 0.099609375,
        "y_min": 0.77734375,
        "x_max": 0.205078125,
        "y_max": 0.923828125
      }
    },
    {
      "char": "百",
      "bbox": {
        "x_min": 0.126953125,
        "y_min": 0.177734375,
        "x_max": 0.26171875,
        "y_max": 0.359375
      }
    },
    {
      "char": "十",
      "bbox": {
        "x_min": 0.705078125,
        "y_min": 0.11328125,
        "x_max": 0.771484375,
        "y_max": 0.18359375
      }
    },
    {
      "char": "一",
      "bbox": {
        "x_min": 0.724609375,
        "y_min": 0.29296875,
        "x_max": 0.8359375,
        "y_max": 0.33984375
      }
    },
    {
      "char": "万",
      "bbox": {
        "x_min": 0.322265625,
        "y_min": 0.341796875,
        "x_max": 0.455078125,
        "y_max": 0.482421875
      }
    },
    {
      "char": "三",
      "bbox": {
        "x_min": 0.61328125,
        "y_min": 0.6484375,
        "x_max": 0.900390625,
        "y_max": 0.828125
      }
    },
    {
      "char": "七",
      "bbox": {
        "x_min": 0.09375,
        "y_min": 0.47265625,
        "x_max": 0.185546875,
        "y_max": 0.685546875
      }
    }
  ]
}