{
  "image_filename": "00311.png",
  "visualization_filename": "00311_vis.png",
  "mnist_digits": [
    7,
    5,
    5,
    9,
    4,
    3,
    1,
    0,
    6,
    4,
    9,
    9,
    0,
    4,
    3,
    6,
    2,
    7
  ],
  "boxes": [
    {
      "char": "千",
      "bbox": {
        "x_min": 0.505859375,
        "y_min": 0.224609375,
        "x_max": 0.767578125,
        "y_max": 0.666015625
      }
    },
    {
      "char": "万",
      "bbox": {
        "x_min": 0.349609375,
        "y_min": 0.6015625,
        "x_max": 0.4140625,
        "y_max": 0.69921875
      }
    }
  ]
}