{
  "image_filename": "00312.png",
  "visualization_filename": "00312_vis.png",
  "mnist_digits": [
    0,
    7,
    7,
    1,
    3,
    1,
    7,
    2,
    3,
    4,
    9,
    0,
    1,
    4,
    1,
    8,
    2,
    2,
    5,
    9,
    9,
    6
  ],
  "boxes": [
    {
      "char": "零",
      "bbox": {
        "x_min": 0.501953125,
        "y_min": 0.712890625,
        "x_max": 0.64453125,
        "y_max": 0.9375
      }
    },
    {
      "char": "七",
      "bbox": {
        "x_min": 0.078125,
        "y_min": 0.384765625,
        "x_max": 0.150390625,
        "y_max": 0.447265625
      }
    },
    {
      "char": "零",
      "bbox": {
        "x_min": 0.5234375,
        "y_min": 0.296875,
        "x_max": 0.703125,
        "y_max": 0.59375
      }
    },
    {
      "char": "零",
      "bbox": {
        "x_min": 0.21875,
        "y_min": 0.8984375,
        "x_max": 0.265625,
        "y_max": 0.962890625
      }
    },
    {
      "char": "二",
      "bbox": {
        "x_min": 0.373046875,
        "y_min": 0.0078125,
        "x_max": 0.462890625,
        "y_max": 0.0703125
      }
    },
    {
      "char": "万",
      "bbox": {
        "x_min": 0.875,
        "y_min": 0.791015625,
        "x_max": 0.99609375,
        "y_max": 0.935546875
      }
    },
    {
      "char": "千",
      "bbox": {
        "x_min": 0.193359375,
        "y_min": 0.56640625,
        "x_max": 0.349609375,
        "y_max": 0.79296875
      }
    }
  ]
}