{
  "image_filename": "00316.png",
  "visualization_filename": "00316_vis.png",
  "mnist_digits": [
    7,
    8,
    8,
    7,
    3,
    0,
    4,
    1,
    0,
    1,
    7,
    8,
    2,
    9,
    4,
    8,
    8,
    3,
    7,
    9,
    4,
    4,
    9,
    9,
    1,
    6,
    8,
    8,
    9
  ],
  "boxes": [
    {
      "char": "一",
      "bbox": {
        "x_min": 0.529296875,
        "y_min": 0.50390625,
        "x_max": 0.654296875,
        "y_max": 0.5703125
      }
    },
    {
      "char": "五",
      "bbox": {
        "x_min": 0.15625,
        "y_min": 0.263671875,
        "x_max": 0.279296875,
        "y_max": 0.375
      }
    },
    {
      "char": "二",
      "bbox": {
        "x_min": 0.552734375,
        "y_min": 0.841796875,
        "x_max": 0.740234375,
        "y_max": 0.927734375
      }
    },
    {
      "char": "十",
      "bbox": {
        "x_min": 0.30078125,
        "y_min": 0.1171875,
        "x_max": 0.3515625,
        "y_max": 0.1875
      }
    },
    {
      "char": "八",
      "bbox": {
        "x_min": 0.015625,
        "y_min": 0.056640625,
        "x_max": 0.1796875,
        "y_max": 0.197265625
      }
    },
    {
      "char": "六",
      "bbox": {
        "x_min": 0.72265625,
        "y_min": 0.75,
        "x_max": 0.765625,
        "y_max": 0.796875
      }
    }
  ]
}