{
  "image_filename": "00319.png",
  "visualization_filename": "00319_vis.png",
  "mnist_digits": [
    7,
    5,
    5,
    6,
    3,
    7,
    5,
    6,
    2,
    3,
    3,
    6,
    9,
    0,
    4,
    4,
    5,
    6,
    1,
    6,
    4,
    2,
    9,
    0,
    7
  ],
  "boxes": [
    {
      "char": "零",
      "bbox": {
        "x_min": 0.609375,
        "y_min": 0.712890625,
        "x_max": 0.734375,
        "y_max": 0.962890625
      }
    },
    {
      "char": "四",
      "bbox": {
        "x_min": 0.37109375,
        "y_min": 0.173828125,
        "x_max": 0.853515625,
        "y_max": 0.44921875
      }
    }
  ]
}