{
  "image_filename": "00318.png",
  "visualization_filename": "00318_vis.png",
  "mnist_digits": [
    4,
    3,
    6,
    5,
    5,
    0,
    0,
    1,
    6,
    8,
    1,
    6,
    8,
    6,
    9,
    3,
    6
  ],
  "boxes": [
    {
      "char": "亿",
      "bbox": {
        "x_min": 0.111328125,
        "y_min": 0.75,
        "x_max": 0.181640625,
        "y_max": 0.8203125
      }
    },
    {
      "char": "一",
      "bbox": {
        "x_min": 0.71484375,
        "y_min": 0.177734375,
        "x_max": 0.8125,
        "y_max": 0.240234375
      }
    },
    {
      "char": "十",
      "bbox": {
        "x_min": 0.283203125,
        "y_min": 0.01171875,
        "x_max": 0.599609375,
        "y_max": 0.41015625
      }
    },
    {
      "char": "亿",
      "bbox": {
        "x_min": 0.294921875,
        "y_min": 0.673828125,
        "x_max": 0.515625,
        "y_max": 0.8984375
      }
    }
  ]
}