{
  "image_filename": "00315.png",
  "visualization_filename": "00315_vis.png",
  "mnist_digits": [
    1,
    0,
    0,
    5,
    8,
    7,
    8,
    5,
    8,
    8,
    8,
    4,
    8,
    4,
    0,
    1,
    1,
    0,
    4,
    6,
    7,
    5,
    4,
    2,
    7,
    0
  ],
  "boxes": [
    {
      "char": "二",
      "bbox": {
        "x_min": 0.076171875,
        "y_min": 0.052734375,
        "x_max": 0.23046875,
        "y_max": 0.166015625
      }
    },
    {
      "char": "百",
      "bbox": {
        "x_min": 0.212890625,
        "y_min": 0.236328125,
        "x_max": 0.287109375,
        "y_max": 0.392578125
      }
    }
  ]
}