{
  "image_filename": "00324.png",
  "visualization_filename": "00324_vis.png",
  "mnist_digits": [
    6,
    1,
    5,
    0,
    9,
    5,
    1,
    4,
    3,
    0,
    3,
    1,
    9,
    3,
    6,
    7,
    4,
    9,
    2,
    9,
    9,
    1
  ],
  "boxes": [
    {
      "char": "千",
      "bbox": {
        "x_min": 0.146484375,
        "y_min": 0.189453125,
        "x_max": 0.564453125,
        "y_max": 0.88671875
      }
    },
    {
      "char": "八",
      "bbox": {
        "x_min": 0.669921875,
        "y_min": 0.5234375,
        "x_max": 0.701171875,
        "y_max": 0.564453125
      }
    },
    {
      "char": "三",
      "bbox": {
        "x_min": 0.0625,
        "y_min": 0.587890625,
        "x_max": 0.130859375,
        "y_max": 0.6640625
      }
    },
    {
      "char": "千",
      "bbox": {
        "x_min": 0.875,
        "y_min": 0.748046875,
        "x_max": 0.94140625,
        "y_max": 0.826171875
      }
    }
  ]
}