{
  "image_filename": "00321.png",
  "visualization_filename": "00321_vis.png",
  "mnist_digits": [
    4,
    0,
    0,
    1,
    6,
    9,
    1,
    1,
    4,
    9,
    8,
    7,
    7,
    4,
    3,
    3,
    5,
    6,
    8
  ],
  "boxes": [
    {
      "char": "三",
      "bbox": {
        "x_min": 0.384765625,
        "y_min": 0.115234375,
        "x_max": 0.43359375,
        "y_max": 0.173828125
      }
    },
    {
      "char": "七",
      "bbox": {
        "x_min": 0.80859375,
        "y_min": 0.515625,
        "x_max": 0.99609375,
        "y_max": 0.6953125
      }
    },
    {
      "char": "三",
      "bbox": {
        "x_min": 0.0859375,
        "y_min": 0.537109375,
        "x_max": 0.1171875,
        "y_max": 0.568359375
      }
    },
    {
      "char": "百",
      "bbox": {
        "x_min": 0.2265625,
        "y_min": 0.5,
        "x_max": 0.328125,
        "y_max": 0.65625
      }
    },
    {
      "char": "七",
      "bbox": {
        "x_min": 0.791015625,
        "y_min": 0.328125,
        "x_max": 0.970703125,
        "y_max": 0.5
      }
    }
  ]
}