{
  "image_filename": "00326.png",
  "visualization_filename": "00326_vis.png",
  "mnist_digits": [
    3,
    2,
    1,
    6,
    2,
    2,
    1,
    4,
    8,
    1,
    2,
    6,
    4,
    8,
    2,
    4,
    2,
    1,
    5,
    1,
    1,
    4,
    9,
    5,
    1,
    5,
    8,
    9,
    0,
    6,
    1
  ],
  "boxes": [
    {
      "char": "六",
      "bbox": {
        "x_min": 0.41015625,
        "y_min": 0.208984375,
        "x_max": 0.544921875,
        "y_max": 0.390625
      }
    },
    {
      "char": "五",
      "bbox": {
        "x_min": 0.19140625,
        "y_min": 0.857421875,
        "x_max": 0.37109375,
        "y_max": 0.994140625
      }
    },
    {
      "char": "八",
      "bbox": {
        "x_min": 0.416015625,
        "y_min": 0.697265625,
        "x_max": 0.55078125,
        "y_max": 0.8671875
      }
    },
    {
      "char": "一",
      "bbox": {
        "x_min": 0.22265625,
        "y_min": 0.068359375,
        "x_max": 0.265625,
        "y_max": 0.095703125
      }
    }
  ]
}