{
  "image_filename": "00322.png",
  "visualization_filename": "00322_vis.png",
  "mnist_digits": [
    6,
    5,
    2,
    3,
    0,
    1,
    4,
    0,
    2,
    3,
    7,
    2,
    6,
    9,
    1,
    2,
    5,
    2,
    2,
    7,
    0,
    6,
    3,
    3,
    6,
    4,
    3,
    3
  ],
  "boxes": [
    {
      "char": "九",
      "bbox": {
        "x_min": 0.0859375,
        "y_min": 0.341796875,
        "x_max": 0.4296875,
        "y_max": 0.654296875
      }
    },
    {
      "char": "六",
      "bbox": {
        "x_min": 0.71484375,
        "y_min": 0.48828125,
        "x_max": 0.751953125,
        "y_max": 0.533203125
      }
    }
  ]
}