{
  "image_filename": "00327.png",
  "visualization_filename": "00327_vis.png",
  "mnist_digits": [
    8,
    4,
    3,
    9,
    6,
    9,
    9,
    5,
    9,
    7,
    6,
    1,
    7,
    7,
    3,
    2,
    3,
    7,
    7,
    5,
    9,
    4,
    6,
    8,
    0,
    5,
    1,
    3,
    8,
    6
  ],
  "boxes": [
    {
      "char": "一",
      "bbox": {
        "x_min": 0.376953125,
        "y_min": 0.873046875,
        "x_max": 0.42578125,
        "y_max": 0.890625
      }
    },
    {
      "char": "万",
      "bbox": {
        "x_min": 0.2109375,
        "y_min": 0.509765625,
        "x_max": 0.359375,
        "y_max": 0.703125
      }
    },
    {
      "char": "二",
      "bbox": {
        "x_min": 0,
        "y_min": 0.33203125,
        "x_max": 0.09375,
        "y_max": 0.41796875
      }
    }
  ]
}