{
  "image_filename": "00329.png",
  "visualization_filename": "00329_vis.png",
  "mnist_digits": [
    1,
    9,
    1,
    9,
    8,
    6,
    3,
    9,
    0,
    1,
    9
  ],
  "boxes": [
    {
      "char": "五",
      "bbox": {
        "x_min": 0.361328125,
        "y_min": 0.18359375,
        "x_max": 0.3984375,
        "y_max": 0.2265625
      }
    },
    {
      "char": "亿",
      "bbox": {
        "x_min": 0.55859375,
        "y_min": 0.806640625,
        "x_max": 0.65234375,
        "y_max": 0.908203125
      }
    }
  ]
}