{
  "image_filename": "00320.png",
  "visualization_filename": "00320_vis.png",
  "mnist_digits": [
    1,
    6,
    9,
    0,
    8,
    2,
    3,
    1,
    7,
    6,
    9,
    2,
    3,
    0,
    0,
    2,
    8,
    9,
    2,
    1,
    6,
    0,
    6,
    3,
    0
  ],
  "boxes": [
    {
      "char": "六",
      "bbox": {
        "x_min": 0.1875,
        "y_min": 0.5625,
        "x_max": 0.31640625,
        "y_max": 0.703125
      }
    },
    {
      "char": "万",
      "bbox": {
        "x_min": 0.505859375,
        "y_min": 0.0078125,
        "x_max": 0.630859375,
        "y_max": 0.13671875
      }
    },
    {
      "char": "一",
      "bbox": {
        "x_min": 0.498046875,
        "y_min": 0.4375,
        "x_max": 0.623046875,
        "y_max": 0.47265625
      }
    },
    {
      "char": "一",
      "bbox": {
        "x_min": 0.54296875,
        "y_min": 0.890625,
        "x_max": 0.70703125,
        "y_max": 0.9375
      }
    },
    {
      "char": "四",
      "bbox": {
        "x_min": 0.30859375,
        "y_min": 0.75390625,
        "x_max": 0.48828125,
        "y_max": 0.87890625
      }
    },
    {
      "char": "八",
      "bbox": {
        "x_min": 0.1796875,
        "y_min": 0.2890625,
        "x_max": 0.359375,
        "y_max": 0.5546875
      }
    }
  ]
}