{
  "image_filename": "00323.png",
  "visualization_filename": "00323_vis.png",
  "mnist_digits": [
    3,
    5,
    0,
    7,
    6,
    1,
    5,
    7,
    9,
    5,
    0,
    6,
    4,
    0,
    7,
    1,
    6,
    2,
    6,
    7,
    7,
    8,
    6
  ],
  "boxes": [
    {
      "char": "一",
      "bbox": {
        "x_min": 0.26953125,
        "y_min": 0.876953125,
        "x_max": 0.36328125,
        "y_max": 0.916015625
      }
    },
    {
      "char": "零",
      "bbox": {
        "x_min": 0.271484375,
        "y_min": 0.234375,
        "x_max": 0.6640625,
        "y_max": 0.75390625
      }
    }
  ]
}