{
  "image_filename": "00335.png",
  "visualization_filename": "00335_vis.png",
  "mnist_digits": [
    0,
    1,
    1,
    3,
    1,
    6,
    1,
    8,
    7,
    7,
    7,
    9,
    0,
    6
  ],
  "boxes": [
    {
      "char": "千",
      "bbox": {
        "x_min": 0.005859375,
        "y_min": 0.33203125,
        "x_max": 0.111328125,
        "y_max": 0.53125
      }
    },
    {
      "char": "八",
      "bbox": {
        "x_min": 0.474609375,
        "y_min": 0.46875,
        "x_max": 0.763671875,
        "y_max": 0.71875
      }
    },
    {
      "char": "百",
      "bbox": {
        "x_min": 0.19921875,
        "y_min": 0.71875,
        "x_max": 0.333984375,
        "y_max": 0.90625
      }
    },
    {
      "char": "亿",
      "bbox": {
        "x_min": 0.392578125,
        "y_min": 0.728515625,
        "x_max": 0.57421875,
        "y_max": 0.939453125
      }
    },
    {
      "char": "亿",
      "bbox": {
        "x_min": 0.80078125,
        "y_min": 0.251953125,
        "x_max": 0.921875,
        "y_max": 0.345703125
      }
    }
  ]
}