{
  "image_filename": "00334.png",
  "visualization_filename": "00334_vis.png",
  "mnist_digits": [
    6,
    1,
    7,
    5,
    8,
    5
  ],
  "boxes": [
    {
      "char": "零",
      "bbox": {
        "x_min": 0.193359375,
        "y_min": 0.59765625,
        "x_max": 0.375,
        "y_max": 0.873046875
      }
    },
    {
      "char": "亿",
      "bbox": {
        "x_min": 0.091796875,
        "y_min": 0.130859375,
        "x_max": 0.626953125,
        "y_max": 0.578125
      }
    },
    {
      "char": "二",
      "bbox": {
        "x_min": 0.44921875,
        "y_min": 0.79296875,
        "x_max": 0.65234375,
        "y_max": 0.90234375
      }
    }
  ]
}