{
  "image_filename": "00339.png",
  "visualization_filename": "00339_vis.png",
  "mnist_digits": [
    6,
    9,
    5,
    8,
    4,
    1,
    2,
    9,
    4,
    6,
    4,
    9,
    7,
    0,
    7,
    8,
    3,
    7,
    0
  ],
  "boxes": [
    {
      "char": "九",
      "bbox": {
        "x_min": 0.17578125,
        "y_min": 0.28515625,
        "x_max": 0.40625,
        "y_max": 0.630859375
      }
    },
    {
      "char": "三",
      "bbox": {
        "x_min": 0.556640625,
        "y_min": 0.00390625,
        "x_max": 0.591796875,
        "y_max": 0.044921875
      }
    },
    {
      "char": "八",
      "bbox": {
        "x_min": 0.927734375,
        "y_min": 0.392578125,
        "x_max": 0.958984375,
        "y_max": 0.435546875
      }
    },
    {
      "char": "二",
      "bbox": {
        "x_min": 0.400390625,
        "y_min": 0.65234375,
        "x_max": 0.58203125,
        "y_max": 0.76953125
      }
    },
    {
      "char": "千",
      "bbox": {
        "x_min": 0.154296875,
        "y_min": 0.80078125,
        "x_max": 0.19140625,
        "y_max": 0.84765625
      }
    }
  ]
}