{
  "image_filename": "00330.png",
  "visualization_filename": "00330_vis.png",
  "mnist_digits": [
    6,
    1,
    9,
    6,
    2,
    4,
    2,
    1,
    9,
    1,
    2,
    5,
    0,
    4,
    1,
    7,
    9,
    4,
    6,
    2,
    7,
    6,
    6
  ],
  "boxes": [
    {
      "char": "五",
      "bbox": {
        "x_min": 0.3984375,
        "y_min": 0.474609375,
        "x_max": 0.8828125,
        "y_max": 0.8828125
      }
    },
    {
      "char": "七",
      "bbox": {
        "x_min": 0.759765625,
        "y_min": 0.32421875,
        "x_max": 0.8046875,
        "y_max": 0.37109375
      }
    },
    {
      "char": "七",
      "bbox": {
        "x_min": 0.48828125,
        "y_min": 0.017578125,
        "x_max": 0.693359375,
        "y_max": 0.236328125
      }
    },
    {
      "char": "百",
      "bbox": {
        "x_min": 0.017578125,
        "y_min": 0.046875,
        "x_max": 0.126953125,
        "y_max": 0.2890625
      }
    },
    {
      "char": "九",
      "bbox": {
        "x_min": 0.6640625,
        "y_min": 0.3125,
        "x_max": 0.69140625,
        "y_max": 0.345703125
      }
    },
    {
      "char": "九",
      "bbox": {
        "x_min": 0.12890625,
        "y_min": 0.650390625,
        "x_max": 0.173828125,
        "y_max": 0.7109375
      }
    }
  ]
}