{
  "image_filename": "00332.png",
  "visualization_filename": "00332_vis.png",
  "mnist_digits": [
    5,
    2,
    5,
    3,
    8,
    7,
    9,
    4,
    3,
    5,
    3,
    8,
    6,
    9,
    8,
    6,
    0,
    5,
    9,
    4,
    8
  ],
  "boxes": [
    {
      "char": "百",
      "bbox": {
        "x_min": 0.90625,
        "y_min": 0.279296875,
        "x_max": 0.9609375,
        "y_max": 0.451171875
      }
    },
    {
      "char": "六",
      "bbox": {
        "x_min": 0.505859375,
        "y_min": 0.119140625,
        "x_max": 0.54296875,
        "y_max": 0.1796875
      }
    },
    {
      "char": "一",
      "bbox": {
        "x_min": 0.111328125,
        "y_min": 0.486328125,
        "x_max": 0.275390625,
        "y_max": 0.572265625
      }
    },
    {
      "char": "十",
      "bbox": {
        "x_min": 0.54296875,
        "y_min": 0.322265625,
        "x_max": 0.60546875,
        "y_max": 0.455078125
      }
    },
    {
      "char": "五",
      "bbox": {
        "x_min": 0.150390625,
        "y_min": 0.87109375,
        "x_max": 0.224609375,
        "y_max": 0.931640625
      }
    },
    {
      "char": "四",
      "bbox": {
        "x_min": 0.43359375,
        "y_min": 0.0859375,
        "x_max": 0.466796875,
        "y_max": 0.1171875
      }
    },
    {
      "char": "五",
      "bbox": {
        "x_min": 0.751953125,
        "y_min": 0.767578125,
        "x_max": 0.892578125,
        "y_max": 0.919921875
      }
    },
    {
      "char": "百",
      "bbox": {
        "x_min": 0.412109375,
        "y_min": 0.74609375,
        "x_max": 0.611328125,
        "y_max": 0.89453125
      }
    },
    {
      "char": "七",
      "bbox": {
        "x_min": 0.099609375,
        "y_min": 0.689453125,
        "x_max": 0.12890625,
        "y_max": 0.716796875
      }
    }
  ]
}