{
  "image_filename": "00338.png",
  "visualization_filename": "00338_vis.png",
  "mnist_digits": [
    8,
    6,
    6,
    8,
    9,
    0,
    7,
    7,
    2,
    5,
    3,
    4,
    6,
    4,
    5,
    6,
    5,
    4,
    5,
    3,
    1,
    5,
    0,
    6,
    4,
    0,
    3,
    1,
    1,
    7,
    0,
    8
  ],
  "boxes": [
    {
      "char": "四",
      "bbox": {
        "x_min": 0.83203125,
        "y_min": 0.7890625,
        "x_max": 0.97265625,
        "y_max": 0.9765625
      }
    },
    {
      "char": "五",
      "bbox": {
        "x_min": 0.1328125,
        "y_min": 0.44921875,
        "x_max": 0.2734375,
        "y_max": 0.58984375
      }
    }
  ]
}