{
  "image_filename": "00331.png",
  "visualization_filename": "00331_vis.png",
  "mnist_digits": [
    5,
    2,
    0,
    6,
    0,
    3,
    4,
    6,
    4,
    0,
    1,
    7,
    9,
    2,
    3,
    6,
    6,
    9,
    5
  ],
  "boxes": [
    {
      "char": "十",
      "bbox": {
        "x_min": 0.525390625,
        "y_min": 0.482421875,
        "x_max": 0.634765625,
        "y_max": 0.669921875
      }
    },
    {
      "char": "千",
      "bbox": {
        "x_min": 0.158203125,
        "y_min": 0.7890625,
        "x_max": 0.21875,
        "y_max": 0.86328125
      }
    },
    {
      "char": "五",
      "bbox": {
        "x_min": 0.890625,
        "y_min": 0.74609375,
        "x_max": 0.935546875,
        "y_max": 0.798828125
      }
    },
    {
      "char": "十",
      "bbox": {
        "x_min": 0.8046875,
        "y_min": 0.18359375,
        "x_max": 0.8671875,
        "y_max": 0.28515625
      }
    },
    {
      "char": "十",
      "bbox": {
        "x_min": 0.69140625,
        "y_min": 0.283203125,
        "x_max": 0.8125,
        "y_max": 0.435546875
      }
    },
    {
      "char": "九",
      "bbox": {
        "x_min": 0.271484375,
        "y_min": 0.111328125,
        "x_max": 0.322265625,
        "y_max": 0.171875
      }
    },
    {
      "char": "万",
      "bbox": {
        "x_min": 0.60546875,
        "y_min": 0.0234375,
        "x_max": 0.728515625,
        "y_max": 0.25
      }
    },
    {
      "char": "六",
      "bbox": {
        "x_min": 0.341796875,
        "y_min": 0.55078125,
        "x_max": 0.43359375,
        "y_max": 0.673828125
      }
    },
    {
      "char": "九",
      "bbox": {
        "x_min": 0.865234375,
        "y_min": 0.00390625,
        "x_max": 0.994140625,
        "y_max": 0.138671875
      }
    }
  ]
}