{
  "image_filename": "00344.png",
  "visualization_filename": "00344_vis.png",
  "mnist_digits": [
    5,
    1,
    7,
    5,
    1,
    0,
    7,
    7,
    0,
    0,
    8,
    7,
    5,
    0,
    1,
    1,
    4,
    4,
    8
  ],
  "boxes": [
    {
      "char": "二",
      "bbox": {
        "x_min": 0.025390625,
        "y_min": 0.853515625,
        "x_max": 0.1015625,
        "y_max": 0.96484375
      }
    },
    {
      "char": "零",
      "bbox": {
        "x_min": 0.455078125,
        "y_min": 0.33203125,
        "x_max": 0.54296875,
        "y_max": 0.53125
      }
    },
    {
      "char": "千",
      "bbox": {
        "x_min": 0.318359375,
        "y_min": 0.3671875,
        "x_max": 0.365234375,
        "y_max": 0.443359375
      }
    },
    {
      "char": "亿",
      "bbox": {
        "x_min": 0.611328125,
        "y_min": 0.431640625,
        "x_max": 0.751953125,
        "y_max": 0.56640625
      }
    },
    {
      "char": "十",
      "bbox": {
        "x_min": 0.55078125,
        "y_min": 0.671875,
        "x_max": 0.564453125,
        "y_max": 0.697265625
      }
    },
    {
      "char": "七",
      "bbox": {
        "x_min": 0.814453125,
        "y_min": 0.74609375,
        "x_max": 0.88671875,
        "y_max": 0.82421875
      }
    },
    {
      "char": "二",
      "bbox": {
        "x_min": 0.59375,
        "y_min": 0.822265625,
        "x_max": 0.703125,
        "y_max": 0.919921875
      }
    }
  ]
}