{
  "image_filename": "00343.png",
  "visualization_filename": "00343_vis.png",
  "mnist_digits": [
    3,
    1,
    5,
    1,
    3,
    9,
    4,
    1,
    4,
    9,
    2
  ],
  "boxes": [
    {
      "char": "五",
      "bbox": {
        "x_min": 0.275390625,
        "y_min": 0.072265625,
        "x_max": 0.794921875,
        "y_max": 0.712890625
      }
    },
    {
      "char": "零",
      "bbox": {
        "x_min": 0.029296875,
        "y_min": 0.521484375,
        "x_max": 0.193359375,
        "y_max": 0.763671875
      }
    },
    {
      "char": "零",
      "bbox": {
        "x_min": 0.783203125,
        "y_min": 0.03515625,
        "x_max": 0.888671875,
        "y_max": 0.228515625
      }
    },
    {
      "char": "百",
      "bbox": {
        "x_min": 0.75390625,
        "y_min": 0.189453125,
        "x_max": 0.78125,
        "y_max": 0.232421875
      }
    },
    {
      "char": "八",
      "bbox": {
        "x_min": 0.23046875,
        "y_min": 0.5078125,
        "x_max": 0.29296875,
        "y_max": 0.578125
      }
    }
  ]
}