{
  "image_filename": "00341.png",
  "visualization_filename": "00341_vis.png",
  "mnist_digits": [
    7,
    1,
    2,
    8,
    5,
    1,
    5,
    3,
    6,
    5,
    8,
    3,
    9,
    1,
    7,
    7,
    6,
    1,
    7,
    7
  ],
  "boxes": [
    {
      "char": "八",
      "bbox": {
        "x_min": 0.064453125,
        "y_min": 0.630859375,
        "x_max": 0.107421875,
        "y_max": 0.67578125
      }
    },
    {
      "char": "零",
      "bbox": {
        "x_min": 0.330078125,
        "y_min": 0.375,
        "x_max": 0.724609375,
        "y_max": 0.90234375
      }
    },
    {
      "char": "二",
      "bbox": {
        "x_min": 0.76953125,
        "y_min": 0.869140625,
        "x_max": 0.95703125,
        "y_max": 0.962890625
      }
    },
    {
      "char": "九",
      "bbox": {
        "x_min": 0.857421875,
        "y_min": 0.083984375,
        "x_max": 0.892578125,
        "y_max": 0.140625
      }
    },
    {
      "char": "八",
      "bbox": {
        "x_min": 0.724609375,
        "y_min": 0.439453125,
        "x_max": 0.96875,
        "y_max": 0.673828125
      }
    },
    {
      "char": "一",
      "bbox": {
        "x_min": 0.041015625,
        "y_min": 0.0546875,
        "x_max": 0.43359375,
        "y_max": 0.265625
      }
    }
  ]
}