{
  "image_filename": "00349.png",
  "visualization_filename": "00349_vis.png",
  "mnist_digits": [
    3,
    5,
    3,
    6,
    3,
    3,
    5,
    0,
    0
  ],
  "boxes": [
    {
      "char": "千",
      "bbox": {
        "x_min": 0.1484375,
        "y_min": 0.71875,
        "x_max": 0.2421875,
        "y_max": 0.88671875
      }
    },
    {
      "char": "千",
      "bbox": {
        "x_min": 0.771484375,
        "y_min": 0.189453125,
        "x_max": 0.892578125,
        "y_max": 0.4375
      }
    },
    {
      "char": "八",
      "bbox": {
        "x_min": 0.513671875,
        "y_min": 0.3359375,
        "x_max": 0.62109375,
        "y_max": 0.455078125
      }
    },
    {
      "char": "零",
      "bbox": {
        "x_min": 0.638671875,
        "y_min": 0.171875,
        "x_max": 0.68359375,
        "y_max": 0.248046875
      }
    },
    {
      "char": "一",
      "bbox": {
        "x_min": 0.193359375,
        "y_min": 0.046875,
        "x_max": 0.34765625,
        "y_max": 0.09375
      }
    },
    {
      "char": "四",
      "bbox": {
        "x_min": 0.169921875,
        "y_min": 0.517578125,
        "x_max": 0.201171875,
        "y_max": 0.564453125
      }
    },
    {
      "char": "零",
      "bbox": {
        "x_min": 0.498046875,
        "y_min": 0.04296875,
        "x_max": 0.591796875,
        "y_max": 0.259765625
      }
    }
  ]
}