{
  "image_filename": "00345.png",
  "visualization_filename": "00345_vis.png",
  "mnist_digits": [
    4,
    9,
    9,
    1,
    0,
    2,
    2,
    5,
    0,
    4,
    3,
    6,
    8,
    1,
    3,
    4,
    0,
    2,
    9,
    3,
    8,
    5,
    3
  ],
  "boxes": [
    {
      "char": "八",
      "bbox": {
        "x_min": 0.12109375,
        "y_min": 0.552734375,
        "x_max": 0.2109375,
        "y_max": 0.650390625
      }
    },
    {
      "char": "八",
      "bbox": {
        "x_min": 0.65234375,
        "y_min": 0.244140625,
        "x_max": 0.88671875,
        "y_max": 0.431640625
      }
    },
    {
      "char": "四",
      "bbox": {
        "x_min": 0.04296875,
        "y_min": 0.1171875,
        "x_max": 0.140625,
        "y_max": 0.2109375
      }
    },
    {
      "char": "八",
      "bbox": {
        "x_min": 0.1796875,
        "y_min": 0.134765625,
        "x_max": 0.33203125,
        "y_max": 0.283203125
      }
    },
    {
      "char": "二",
      "bbox": {
        "x_min": 0.798828125,
        "y_min": 0.447265625,
        "x_max": 0.830078125,
        "y_max": 0.470703125
      }
    }
  ]
}