{
  "image_filename": "00340.png",
  "visualization_filename": "00340_vis.png",
  "mnist_digits": [
    8,
    6,
    7,
    1,
    2,
    9,
    8,
    9,
    8,
    8,
    7,
    1,
    8,
    8,
    8,
    0,
    0,
    4,
    5,
    1,
    9,
    1,
    9,
    5,
    7,
    6,
    5
  ],
  "boxes": [
    {
      "char": "千",
      "bbox": {
        "x_min": 0.3828125,
        "y_min": 0.109375,
        "x_max": 0.453125,
        "y_max": 0.193359375
      }
    },
    {
      "char": "二",
      "bbox": {
        "x_min": 0.259765625,
        "y_min": 0.837890625,
        "x_max": 0.318359375,
        "y_max": 0.90234375
      }
    }
  ]
}