{
  "image_filename": "00346.png",
  "visualization_filename": "00346_vis.png",
  "mnist_digits": [
    4,
    6,
    7,
    8,
    6,
    5,
    5,
    6,
    1,
    4,
    7
  ],
  "boxes": [
    {
      "char": "百",
      "bbox": {
        "x_min": 0.580078125,
        "y_min": 0.904296875,
        "x_max": 0.642578125,
        "y_max": 0.998046875
      }
    },
    {
      "char": "十",
      "bbox": {
        "x_min": 0.662109375,
        "y_min": 0.021484375,
        "x_max": 0.8671875,
        "y_max": 0.271484375
      }
    },
    {
      "char": "一",
      "bbox": {
        "x_min": 0.712890625,
        "y_min": 0.955078125,
        "x_max": 0.80078125,
        "y_max": 0.984375
      }
    },
    {
      "char": "十",
      "bbox": {
        "x_min": 0.236328125,
        "y_min": 0.30859375,
        "x_max": 0.306640625,
        "y_max": 0.4140625
      }
    }
  ]
}