{
  "image_filename": "00353.png",
  "visualization_filename": "00353_vis.png",
  "mnist_digits": [
    2,
    6,
    4,
    9,
    5,
    9,
    8,
    0,
    6,
    6,
    0,
    8,
    7,
    1,
    7,
    6,
    9,
    3,
    8,
    1,
    2,
    7,
    5,
    9
  ],
  "boxes": [
    {
      "char": "一",
      "bbox": {
        "x_min": 0.806640625,
        "y_min": 0.337890625,
        "x_max": 0.826171875,
        "y_max": 0.345703125
      }
    },
    {
      "char": "万",
      "bbox": {
        "x_min": 0.732421875,
        "y_min": 0.818359375,
        "x_max": 0.919921875,
        "y_max": 0.951171875
      }
    }
  ]
}