{
  "image_filename": "00350.png",
  "visualization_filename": "00350_vis.png",
  "mnist_digits": [
    9,
    9,
    0,
    5,
    3,
    8,
    8,
    2,
    5,
    2,
    6,
    1,
    6,
    2,
    0,
    4,
    1,
    6,
    3,
    5,
    9,
    8,
    9,
    0,
    0,
    1,
    3,
    4,
    9,
    6
  ],
  "boxes": [
    {
      "char": "万",
      "bbox": {
        "x_min": 0.4609375,
        "y_min": 0.248046875,
        "x_max": 0.51953125,
        "y_max": 0.3828125
      }
    },
    {
      "char": "三",
      "bbox": {
        "x_min": 0.759765625,
        "y_min": 0.01953125,
        "x_max": 0.814453125,
        "y_max": 0.12109375
      }
    }
  ]
}