{
  "image_filename": "00359.png",
  "visualization_filename": "00359_vis.png",
  "mnist_digits": [
    0,
    6,
    7,
    7,
    3,
    5,
    4,
    6,
    1,
    9,
    7
  ],
  "boxes": [
    {
      "char": "九",
      "bbox": {
        "x_min": 0.470703125,
        "y_min": 0.470703125,
        "x_max": 0.859375,
        "y_max": 0.884765625
      }
    },
    {
      "char": "六",
      "bbox": {
        "x_min": 0.58984375,
        "y_min": 0.06640625,
        "x_max": 0.974609375,
        "y_max": 0.392578125
      }
    }
  ]
}