{
  "image_filename": "00352.png",
  "visualization_filename": "00352_vis.png",
  "mnist_digits": [
    5,
    1,
    0,
    6,
    1,
    1,
    8,
    1,
    7,
    8,
    1,
    4,
    9,
    7,
    1,
    2,
    8
  ],
  "boxes": [
    {
      "char": "四",
      "bbox": {
        "x_min": 0.302734375,
        "y_min": 0.35546875,
        "x_max": 0.435546875,
        "y_max": 0.51953125
      }
    },
    {
      "char": "十",
      "bbox": {
        "x_min": 0.4921875,
        "y_min": 0.326171875,
        "x_max": 0.626953125,
        "y_max": 0.51953125
      }
    },
    {
      "char": "零",
      "bbox": {
        "x_min": 0.78515625,
        "y_min": 0.23046875,
        "x_max": 0.96484375,
        "y_max": 0.48828125
      }
    },
    {
      "char": "四",
      "bbox": {
        "x_min": 0.09765625,
        "y_min": 0.697265625,
        "x_max": 0.30078125,
        "y_max": 0.900390625
      }
    },
    {
      "char": "千",
      "bbox": {
        "x_min": 0.13671875,
        "y_min": 0.4140625,
        "x_max": 0.203125,
        "y_max": 0.5078125
      }
    },
    {
      "char": "三",
      "bbox": {
        "x_min": 0.419921875,
        "y_min": 0.935546875,
        "x_max": 0.470703125,
        "y_max": 0.990234375
      }
    },
    {
      "char": "万",
      "bbox": {
        "x_min": 0.283203125,
        "y_min": 0.546875,
        "x_max": 0.63671875,
        "y_max": 0.8671875
      }
    }
  ]
}