{
  "image_filename": "00354.png",
  "visualization_filename": "00354_vis.png",
  "mnist_digits": [
    5,
    2,
    6,
    4,
    4,
    4,
    9,
    7,
    1,
    3,
    6,
    5,
    0,
    9,
    7,
    0,
    1,
    2,
    5,
    9,
    9
  ],
  "boxes": [
    {
      "char": "八",
      "bbox": {
        "x_min": 0.029296875,
        "y_min": 0.130859375,
        "x_max": 0.529296875,
        "y_max": 0.5390625
      }
    },
    {
      "char": "三",
      "bbox": {
        "x_min": 0.654296875,
        "y_min": 0.884765625,
        "x_max": 0.771484375,
        "y_max": 0.998046875
      }
    },
    {
      "char": "零",
      "bbox": {
        "x_min": 0.658203125,
        "y_min": 0.08984375,
        "x_max": 0.76953125,
        "y_max": 0.32421875
      }
    },
    {
      "char": "三",
      "bbox": {
        "x_min": 0.443359375,
        "y_min": 0.705078125,
        "x_max": 0.53515625,
        "y_max": 0.7734375
      }
    },
    {
      "char": "八",
      "bbox": {
        "x_min": 0.759765625,
        "y_min": 0.65234375,
        "x_max": 0.900390625,
        "y_max": 0.7734375
      }
    }
  ]
}