{
  "image_filename": "00355.png",
  "visualization_filename": "00355_vis.png",
  "mnist_digits": [
    3,
    6,
    7,
    8,
    1,
    2,
    4,
    3,
    0,
    3,
    1,
    2,
    7,
    8,
    4,
    7,
    5,
    1,
    5,
    0,
    8,
    1,
    4,
    7,
    4,
    0,
    0,
    9,
    6,
    4,
    6,
    2,
    2,
    9,
    3,
    8,
    1,
    0,
    7,
    5,
    3
  ],
  "boxes": [
    {
      "char": "六",
      "bbox": {
        "x_min": 0.033203125,
        "y_min": 0.34375,
        "x_max": 0.068359375,
        "y_max": 0.38671875
      }
    },
    {
      "char": "零",
      "bbox": {
        "x_min": 0.5078125,
        "y_min": 0.845703125,
        "x_max": 0.546875,
        "y_max": 0.9140625
      }
    },
    {
      "char": "八",
      "bbox": {
        "x_min": 0.326171875,
        "y_min": 0.62890625,
        "x_max": 0.498046875,
        "y_max": 0.81640625
      }
    },
    {
      "char": "零",
      "bbox": {
        "x_min": 0.767578125,
        "y_min": 0.5546875,
        "x_max": 0.888671875,
        "y_max": 0.7109375
      }
    }
  ]
}