{
  "image_filename": "00357.png",
  "visualization_filename": "00357_vis.png",
  "mnist_digits": [
    8,
    1,
    4,
    3,
    9,
    9,
    0,
    9,
    6,
    1,
    6,
    1,
    3,
    6,
    5,
    6,
    8,
    0,
    4,
    6,
    6,
    0,
    1,
    4,
    4,
    4,
    6,
    0,
    5,
    1,
    6,
    7
  ],
  "boxes": [
    {
      "char": "百",
      "bbox": {
        "x_min": 0.509765625,
        "y_min": 0.6953125,
        "x_max": 0.619140625,
        "y_max": 0.98046875
      }
    }
  ]
}