{
  "image_filename": "00351.png",
  "visualization_filename": "00351_vis.png",
  "mnist_digits": [
    7,
    0,
    5,
    7,
    3,
    6,
    3,
    2,
    2,
    9,
    7,
    2,
    0,
    7,
    8,
    0,
    6,
    1,
    2,
    1,
    3,
    2,
    1,
    7
  ],
  "boxes": [
    {
      "char": "百",
      "bbox": {
        "x_min": 0.576171875,
        "y_min": 0.091796875,
        "x_max": 0.669921875,
        "y_max": 0.26171875
      }
    },
    {
      "char": "九",
      "bbox": {
        "x_min": 0.703125,
        "y_min": 0.451171875,
        "x_max": 0.8125,
        "y_max": 0.556640625
      }
    },
    {
      "char": "二",
      "bbox": {
        "x_min": 0.166015625,
        "y_min": 0.935546875,
        "x_max": 0.2265625,
        "y_max": 0.974609375
      }
    },
    {
      "char": "二",
      "bbox": {
        "x_min": 0.560546875,
        "y_min": 0.541015625,
        "x_max": 0.701171875,
        "y_max": 0.640625
      }
    }
  ]
}