{
  "image_filename": "00358.png",
  "visualization_filename": "00358_vis.png",
  "mnist_digits": [
    7,
    4,
    9,
    3,
    2,
    1,
    5,
    1,
    8,
    4,
    9
  ],
  "boxes": [
    {
      "char": "三",
      "bbox": {
        "x_min": 0.625,
        "y_min": 0.486328125,
        "x_max": 0.7578125,
        "y_max": 0.595703125
      }
    },
    {
      "char": "八",
      "bbox": {
        "x_min": 0.12109375,
        "y_min": 0.27734375,
        "x_max": 0.169921875,
        "y_max": 0.322265625
      }
    },
    {
      "char": "二",
      "bbox": {
        "x_min": 0.759765625,
        "y_min": 0.07421875,
        "x_max": 0.900390625,
        "y_max": 0.16796875
      }
    },
    {
      "char": "四",
      "bbox": {
        "x_min": 0.28125,
        "y_min": 0.119140625,
        "x_max": 0.40234375,
        "y_max": 0.240234375
      }
    },
    {
      "char": "亿",
      "bbox": {
        "x_min": 0.1796875,
        "y_min": 0.33984375,
        "x_max": 0.453125,
        "y_max": 0.55078125
      }
    },
    {
      "char": "三",
      "bbox": {
        "x_min": 0.791015625,
        "y_min": 0.197265625,
        "x_max": 0.939453125,
        "y_max": 0.361328125
      }
    },
    {
      "char": "五",
      "bbox": {
        "x_min": 0.267578125,
        "y_min": 0.80859375,
        "x_max": 0.439453125,
        "y_max": 0.953125
      }
    },
    {
      "char": "二",
      "bbox": {
        "x_min": 0.4765625,
        "y_min": 0.3046875,
        "x_max": 0.5859375,
        "y_max": 0.3671875
      }
    },
    {
      "char": "七",
      "bbox": {
        "x_min": 0.00390625,
        "y_min": 0.10546875,
        "x_max": 0.08984375,
        "y_max": 0.1953125
      }
    },
    {
      "char": "千",
      "bbox": {
        "x_min": 0.728515625,
        "y_min": 0.9140625,
        "x_max": 0.791015625,
        "y_max": 0.990234375
      }
    }
  ]
}