{
  "image_filename": "00356.png",
  "visualization_filename": "00356_vis.png",
  "mnist_digits": [
    3,
    6,
    3,
    8,
    9,
    6,
    4,
    9,
    8,
    2,
    3,
    8,
    8,
    4,
    8,
    4,
    2,
    4,
    1,
    8,
    0,
    2,
    8,
    9,
    7,
    3,
    8,
    0,
    7,
    0,
    6,
    5
  ],
  "boxes": [
    {
      "char": "六",
      "bbox": {
        "x_min": 0.51953125,
        "y_min": 0.57421875,
        "x_max": 0.61328125,
        "y_max": 0.69140625
      }
    },
    {
      "char": "一",
      "bbox": {
        "x_min": 0.19921875,
        "y_min": 0.662109375,
        "x_max": 0.45703125,
        "y_max": 0.75390625
      }
    }
  ]
}