{
  "image_filename": "00365.png",
  "visualization_filename": "00365_vis.png",
  "mnist_digits": [
    5,
    0,
    5,
    5,
    4,
    1,
    8,
    5,
    8,
    7,
    7,
    4,
    4,
    0,
    9,
    1,
    1,
    1,
    5,
    1,
    0,
    8,
    0,
    0,
    6
  ],
  "boxes": [
    {
      "char": "六",
      "bbox": {
        "x_min": 0.228515625,
        "y_min": 0.720703125,
        "x_max": 0.271484375,
        "y_max": 0.798828125
      }
    },
    {
      "char": "九",
      "bbox": {
        "x_min": 0.439453125,
        "y_min": 0.787109375,
        "x_max": 0.556640625,
        "y_max": 0.908203125
      }
    },
    {
      "char": "零",
      "bbox": {
        "x_min": 0.1640625,
        "y_min": 0.39453125,
        "x_max": 0.2890625,
        "y_max": 0.58984375
      }
    }
  ]
}