{
  "image_filename": "00360.png",
  "visualization_filename": "00360_vis.png",
  "mnist_digits": [
    0,
    2,
    1,
    1,
    1,
    2,
    9,
    2,
    9,
    2,
    3,
    7,
    4,
    8,
    7,
    1,
    5,
    3,
    7,
    2,
    8,
    1,
    8
  ],
  "boxes": [
    {
      "char": "一",
      "bbox": {
        "x_min": 0.05859375,
        "y_min": 0.67578125,
        "x_max": 0.33203125,
        "y_max": 0.7578125
      }
    },
    {
      "char": "百",
      "bbox": {
        "x_min": 0.494140625,
        "y_min": 0.283203125,
        "x_max": 0.73828125,
        "y_max": 0.6796875
      }
    },
    {
      "char": "二",
      "bbox": {
        "x_min": 0.384765625,
        "y_min": 0.880859375,
        "x_max": 0.447265625,
        "y_max": 0.931640625
      }
    },
    {
      "char": "四",
      "bbox": {
        "x_min": 0.470703125,
        "y_min": 0.69921875,
        "x_max": 0.611328125,
        "y_max": 0.904296875
      }
    },
    {
      "char": "三",
      "bbox": {
        "x_min": 0.181640625,
        "y_min": 0.17578125,
        "x_max": 0.376953125,
        "y_max": 0.37890625
      }
    }
  ]
}