{
  "image_filename": "00367.png",
  "visualization_filename": "00367_vis.png",
  "mnist_digits": [
    6,
    3,
    2,
    9,
    6,
    2,
    3,
    1,
    5,
    3,
    7,
    3,
    0,
    0,
    3,
    7,
    9,
    0,
    4,
    9
  ],
  "boxes": [
    {
      "char": "四",
      "bbox": {
        "x_min": 0.26953125,
        "y_min": 0.89453125,
        "x_max": 0.328125,
        "y_max": 0.96875
      }
    },
    {
      "char": "一",
      "bbox": {
        "x_min": 0.734375,
        "y_min": 0.4765625,
        "x_max": 0.88671875,
        "y_max": 0.517578125
      }
    },
    {
      "char": "亿",
      "bbox": {
        "x_min": 0.837890625,
        "y_min": 0.447265625,
        "x_max": 0.8828125,
        "y_max": 0.48046875
      }
    },
    {
      "char": "百",
      "bbox": {
        "x_min": 0.78515625,
        "y_min": 0.12890625,
        "x_max": 0.859375,
        "y_max": 0.25390625
      }
    }
  ]
}