{
  "image_filename": "00366.png",
  "visualization_filename": "00366_vis.png",
  "mnist_digits": [
    0,
    1,
    2,
    4,
    2,
    8,
    5,
    3,
    9,
    0,
    5,
    5,
    7,
    1,
    6,
    8,
    8,
    4,
    2,
    2,
    4,
    4,
    6,
    4,
    5,
    5,
    2,
    6,
    4
  ],
  "boxes": [
    {
      "char": "九",
      "bbox": {
        "x_min": 0.265625,
        "y_min": 0.54296875,
        "x_max": 0.32421875,
        "y_max": 0.638671875
      }
    },
    {
      "char": "五",
      "bbox": {
        "x_min": 0.5390625,
        "y_min": 0.203125,
        "x_max": 0.734375,
        "y_max": 0.390625
      }
    },
    {
      "char": "百",
      "bbox": {
        "x_min": 0.849609375,
        "y_min": 0.1796875,
        "x_max": 0.912109375,
        "y_max": 0.29296875
      }
    },
    {
      "char": "零",
      "bbox": {
        "x_min": 0.78515625,
        "y_min": 0.302734375,
        "x_max": 0.8359375,
        "y_max": 0.396484375
      }
    },
    {
      "char": "亿",
      "bbox": {
        "x_min": 0.177734375,
        "y_min": 0.05078125,
        "x_max": 0.380859375,
        "y_max": 0.263671875
      }
    }
  ]
}