{
  "image_filename": "00361.png",
  "visualization_filename": "00361_vis.png",
  "mnist_digits": [
    7,
    0,
    1,
    7,
    0,
    8,
    8,
    4,
    8,
    1,
    8,
    7,
    5,
    4,
    2,
    2,
    2,
    9,
    4,
    2,
    7,
    1
  ],
  "boxes": [
    {
      "char": "九",
      "bbox": {
        "x_min": 0.587890625,
        "y_min": 0.662109375,
        "x_max": 0.642578125,
        "y_max": 0.744140625
      }
    },
    {
      "char": "七",
      "bbox": {
        "x_min": 0.908203125,
        "y_min": 0.21875,
        "x_max": 0.96484375,
        "y_max": 0.27734375
      }
    }
  ]
}