{
  "image_filename": "00368.png",
  "visualization_filename": "00368_vis.png",
  "mnist_digits": [
    4,
    3,
    6,
    6,
    1,
    1,
    1,
    9,
    8,
    3,
    0,
    1,
    1
  ],
  "boxes": [
    {
      "char": "四",
      "bbox": {
        "x_min": 0.095703125,
        "y_min": 0.078125,
        "x_max": 0.138671875,
        "y_max": 0.107421875
      }
    },
    {
      "char": "百",
      "bbox": {
        "x_min": 0.236328125,
        "y_min": 0.216796875,
        "x_max": 0.623046875,
        "y_max": 0.828125
      }
    },
    {
      "char": "一",
      "bbox": {
        "x_min": 0.19140625,
        "y_min": 0.04296875,
        "x_max": 0.443359375,
        "y_max": 0.1875
      }
    }
  ]
}