{
  "image_filename": "00369.png",
  "visualization_filename": "00369_vis.png",
  "mnist_digits": [
    0,
    2,
    0,
    6,
    5,
    5,
    7,
    0,
    4,
    8,
    2,
    7,
    1,
    9,
    6,
    3,
    3,
    8,
    8,
    8,
    0,
    5,
    0,
    1,
    0,
    0,
    6
  ],
  "boxes": [
    {
      "char": "万",
      "bbox": {
        "x_min": 0.025390625,
        "y_min": 0.3359375,
        "x_max": 0.119140625,
        "y_max": 0.46484375
      }
    },
    {
      "char": "九",
      "bbox": {
        "x_min": 0.52734375,
        "y_min": 0.619140625,
        "x_max": 0.59765625,
        "y_max": 0.701171875
      }
    },
    {
      "char": "百",
      "bbox": {
        "x_min": 0.443359375,
        "y_min": 0.51953125,
        "x_max": 0.505859375,
        "y_max": 0.60546875
      }
    },
    {
      "char": "三",
      "bbox": {
        "x_min": 0.126953125,
        "y_min": 0.751953125,
        "x_max": 0.302734375,
        "y_max": 0.8515625
      }
    },
    {
      "char": "二",
      "bbox": {
        "x_min": 0.4453125,
        "y_min": 0.78125,
        "x_max": 0.75,
        "y_max": 0.9609375
      }
    }
  ]
}