{
  "image_filename": "00363.png",
  "visualization_filename": "00363_vis.png",
  "mnist_digits": [
    9,
    4,
    6,
    6,
    2,
    8,
    9,
    0,
    6
  ],
  "boxes": [
    {
      "char": "六",
      "bbox": {
        "x_min": 0.70703125,
        "y_min": 0.3984375,
        "x_max": 0.8046875,
        "y_max": 0.52734375
      }
    },
    {
      "char": "五",
      "bbox": {
        "x_min": 0.65625,
        "y_min": 0.0078125,
        "x_max": 0.76953125,
        "y_max": 0.1640625
      }
    }
  ]
}