{
  "image_filename": "00376.png",
  "visualization_filename": "00376_vis.png",
  "mnist_digits": [
    7,
    8,
    6,
    8
  ],
  "boxes": [
    {
      "char": "三",
      "bbox": {
        "x_min": 0.2421875,
        "y_min": 0.43359375,
        "x_max": 0.3984375,
        "y_max": 0.58203125
      }
    },
    {
      "char": "零",
      "bbox": {
        "x_min": 0.4140625,
        "y_min": 0.353515625,
        "x_max": 0.787109375,
        "y_max": 0.95703125
      }
    },
    {
      "char": "亿",
      "bbox": {
        "x_min": 0.376953125,
        "y_min": 0.158203125,
        "x_max": 0.541015625,
        "y_max": 0.337890625
      }
    },
    {
      "char": "百",
      "bbox": {
        "x_min": 0.744140625,
        "y_min": 0.236328125,
        "x_max": 0.837890625,
        "y_max": 0.37109375
      }
    },
    {
      "char": "百",
      "bbox": {
        "x_min": 0.125,
        "y_min": 0.783203125,
        "x_max": 0.3125,
        "y_max": 0.994140625
      }
    }
  ]
}