{
  "image_filename": "00372.png",
  "visualization_filename": "00372_vis.png",
  "mnist_digits": [
    4,
    0,
    6,
    5,
    9,
    8,
    6,
    9,
    9,
    9,
    7,
    2,
    0,
    3
  ],
  "boxes": [
    {
      "char": "六",
      "bbox": {
        "x_min": 0.1875,
        "y_min": 0.26953125,
        "x_max": 0.51171875,
        "y_max": 0.767578125
      }
    },
    {
      "char": "十",
      "bbox": {
        "x_min": 0.5390625,
        "y_min": 0.884765625,
        "x_max": 0.60546875,
        "y_max": 0.958984375
      }
    },
    {
      "char": "万",
      "bbox": {
        "x_min": 0.015625,
        "y_min": 0.6640625,
        "x_max": 0.177734375,
        "y_max": 0.806640625
      }
    },
    {
      "char": "十",
      "bbox": {
        "x_min": 0.60546875,
        "y_min": 0.228515625,
        "x_max": 0.68359375,
        "y_max": 0.326171875
      }
    },
    {
      "char": "四",
      "bbox": {
        "x_min": 0.904296875,
        "y_min": 0.58203125,
        "x_max": 0.962890625,
        "y_max": 0.671875
      }
    },
    {
      "char": "六",
      "bbox": {
        "x_min": 0.697265625,
        "y_min": 0.33203125,
        "x_max": 0.783203125,
        "y_max": 0.43359375
      }
    }
  ]
}