{
  "image_filename": "00373.png",
  "visualization_filename": "00373_vis.png",
  "mnist_digits": [
    1,
    5,
    9,
    1,
    6,
    4,
    7,
    8,
    3,
    1
  ],
  "boxes": [
    {
      "char": "六",
      "bbox": {
        "x_min": 0.091796875,
        "y_min": 0.625,
        "x_max": 0.138671875,
        "y_max": 0.677734375
      }
    },
    {
      "char": "十",
      "bbox": {
        "x_min": 0.873046875,
        "y_min": 0.6484375,
        "x_max": 0.978515625,
        "y_max": 0.818359375
      }
    },
    {
      "char": "零",
      "bbox": {
        "x_min": 0.923828125,
        "y_min": 0.533203125,
        "x_max": 1,
        "y_max": 0.6015625
      }
    }
  ]
}