{
  "image_filename": "00377.png",
  "visualization_filename": "00377_vis.png",
  "mnist_digits": [
    3,
    4,
    7,
    0,
    7,
    5,
    4,
    1,
    1,
    5,
    0,
    2,
    3,
    8,
    7,
    3,
    2,
    1,
    4,
    9,
    7,
    1,
    7,
    0,
    9,
    6,
    6,
    7,
    5
  ],
  "boxes": [
    {
      "char": "百",
      "bbox": {
        "x_min": 0.7109375,
        "y_min": 0.560546875,
        "x_max": 0.7734375,
        "y_max": 0.619140625
      }
    },
    {
      "char": "万",
      "bbox": {
        "x_min": 0.31640625,
        "y_min": 0.427734375,
        "x_max": 0.38671875,
        "y_max": 0.541015625
      }
    },
    {
      "char": "百",
      "bbox": {
        "x_min": 0.603515625,
        "y_min": 0.412109375,
        "x_max": 0.76171875,
        "y_max": 0.5625
      }
    },
    {
      "char": "八",
      "bbox": {
        "x_min": 0.078125,
        "y_min": 0.30859375,
        "x_max": 0.265625,
        "y_max": 0.49609375
      }
    }
  ]
}