{
  "image_filename": "00370.png",
  "visualization_filename": "00370_vis.png",
  "mnist_digits": [
    3,
    0,
    4,
    7,
    9,
    6,
    8,
    8,
    0,
    6,
    6,
    9,
    8,
    0,
    9
  ],
  "boxes": [
    {
      "char": "零",
      "bbox": {
        "x_min": 0.4375,
        "y_min": 0.123046875,
        "x_max": 0.6171875,
        "y_max": 0.365234375
      }
    },
    {
      "char": "六",
      "bbox": {
        "x_min": 0.810546875,
        "y_min": 0.330078125,
        "x_max": 0.888671875,
        "y_max": 0.447265625
      }
    },
    {
      "char": "零",
      "bbox": {
        "x_min": 0.3125,
        "y_min": 0.5859375,
        "x_max": 0.38671875,
        "y_max": 0.71875
      }
    },
    {
      "char": "九",
      "bbox": {
        "x_min": 0.208984375,
        "y_min": 0.4765625,
        "x_max": 0.240234375,
        "y_max": 0.5390625
      }
    },
    {
      "char": "四",
      "bbox": {
        "x_min": 0.4296875,
        "y_min": 0.416015625,
        "x_max": 0.603515625,
        "y_max": 0.58984375
      }
    }
  ]
}