{
  "image_filename": "00378.png",
  "visualization_filename": "00378_vis.png",
  "mnist_digits": [
    9,
    3,
    7,
    1,
    9,
    1,
    1,
    8,
    4,
    7,
    1,
    7,
    7,
    6,
    9,
    7,
    6,
    7
  ],
  "boxes": [
    {
      "char": "万",
      "bbox": {
        "x_min": 0.11328125,
        "y_min": 0.056640625,
        "x_max": 0.259765625,
        "y_max": 0.259765625
      }
    },
    {
      "char": "零",
      "bbox": {
        "x_min": 0.125,
        "y_min": 0.3203125,
        "x_max": 0.25390625,
        "y_max": 0.548828125
      }
    },
    {
      "char": "七",
      "bbox": {
        "x_min": 0.685546875,
        "y_min": 0.669921875,
        "x_max": 0.767578125,
        "y_max": 0.716796875
      }
    },
    {
      "char": "十",
      "bbox": {
        "x_min": 0.904296875,
        "y_min": 0.296875,
        "x_max": 0.935546875,
        "y_max": 0.330078125
      }
    }
  ]
}