{
  "image_filename": "00374.png",
  "visualization_filename": "00374_vis.png",
  "mnist_digits": [
    0,
    5,
    7,
    8,
    3,
    4,
    4,
    4,
    6,
    0,
    9,
    9,
    0,
    7,
    2,
    3,
    1,
    4,
    6,
    9,
    5,
    9,
    3
  ],
  "boxes": [
    {
      "char": "千",
      "bbox": {
        "x_min": 0.48828125,
        "y_min": 0.146484375,
        "x_max": 0.76953125,
        "y_max": 0.482421875
      }
    },
    {
      "char": "二",
      "bbox": {
        "x_min": 0.81640625,
        "y_min": 0.544921875,
        "x_max": 0.8828125,
        "y_max": 0.572265625
      }
    },
    {
      "char": "十",
      "bbox": {
        "x_min": 0.79296875,
        "y_min": 0.74609375,
        "x_max": 0.939453125,
        "y_max": 0.95703125
      }
    }
  ]
}