{
  "image_filename": "00375.png",
  "visualization_filename": "00375_vis.png",
  "mnist_digits": [
    1,
    9,
    4,
    3,
    3,
    7,
    4,
    4,
    7,
    1,
    8,
    9,
    4,
    2,
    1,
    2,
    8,
    4,
    1
  ],
  "boxes": [
    {
      "char": "千",
      "bbox": {
        "x_min": 0.34375,
        "y_min": 0.79296875,
        "x_max": 0.375,
        "y_max": 0.87109375
      }
    },
    {
      "char": "八",
      "bbox": {
        "x_min": 0.3125,
        "y_min": 0.302734375,
        "x_max": 0.3671875,
        "y_max": 0.337890625
      }
    }
  ]
}