{
  "image_filename": "00386.png",
  "visualization_filename": "00386_vis.png",
  "mnist_digits": [
    2,
    7,
    9,
    2,
    0,
    6,
    0,
    7,
    8,
    9,
    1,
    5,
    6,
    2,
    1,
    2,
    5,
    1,
    1,
    8,
    5,
    7,
    3,
    4,
    1,
    2,
    5,
    1,
    0,
    5,
    3,
    5,
    8,
    0
  ],
  "boxes": [
    {
      "char": "零",
      "bbox": {
        "x_min": 0.779296875,
        "y_min": 0.767578125,
        "x_max": 0.849609375,
        "y_max": 0.916015625
      }
    },
    {
      "char": "万",
      "bbox": {
        "x_min": 0.3359375,
        "y_min": 0.388671875,
        "x_max": 0.3984375,
        "y_max": 0.478515625
      }
    },
    {
      "char": "六",
      "bbox": {
        "x_min": 0.43359375,
        "y_min": 0.423828125,
        "x_max": 0.52734375,
        "y_max": 0.537109375
      }
    }
  ]
}