{
  "image_filename": "00384.png",
  "visualization_filename": "00384_vis.png",
  "mnist_digits": [
    9,
    1,
    0,
    2,
    6,
    3,
    5,
    6,
    4,
    5,
    4,
    2
  ],
  "boxes": [
    {
      "char": "七",
      "bbox": {
        "x_min": 0.390625,
        "y_min": 0.3515625,
        "x_max": 0.453125,
        "y_max": 0.412109375
      }
    },
    {
      "char": "十",
      "bbox": {
        "x_min": 0.076171875,
        "y_min": 0.654296875,
        "x_max": 0.193359375,
        "y_max": 0.826171875
      }
    }
  ]
}