{
  "image_filename": "00388.png",
  "visualization_filename": "00388_vis.png",
  "mnist_digits": [
    8,
    4,
    2,
    5,
    8,
    4,
    3,
    1,
    6,
    6,
    9,
    5,
    0,
    8,
    5,
    1,
    0,
    1,
    2,
    4,
    3,
    0,
    6,
    0,
    9,
    7,
    4
  ],
  "boxes": [
    {
      "char": "五",
      "bbox": {
        "x_min": 0.58203125,
        "y_min": 0.142578125,
        "x_max": 0.82421875,
        "y_max": 0.384765625
      }
    },
    {
      "char": "三",
      "bbox": {
        "x_min": 0.291015625,
        "y_min": 0.697265625,
        "x_max": 0.478515625,
        "y_max": 0.8671875
      }
    },
    {
      "char": "零",
      "bbox": {
        "x_min": 0.65234375,
        "y_min": 0.576171875,
        "x_max": 0.826171875,
        "y_max": 0.80078125
      }
    }
  ]
}