{
  "image_filename": "00383.png",
  "visualization_filename": "00383_vis.png",
  "mnist_digits": [
    9,
    9,
    4,
    7,
    1,
    5,
    0,
    3
  ],
  "boxes": [
    {
      "char": "一",
      "bbox": {
        "x_min": 0.65625,
        "y_min": 0.07421875,
        "x_max": 0.875,
        "y_max": 0.193359375
      }
    },
    {
      "char": "四",
      "bbox": {
        "x_min": 0.259765625,
        "y_min": 0.935546875,
        "x_max": 0.30078125,
        "y_max": 0.966796875
      }
    },
    {
      "char": "十",
      "bbox": {
        "x_min": 0.26171875,
        "y_min": 0.650390625,
        "x_max": 0.412109375,
        "y_max": 0.80078125
      }
    },
    {
      "char": "万",
      "bbox": {
        "x_min": 0.08984375,
        "y_min": 0.884765625,
        "x_max": 0.13671875,
        "y_max": 0.94921875
      }
    },
    {
      "char": "三",
      "bbox": {
        "x_min": 0.56640625,
        "y_min": 0.490234375,
        "x_max": 0.880859375,
        "y_max": 0.765625
      }
    },
    {
      "char": "七",
      "bbox": {
        "x_min": 0.169921875,
        "y_min": 0.1328125,
        "x_max": 0.35546875,
        "y_max": 0.3046875
      }
    }
  ]
}