{
  "image_filename": "00382.png",
  "visualization_filename": "00382_vis.png",
  "mnist_digits": [
    8,
    4,
    7,
    6,
    2,
    0,
    8,
    8,
    1,
    1,
    3,
    5,
    7,
    0,
    2,
    6
  ],
  "boxes": [
    {
      "char": "十",
      "bbox": {
        "x_min": 0.03125,
        "y_min": 0.166015625,
        "x_max": 0.0859375,
        "y_max": 0.259765625
      }
    },
    {
      "char": "五",
      "bbox": {
        "x_min": 0.11328125,
        "y_min": 0.1015625,
        "x_max": 0.25,
        "y_max": 0.2890625
      }
    },
    {
      "char": "九",
      "bbox": {
        "x_min": 0.6484375,
        "y_min": 0.36328125,
        "x_max": 0.765625,
        "y_max": 0.57421875
      }
    },
    {
      "char": "亿",
      "bbox": {
        "x_min": 0.783203125,
        "y_min": 0.771484375,
        "x_max": 0.9765625,
        "y_max": 0.947265625
      }
    },
    {
      "char": "四",
      "bbox": {
        "x_min": 0.259765625,
        "y_min": 0.51171875,
        "x_max": 0.498046875,
        "y_max": 0.85546875
      }
    },
    {
      "char": "九",
      "bbox": {
        "x_min": 0.90625,
        "y_min": 0.0703125,
        "x_max": 0.9765625,
        "y_max": 0.15625
      }
    },
    {
      "char": "八",
      "bbox": {
        "x_min": 0.42578125,
        "y_min": 0.89453125,
        "x_max": 0.546875,
        "y_max": 0.99609375
      }
    },
    {
      "char": "八",
      "bbox": {
        "x_min": 0.798828125,
        "y_min": 0.306640625,
        "x_max": 0.970703125,
        "y_max": 0.533203125
      }
    }
  ]
}