{
  "image_filename": "00385.png",
  "visualization_filename": "00385_vis.png",
  "mnist_digits": [
    4,
    4,
    5,
    6,
    4,
    8,
    1,
    6,
    7,
    1,
    4,
    8,
    2,
    8,
    1,
    0,
    1,
    2,
    0,
    8,
    2,
    9,
    0,
    1,
    0,
    2,
    5,
    1,
    7,
    8
  ],
  "boxes": [
    {
      "char": "五",
      "bbox": {
        "x_min": 0.42578125,
        "y_min": 0.6875,
        "x_max": 0.630859375,
        "y_max": 0.828125
      }
    },
    {
      "char": "十",
      "bbox": {
        "x_min": 0.3203125,
        "y_min": 0.265625,
        "x_max": 0.541015625,
        "y_max": 0.64453125
      }
    },
    {
      "char": "九",
      "bbox": {
        "x_min": 0.0625,
        "y_min": 0.048828125,
        "x_max": 0.107421875,
        "y_max": 0.10546875
      }
    }
  ]
}