{
  "image_filename": "00381.png",
  "visualization_filename": "00381_vis.png",
  "mnist_digits": [
    2,
    2,
    4,
    6,
    4,
    3,
    4,
    2,
    9,
    9,
    1,
    4,
    1,
    1,
    8,
    2,
    1,
    7,
    0,
    6,
    2
  ],
  "boxes": [
    {
      "char": "五",
      "bbox": {
        "x_min": 0.107421875,
        "y_min": 0.873046875,
        "x_max": 0.216796875,
        "y_max": 0.982421875
      }
    },
    {
      "char": "零",
      "bbox": {
        "x_min": 0.18359375,
        "y_min": 0.533203125,
        "x_max": 0.3828125,
        "y_max": 0.826171875
      }
    },
    {
      "char": "二",
      "bbox": {
        "x_min": 0.908203125,
        "y_min": 0.517578125,
        "x_max": 0.94921875,
        "y_max": 0.548828125
      }
    },
    {
      "char": "八",
      "bbox": {
        "x_min": 0.919921875,
        "y_min": 0.6875,
        "x_max": 0.982421875,
        "y_max": 0.736328125
      }
    }
  ]
}