{
  "image_filename": "00380.png",
  "visualization_filename": "00380_vis.png",
  "mnist_digits": [
    4,
    6,
    4,
    5,
    8,
    1,
    3,
    7,
    3,
    4,
    3,
    7,
    9,
    6,
    4,
    2,
    4,
    1,
    6,
    8,
    9,
    9,
    2,
    5,
    9,
    1,
    7,
    7
  ],
  "boxes": [
    {
      "char": "六",
      "bbox": {
        "x_min": 0.80859375,
        "y_min": 0.47265625,
        "x_max": 0.94140625,
        "y_max": 0.62109375
      }
    },
    {
      "char": "一",
      "bbox": {
        "x_min": 0.255859375,
        "y_min": 0.28515625,
        "x_max": 0.28515625,
        "y_max": 0.30078125
      }
    },
    {
      "char": "二",
      "bbox": {
        "x_min": 0.142578125,
        "y_min": 0.44140625,
        "x_max": 0.560546875,
        "y_max": 0.66015625
      }
    },
    {
      "char": "三",
      "bbox": {
        "x_min": 0.5,
        "y_min": 0.14453125,
        "x_max": 0.61328125,
        "y_max": 0.23046875
      }
    },
    {
      "char": "百",
      "bbox": {
        "x_min": 0.63671875,
        "y_min": 0.08984375,
        "x_max": 0.68359375,
        "y_max": 0.1484375
      }
    }
  ]
}