{
  "image_filename": "00399.png",
  "visualization_filename": "00399_vis.png",
  "mnist_digits": [
    4,
    5,
    9,
    1,
    3,
    7,
    7
  ],
  "boxes": [
    {
      "char": "千",
      "bbox": {
        "x_min": 0.189453125,
        "y_min": 0.83984375,
        "x_max": 0.220703125,
        "y_max": 0.888671875
      }
    },
    {
      "char": "万",
      "bbox": {
        "x_min": 0.486328125,
        "y_min": 0.423828125,
        "x_max": 0.7109375,
        "y_max": 0.6328125
      }
    },
    {
      "char": "二",
      "bbox": {
        "x_min": 0.701171875,
        "y_min": 0.287109375,
        "x_max": 0.919921875,
        "y_max": 0.412109375
      }
    }
  ]
}