{
  "image_filename": "00391.png",
  "visualization_filename": "00391_vis.png",
  "mnist_digits": [
    6,
    4,
    0,
    6,
    8,
    1,
    4,
    6,
    6,
    5,
    8,
    7,
    0,
    1,
    4,
    9,
    9
  ],
  "boxes": [
    {
      "char": "六",
      "bbox": {
        "x_min": 0.298828125,
        "y_min": 0.447265625,
        "x_max": 0.427734375,
        "y_max": 0.681640625
      }
    },
    {
      "char": "九",
      "bbox": {
        "x_min": 0.634765625,
        "y_min": 0.546875,
        "x_max": 0.876953125,
        "y_max": 0.75
      }
    },
    {
      "char": "六",
      "bbox": {
        "x_min": 0.107421875,
        "y_min": 0.560546875,
        "x_max": 0.220703125,
        "y_max": 0.763671875
      }
    },
    {
      "char": "十",
      "bbox": {
        "x_min": 0.107421875,
        "y_min": 0.181640625,
        "x_max": 0.201171875,
        "y_max": 0.333984375
      }
    }
  ]
}