{
  "image_filename": "00390.png",
  "visualization_filename": "00390_vis.png",
  "mnist_digits": [
    4,
    5,
    6,
    9,
    5,
    5,
    9,
    1,
    9,
    5,
    4,
    9,
    4,
    2,
    4,
    3,
    9,
    0,
    9,
    1,
    7,
    1
  ],
  "boxes": [
    {
      "char": "四",
      "bbox": {
        "x_min": 0.3203125,
        "y_min": 0.59375,
        "x_max": 0.552734375,
        "y_max": 0.8125
      }
    },
    {
      "char": "八",
      "bbox": {
        "x_min": 0.0703125,
        "y_min": 0.943359375,
        "x_max": 0.158203125,
        "y_max": 0.9921875
      }
    },
    {
      "char": "三",
      "bbox": {
        "x_min": 0.69921875,
        "y_min": 0.171875,
        "x_max": 0.755859375,
        "y_max": 0.22265625
      }
    },
    {
      "char": "九",
      "bbox": {
        "x_min": 0.263671875,
        "y_min": 0.07421875,
        "x_max": 0.4453125,
        "y_max": 0.287109375
      }
    }
  ]
}