{
  "image_filename": "00392.png",
  "visualization_filename": "00392_vis.png",
  "mnist_digits": [
    4,
    4,
    1,
    8,
    4,
    2,
    7,
    0,
    5,
    5,
    9,
    9,
    8,
    1,
    4
  ],
  "boxes": [
    {
      "char": "百",
      "bbox": {
        "x_min": 0.58203125,
        "y_min": 0.646484375,
        "x_max": 0.673828125,
        "y_max": 0.830078125
      }
    },
    {
      "char": "百",
      "bbox": {
        "x_min": 0.30859375,
        "y_min": 0.54296875,
        "x_max": 0.412109375,
        "y_max": 0.76171875
      }
    },
    {
      "char": "四",
      "bbox": {
        "x_min": 0.263671875,
        "y_min": 0.478515625,
        "x_max": 0.322265625,
        "y_max": 0.53515625
      }
    }
  ]
}