{
  "image_filename": "00398.png",
  "visualization_filename": "00398_vis.png",
  "mnist_digits": [
    0,
    4,
    8,
    1,
    6,
    9,
    4,
    6,
    9,
    3,
    1,
    4,
    0,
    2,
    6,
    1,
    7,
    0,
    1
  ],
  "boxes": [
    {
      "char": "一",
      "bbox": {
        "x_min": 0.017578125,
        "y_min": 0.46484375,
        "x_max": 0.119140625,
        "y_max": 0.486328125
      }
    },
    {
      "char": "六",
      "bbox": {
        "x_min": 0.607421875,
        "y_min": 0.64453125,
        "x_max": 0.794921875,
        "y_max": 0.814453125
      }
    },
    {
      "char": "十",
      "bbox": {
        "x_min": 0.34765625,
        "y_min": 0.078125,
        "x_max": 0.3828125,
        "y_max": 0.13671875
      }
    },
    {
      "char": "万",
      "bbox": {
        "x_min": 0.03125,
        "y_min": 0.724609375,
        "x_max": 0.140625,
        "y_max": 0.873046875
      }
    },
    {
      "char": "四",
      "bbox": {
        "x_min": 0.673828125,
        "y_min": 0.005859375,
        "x_max": 0.849609375,
        "y_max": 0.1875
      }
    },
    {
      "char": "千",
      "bbox": {
        "x_min": 0.306640625,
        "y_min": 0.478515625,
        "x_max": 0.400390625,
        "y_max": 0.712890625
      }
    },
    {
      "char": "百",
      "bbox": {
        "x_min": 0.462890625,
        "y_min": 0.349609375,
        "x_max": 0.650390625,
        "y_max": 0.583984375
      }
    },
    {
      "char": "八",
      "bbox": {
        "x_min": 0.111328125,
        "y_min": 0.33203125,
        "x_max": 0.24609375,
        "y_max": 0.439453125
      }
    }
  ]
}