{
  "image_filename": "00396.png",
  "visualization_filename": "00396_vis.png",
  "mnist_digits": [
    5,
    9,
    4,
    0,
    4,
    5,
    8,
    2,
    9,
    9,
    6,
    7,
    5,
    0,
    3,
    9,
    8,
    6,
    1,
    5,
    8,
    7,
    1,
    1,
    4,
    7,
    5,
    5,
    1
  ],
  "boxes": [
    {
      "char": "一",
      "bbox": {
        "x_min": 0.6015625,
        "y_min": 0.72265625,
        "x_max": 0.703125,
        "y_max": 0.76171875
      }
    },
    {
      "char": "八",
      "bbox": {
        "x_min": 0.837890625,
        "y_min": 0.4140625,
        "x_max": 0.955078125,
        "y_max": 0.595703125
      }
    },
    {
      "char": "亿",
      "bbox": {
        "x_min": 0.220703125,
        "y_min": 0.318359375,
        "x_max": 0.376953125,
        "y_max": 0.462890625
      }
    },
    {
      "char": "十",
      "bbox": {
        "x_min": 0.42578125,
        "y_min": 0.125,
        "x_max": 0.453125,
        "y_max": 0.1640625
      }
    }
  ]
}