{
  "image_filename": "00397.png",
  "visualization_filename": "00397_vis.png",
  "mnist_digits": [
    5,
    1,
    3,
    4,
    8,
    9,
    6,
    0,
    1,
    7,
    2,
    1,
    9,
    7,
    4,
    2,
    6,
    8,
    4
  ],
  "boxes": [
    {
      "char": "百",
      "bbox": {
        "x_min": 0.19921875,
        "y_min": 0.345703125,
        "x_max": 0.755859375,
        "y_max": 0.83984375
      }
    },
    {
      "char": "五",
      "bbox": {
        "x_min": 0.05859375,
        "y_min": 0.431640625,
        "x_max": 0.205078125,
        "y_max": 0.5625
      }
    }
  ]
}