{
  "image_filename": "00393.png",
  "visualization_filename": "00393_vis.png",
  "mnist_digits": [
    2,
    3,
    8,
    7,
    4,
    4,
    9,
    8,
    4,
    5
  ],
  "boxes": [
    {
      "char": "亿",
      "bbox": {
        "x_min": 0.017578125,
        "y_min": 0.4296875,
        "x_max": 0.15234375,
        "y_max": 0.529296875
      }
    },
    {
      "char": "二",
      "bbox": {
        "x_min": 0.55859375,
        "y_min": 0.212890625,
        "x_max": 0.87109375,
        "y_max": 0.384765625
      }
    },
    {
      "char": "三",
      "bbox": {
        "x_min": 0.419921875,
        "y_min": 0.248046875,
        "x_max": 0.521484375,
        "y_max": 0.333984375
      }
    }
  ]
}