{
  "image_filename": "00395.png",
  "visualization_filename": "00395_vis.png",
  "mnist_digits": [
    0,
    4,
    1,
    2,
    1,
    3,
    6,
    2,
    5,
    6,
    5,
    7,
    0,
    9,
    1
  ],
  "boxes": [
    {
      "char": "三",
      "bbox": {
        "x_min": 0.384765625,
        "y_min": 0.3515625,
        "x_max": 0.572265625,
        "y_max": 0.515625
      }
    },
    {
      "char": "零",
      "bbox": {
        "x_min": 0.55078125,
        "y_min": 0.537109375,
        "x_max": 0.73828125,
        "y_max": 0.787109375
      }
    },
    {
      "char": "千",
      "bbox": {
        "x_min": 0.544921875,
        "y_min": 0.255859375,
        "x_max": 0.591796875,
        "y_max": 0.333984375
      }
    },
    {
      "char": "八",
      "bbox": {
        "x_min": 0.07421875,
        "y_min": 0.796875,
        "x_max": 0.232421875,
        "y_max": 0.92578125
      }
    },
    {
      "char": "十",
      "bbox": {
        "x_min": 0.4609375,
        "y_min": 0.595703125,
        "x_max": 0.51171875,
        "y_max": 0.640625
      }
    },
    {
      "char": "十",
      "bbox": {
        "x_min": 0.640625,
        "y_min": 0.88671875,
        "x_max": 0.673828125,
        "y_max": 0.958984375
      }
    },
    {
      "char": "四",
      "bbox": {
        "x_min": 0.72265625,
        "y_min": 0.017578125,
        "x_max": 0.86328125,
        "y_max": 0.150390625
      }
    }
  ]
}