{
  "image_filename": "00394.png",
  "visualization_filename": "00394_vis.png",
  "mnist_digits": [
    6,
    6,
    1,
    1,
    1,
    6,
    6,
    9,
    7,
    6,
    7,
    6,
    3,
    7,
    8,
    8,
    1,
    6,
    8
  ],
  "boxes": [
    {
      "char": "亿",
      "bbox": {
        "x_min": 0.36328125,
        "y_min": 0.521484375,
        "x_max": 0.65234375,
        "y_max": 0.771484375
      }
    },
    {
      "char": "二",
      "bbox": {
        "x_min": 0.115234375,
        "y_min": 0.17578125,
        "x_max": 0.212890625,
        "y_max": 0.236328125
      }
    },
    {
      "char": "万",
      "bbox": {
        "x_min": 0.32421875,
        "y_min": 0.240234375,
        "x_max": 0.46875,
        "y_max": 0.408203125
      }
    },
    {
      "char": "八",
      "bbox": {
        "x_min": 0.74609375,
        "y_min": 0.484375,
        "x_max": 0.89453125,
        "y_max": 0.64453125
      }
    },
    {
      "char": "二",
      "bbox": {
        "x_min": 0.33203125,
        "y_min": 0.634765625,
        "x_max": 0.361328125,
        "y_max": 0.654296875
      }
    }
  ]
}