{
  "image_filename": "00402.png",
  "visualization_filename": "00402_vis.png",
  "mnist_digits": [
    3,
    7,
    7,
    6,
    4,
    7,
    3,
    8,
    7
  ],
  "boxes": [
    {
      "char": "四",
      "bbox": {
        "x_min": 0.181640625,
        "y_min": 0.181640625,
        "x_max": 0.369140625,
        "y_max": 0.392578125
      }
    },
    {
      "char": "三",
      "bbox": {
        "x_min": 0.798828125,
        "y_min": 0.29296875,
        "x_max": 0.93359375,
        "y_max": 0.451171875
      }
    }
  ]
}