{
  "image_filename": "00408.png",
  "visualization_filename": "00408_vis.png",
  "mnist_digits": [
    4,
    0,
    6,
    5,
    0,
    9,
    6,
    6,
    5,
    2,
    8,
    5,
    8,
    4,
    2,
    0
  ],
  "boxes": [
    {
      "char": "十",
      "bbox": {
        "x_min": 0.310546875,
        "y_min": 0.31640625,
        "x_max": 0.369140625,
        "y_max": 0.4140625
      }
    },
    {
      "char": "六",
      "bbox": {
        "x_min": 0.16015625,
        "y_min": 0.31640625,
        "x_max": 0.1875,
        "y_max": 0.361328125
      }
    },
    {
      "char": "六",
      "bbox": {
        "x_min": 0.142578125,
        "y_min": 0.478515625,
        "x_max": 0.33203125,
        "y_max": 0.70703125
      }
    },
    {
      "char": "千",
      "bbox": {
        "x_min": 0.916015625,
        "y_min": 0.787109375,
        "x_max": 0.962890625,
        "y_max": 0.833984375
      }
    },
    {
      "char": "五",
      "bbox": {
        "x_min": 0.41015625,
        "y_min": 0.62890625,
        "x_max": 0.53515625,
        "y_max": 0.75
      }
    }
  ]
}