{
  "image_filename": "00400.png",
  "visualization_filename": "00400_vis.png",
  "mnist_digits": [
    6,
    1,
    1,
    9,
    8,
    6,
    9,
    2,
    3,
    4,
    3,
    7,
    0,
    4,
    2,
    7,
    0,
    7,
    9,
    6,
    8,
    7,
    1
  ],
  "boxes": [
    {
      "char": "一",
      "bbox": {
        "x_min": 0.451171875,
        "y_min": 0.740234375,
        "x_max": 0.50390625,
        "y_max": 0.767578125
      }
    },
    {
      "char": "六",
      "bbox": {
        "x_min": 0.564453125,
        "y_min": 0.326171875,
        "x_max": 0.708984375,
        "y_max": 0.505859375
      }
    },
    {
      "char": "一",
      "bbox": {
        "x_min": 0.232421875,
        "y_min": 0.69921875,
        "x_max": 0.26953125,
        "y_max": 0.7109375
      }
    },
    {
      "char": "六",
      "bbox": {
        "x_min": 0.126953125,
        "y_min": 0.712890625,
        "x_max": 0.220703125,
        "y_max": 0.841796875
      }
    }
  ]
}