{
  "image_filename": "00407.png",
  "visualization_filename": "00407_vis.png",
  "mnist_digits": [
    9,
    6,
    7,
    7,
    5,
    2,
    7,
    9,
    8,
    0,
    6,
    2,
    3,
    8,
    5,
    3,
    1,
    6,
    9,
    1,
    5,
    3,
    1,
    9,
    9,
    8,
    8,
    3
  ],
  "boxes": [
    {
      "char": "七",
      "bbox": {
        "x_min": 0.9609375,
        "y_min": 0.04296875,
        "x_max": 0.986328125,
        "y_max": 0.07421875
      }
    },
    {
      "char": "七",
      "bbox": {
        "x_min": 0.21875,
        "y_min": 0.71484375,
        "x_max": 0.46875,
        "y_max": 0.96484375
      }
    },
    {
      "char": "十",
      "bbox": {
        "x_min": 0.51171875,
        "y_min": 0.46484375,
        "x_max": 0.60546875,
        "y_max": 0.5703125
      }
    },
    {
      "char": "千",
      "bbox": {
        "x_min": 0.0078125,
        "y_min": 0.185546875,
        "x_max": 0.1953125,
        "y_max": 0.552734375
      }
    },
    {
      "char": "零",
      "bbox": {
        "x_min": 0.201171875,
        "y_min": 0.244140625,
        "x_max": 0.435546875,
        "y_max": 0.5546875
      }
    }
  ]
}