{
  "image_filename": "00403.png",
  "visualization_filename": "00403_vis.png",
  "mnist_digits": [
    3,
    1,
    0,
    1,
    2
  ],
  "boxes": [
    {
      "char": "零",
      "bbox": {
        "x_min": 0.41015625,
        "y_min": 0.158203125,
        "x_max": 0.552734375,
        "y_max": 0.294921875
      }
    },
    {
      "char": "八",
      "bbox": {
        "x_min": 0.544921875,
        "y_min": 0.2734375,
        "x_max": 0.716796875,
        "y_max": 0.5234375
      }
    },
    {
      "char": "六",
      "bbox": {
        "x_min": 0.0390625,
        "y_min": 0.900390625,
        "x_max": 0.0703125,
        "y_max": 0.94140625
      }
    },
    {
      "char": "七",
      "bbox": {
        "x_min": 0.548828125,
        "y_min": 0.83984375,
        "x_max": 0.671875,
        "y_max": 0.98046875
      }
    }
  ]
}