{
  "image_filename": "00406.png",
  "visualization_filename": "00406_vis.png",
  "mnist_digits": [
    2,
    1,
    2,
    3,
    3,
    3,
    3,
    2
  ],
  "boxes": [
    {
      "char": "一",
      "bbox": {
        "x_min": 0.857421875,
        "y_min": 0.185546875,
        "x_max": 0.99609375,
        "y_max": 0.236328125
      }
    },
    {
      "char": "零",
      "bbox": {
        "x_min": 0.583984375,
        "y_min": 0.712890625,
        "x_max": 0.615234375,
        "y_max": 0.775390625
      }
    },
    {
      "char": "四",
      "bbox": {
        "x_min": 0.015625,
        "y_min": 0.625,
        "x_max": 0.078125,
        "y_max": 0.7109375
      }
    },
    {
      "char": "万",
      "bbox": {
        "x_min": 0.517578125,
        "y_min": 0.4921875,
        "x_max": 0.697265625,
        "y_max": 0.6796875
      }
    },
    {
      "char": "八",
      "bbox": {
        "x_min": 0.28515625,
        "y_min": 0.0078125,
        "x_max": 0.5703125,
        "y_max": 0.4609375
      }
    },
    {
      "char": "九",
      "bbox": {
        "x_min": 0.6015625,
        "y_min": 0.197265625,
        "x_max": 0.771484375,
        "y_max": 0.384765625
      }
    }
  ]
}