{
  "image_filename": "00409.png",
  "visualization_filename": "00409_vis.png",
  "mnist_digits": [
    0,
    0,
    1,
    1,
    7,
    4,
    0,
    0,
    3,
    6,
    4,
    0,
    7,
    7,
    6,
    0,
    5,
    1,
    3,
    7
  ],
  "boxes": [
    {
      "char": "零",
      "bbox": {
        "x_min": 0.404296875,
        "y_min": 0.095703125,
        "x_max": 0.623046875,
        "y_max": 0.462890625
      }
    },
    {
      "char": "四",
      "bbox": {
        "x_min": 0.208984375,
        "y_min": 0.6953125,
        "x_max": 0.240234375,
        "y_max": 0.73828125
      }
    },
    {
      "char": "二",
      "bbox": {
        "x_min": 0.9140625,
        "y_min": 0.748046875,
        "x_max": 0.984375,
        "y_max": 0.802734375
      }
    },
    {
      "char": "七",
      "bbox": {
        "x_min": 0.87890625,
        "y_min": 0.14453125,
        "x_max": 0.990234375,
        "y_max": 0.236328125
      }
    }
  ]
}