{
  "image_filename": "00412.png",
  "visualization_filename": "00412_vis.png",
  "mnist_digits": [
    1,
    3,
    1,
    4,
    3,
    7,
    7
  ],
  "boxes": [
    {
      "char": "零",
      "bbox": {
        "x_min": 0.548828125,
        "y_min": 0.486328125,
        "x_max": 0.701171875,
        "y_max": 0.720703125
      }
    },
    {
      "char": "亿",
      "bbox": {
        "x_min": 0.6015625,
        "y_min": 0.376953125,
        "x_max": 0.7265625,
        "y_max": 0.486328125
      }
    }
  ]
}