{
  "image_filename": "00410.png",
  "visualization_filename": "00410_vis.png",
  "mnist_digits": [
    9,
    7,
    3,
    2,
    4,
    1,
    8,
    6,
    3,
    0,
    4,
    5,
    3,
    0,
    0,
    2,
    9,
    1,
    7,
    5,
    1,
    5
  ],
  "boxes": [
    {
      "char": "一",
      "bbox": {
        "x_min": 0.12109375,
        "y_min": 0.908203125,
        "x_max": 0.25,
        "y_max": 0.935546875
      }
    },
    {
      "char": "六",
      "bbox": {
        "x_min": 0.931640625,
        "y_min": 0.900390625,
        "x_max": 0.98828125,
        "y_max": 0.970703125
      }
    }
  ]
}