{
  "image_filename": "00416.png",
  "visualization_filename": "00416_vis.png",
  "mnist_digits": [
    7,
    2,
    7,
    8,
    9,
    4,
    3,
    6,
    4,
    9,
    7,
    2,
    8,
    6,
    3,
    2
  ],
  "boxes": [
    {
      "char": "一",
      "bbox": {
        "x_min": 0.46875,
        "y_min": 0.65234375,
        "x_max": 0.802734375,
        "y_max": 0.79296875
      }
    },
    {
      "char": "零",
      "bbox": {
        "x_min": 0.1796875,
        "y_min": 0.5234375,
        "x_max": 0.28125,
        "y_max": 0.7265625
      }
    },
    {
      "char": "千",
      "bbox": {
        "x_min": 0.361328125,
        "y_min": 0.35546875,
        "x_max": 0.587890625,
        "y_max": 0.62109375
      }
    },
    {
      "char": "八",
      "bbox": {
        "x_min": 0.9375,
        "y_min": 0.41015625,
        "x_max": 0.98046875,
        "y_max": 0.455078125
      }
    }
  ]
}