{
  "image_filename": "00418.png",
  "visualization_filename": "00418_vis.png",
  "mnist_digits": [
    2,
    9,
    0,
    4,
    3,
    9,
    0,
    0,
    1,
    8,
    3,
    7,
    8,
    8,
    8,
    7,
    4,
    5,
    2,
    8,
    7,
    8,
    0
  ],
  "boxes": [
    {
      "char": "八",
      "bbox": {
        "x_min": 0.044921875,
        "y_min": 0.740234375,
        "x_max": 0.240234375,
        "y_max": 0.974609375
      }
    },
    {
      "char": "六",
      "bbox": {
        "x_min": 0.580078125,
        "y_min": 0.521484375,
        "x_max": 0.822265625,
        "y_max": 0.748046875
      }
    },
    {
      "char": "亿",
      "bbox": {
        "x_min": 0.75,
        "y_min": 0.16015625,
        "x_max": 0.87109375,
        "y_max": 0.28125
      }
    },
    {
      "char": "八",
      "bbox": {
        "x_min": 0.3125,
        "y_min": 0.03515625,
        "x_max": 0.458984375,
        "y_max": 0.17578125
      }
    },
    {
      "char": "零",
      "bbox": {
        "x_min": 0.806640625,
        "y_min": 0.69921875,
        "x_max": 0.970703125,
        "y_max": 0.974609375
      }
    }
  ]
}