{
  "image_filename": "00413.png",
  "visualization_filename": "00413_vis.png",
  "mnist_digits": [
    1,
    7,
    4,
    3,
    6,
    2,
    5,
    0,
    1,
    9,
    0,
    4,
    4
  ],
  "boxes": [
    {
      "char": "六",
      "bbox": {
        "x_min": 0.41796875,
        "y_min": 0.361328125,
        "x_max": 0.537109375,
        "y_max": 0.48828125
      }
    },
    {
      "char": "七",
      "bbox": {
        "x_min": 0.341796875,
        "y_min": 0.076171875,
        "x_max": 0.52734375,
        "y_max": 0.314453125
      }
    }
  ]
}