{
  "image_filename": "00417.png",
  "visualization_filename": "00417_vis.png",
  "mnist_digits": [
    3,
    0,
    9,
    2,
    5,
    4,
    4,
    9,
    8,
    1,
    5,
    0,
    7,
    0,
    3
  ],
  "boxes": [
    {
      "char": "一",
      "bbox": {
        "x_min": 0.642578125,
        "y_min": 0.505859375,
        "x_max": 0.73046875,
        "y_max": 0.5390625
      }
    },
    {
      "char": "亿",
      "bbox": {
        "x_min": 0.49609375,
        "y_min": 0.525390625,
        "x_max": 0.615234375,
        "y_max": 0.62890625
      }
    },
    {
      "char": "万",
      "bbox": {
        "x_min": 0.52734375,
        "y_min": 0.029296875,
        "x_max": 0.70703125,
        "y_max": 0.296875
      }
    },
    {
      "char": "三",
      "bbox": {
        "x_min": 0.27734375,
        "y_min": 0.05078125,
        "x_max": 0.333984375,
        "y_max": 0.12109375
      }
    }
  ]
}