{
  "image_filename": "00415.png",
  "visualization_filename": "00415_vis.png",
  "mnist_digits": [
    0,
    2,
    1,
    7,
    8,
    1,
    8,
    7,
    1,
    1,
    1,
    3,
    4,
    7,
    7,
    8,
    2,
    9,
    1,
    6,
    1,
    9,
    2
  ],
  "boxes": [
    {
      "char": "零",
      "bbox": {
        "x_min": 0.125,
        "y_min": 0.03125,
        "x_max": 0.3125,
        "y_max": 0.40625
      }
    },
    {
      "char": "七",
      "bbox": {
        "x_min": 0.62890625,
        "y_min": 0.46875,
        "x_max": 0.81640625,
        "y_max": 0.64453125
      }
    }
  ]
}