{
  "image_filename": "00419.png",
  "visualization_filename": "00419_vis.png",
  "mnist_digits": [
    5,
    5,
    5,
    5,
    9,
    1,
    0,
    3,
    1,
    7,
    8,
    5,
    0,
    6,
    1,
    5,
    6,
    6,
    5,
    8,
    9,
    6,
    5,
    8,
    3
  ],
  "boxes": [
    {
      "char": "百",
      "bbox": {
        "x_min": 0.71484375,
        "y_min": 0.478515625,
        "x_max": 0.83984375,
        "y_max": 0.697265625
      }
    },
    {
      "char": "零",
      "bbox": {
        "x_min": 0.712890625,
        "y_min": 0.134765625,
        "x_max": 0.849609375,
        "y_max": 0.427734375
      }
    },
    {
      "char": "七",
      "bbox": {
        "x_min": 0,
        "y_min": 0.40234375,
        "x_max": 0.1171875,
        "y_max": 0.578125
      }
    },
    {
      "char": "五",
      "bbox": {
        "x_min": 0.451171875,
        "y_min": 0.779296875,
        "x_max": 0.4921875,
        "y_max": 0.80859375
      }
    }
  ]
}