{
  "image_filename": "00424.png",
  "visualization_filename": "00424_vis.png",
  "mnist_digits": [
    5,
    2,
    4,
    1,
    6
  ],
  "boxes": [
    {
      "char": "三",
      "bbox": {
        "x_min": 0.08203125,
        "y_min": 0.2109375,
        "x_max": 0.31640625,
        "y_max": 0.390625
      }
    },
    {
      "char": "三",
      "bbox": {
        "x_min": 0.48046875,
        "y_min": 0.4140625,
        "x_max": 0.68359375,
        "y_max": 0.6015625
      }
    },
    {
      "char": "四",
      "bbox": {
        "x_min": 0.015625,
        "y_min": 0.67578125,
        "x_max": 0.201171875,
        "y_max": 0.88671875
      }
    },
    {
      "char": "五",
      "bbox": {
        "x_min": 0.337890625,
        "y_min": 0.83203125,
        "x_max": 0.39453125,
        "y_max": 0.87890625
      }
    },
    {
      "char": "六",
      "bbox": {
        "x_min": 0.3046875,
        "y_min": 0.57421875,
        "x_max": 0.392578125,
        "y_max": 0.76171875
      }
    },
    {
      "char": "九",
      "bbox": {
        "x_min": 0.353515625,
        "y_min": 0.07421875,
        "x_max": 0.416015625,
        "y_max": 0.13671875
      }
    }
  ]
}