{
  "image_filename": "00428.png",
  "visualization_filename": "00428_vis.png",
  "mnist_digits": [
    1,
    5,
    6,
    2,
    8,
    2,
    1,
    0,
    9,
    7,
    3,
    6,
    3,
    6,
    2,
    8,
    0,
    3,
    6
  ],
  "boxes": [
    {
      "char": "十",
      "bbox": {
        "x_min": 0.736328125,
        "y_min": 0.23046875,
        "x_max": 0.83984375,
        "y_max": 0.37890625
      }
    },
    {
      "char": "三",
      "bbox": {
        "x_min": 0.294921875,
        "y_min": 0.025390625,
        "x_max": 0.326171875,
        "y_max": 0.0546875
      }
    },
    {
      "char": "十",
      "bbox": {
        "x_min": 0.431640625,
        "y_min": 0.634765625,
        "x_max": 0.51953125,
        "y_max": 0.74609375
      }
    },
    {
      "char": "二",
      "bbox": {
        "x_min": 0.287109375,
        "y_min": 0.3125,
        "x_max": 0.453125,
        "y_max": 0.431640625
      }
    },
    {
      "char": "七",
      "bbox": {
        "x_min": 0.326171875,
        "y_min": 0.642578125,
        "x_max": 0.490234375,
        "y_max": 0.892578125
      }
    },
    {
      "char": "三",
      "bbox": {
        "x_min": 0.72265625,
        "y_min": 0.07421875,
        "x_max": 0.87109375,
        "y_max": 0.23828125
      }
    }
  ]
}