{
  "image_filename": "00421.png",
  "visualization_filename": "00421_vis.png",
  "mnist_digits": [
    1,
    0,
    1,
    4,
    4,
    5,
    9,
    0,
    8,
    3,
    9,
    9,
    0,
    5,
    2,
    3,
    8,
    6,
    2,
    7,
    4,
    9,
    2,
    8,
    5,
    0,
    9,
    7,
    7,
    3,
    1
  ],
  "boxes": [
    {
      "char": "万",
      "bbox": {
        "x_min": 0.228515625,
        "y_min": 0.623046875,
        "x_max": 0.31640625,
        "y_max": 0.833984375
      }
    },
    {
      "char": "八",
      "bbox": {
        "x_min": 0.3671875,
        "y_min": 0.38671875,
        "x_max": 0.484375,
        "y_max": 0.52734375
      }
    },
    {
      "char": "七",
      "bbox": {
        "x_min": 0.4453125,
        "y_min": 0.54296875,
        "x_max": 0.5078125,
        "y_max": 0.58984375
      }
    }
  ]
}