{
  "image_filename": "00423.png",
  "visualization_filename": "00423_vis.png",
  "mnist_digits": [
    1,
    7,
    8,
    9,
    8,
    7,
    4,
    2,
    6,
    5,
    2
  ],
  "boxes": [
    {
      "char": "十",
      "bbox": {
        "x_min": 0.375,
        "y_min": 0.029296875,
        "x_max": 0.462890625,
        "y_max": 0.158203125
      }
    },
    {
      "char": "亿",
      "bbox": {
        "x_min": 0.1171875,
        "y_min": 0.0078125,
        "x_max": 0.3125,
        "y_max": 0.1953125
      }
    },
    {
      "char": "百",
      "bbox": {
        "x_min": 0.48046875,
        "y_min": 0.314453125,
        "x_max": 0.55078125,
        "y_max": 0.404296875
      }
    },
    {
      "char": "十",
      "bbox": {
        "x_min": 0.73046875,
        "y_min": 0.234375,
        "x_max": 0.76171875,
        "y_max": 0.287109375
      }
    },
    {
      "char": "六",
      "bbox": {
        "x_min": 0.623046875,
        "y_min": 0.673828125,
        "x_max": 0.814453125,
        "y_max": 0.953125
      }
    }
  ]
}