{
  "image_filename": "00422.png",
  "visualization_filename": "00422_vis.png",
  "mnist_digits": [
    4,
    8,
    5,
    6,
    2,
    7,
    7,
    7
  ],
  "boxes": [
    {
      "char": "十",
      "bbox": {
        "x_min": 0.39453125,
        "y_min": 0.1796875,
        "x_max": 0.845703125,
        "y_max": 0.77734375
      }
    },
    {
      "char": "七",
      "bbox": {
        "x_min": 0.48828125,
        "y_min": 0.609375,
        "x_max": 0.60546875,
        "y_max": 0.69921875
      }
    },
    {
      "char": "九",
      "bbox": {
        "x_min": 0.861328125,
        "y_min": 0.435546875,
        "x_max": 0.896484375,
        "y_max": 0.498046875
      }
    },
    {
      "char": "千",
      "bbox": {
        "x_min": 0.7578125,
        "y_min": 0.10546875,
        "x_max": 0.880859375,
        "y_max": 0.2578125
      }
    },
    {
      "char": "一",
      "bbox": {
        "x_min": 0.5390625,
        "y_min": 0.875,
        "x_max": 0.7109375,
        "y_max": 0.9140625
      }
    }
  ]
}