{
  "image_filename": "00426.png",
  "visualization_filename": "00426_vis.png",
  "mnist_digits": [
    2,
    9,
    6,
    7,
    7,
    9,
    8,
    9,
    5,
    2,
    3,
    0,
    9,
    4
  ],
  "boxes": [
    {
      "char": "万",
      "bbox": {
        "x_min": 0.033203125,
        "y_min": 0.9375,
        "x_max": 0.07421875,
        "y_max": 0.994140625
      }
    },
    {
      "char": "万",
      "bbox": {
        "x_min": 0.544921875,
        "y_min": 0.251953125,
        "x_max": 0.716796875,
        "y_max": 0.494140625
      }
    },
    {
      "char": "零",
      "bbox": {
        "x_min": 0.404296875,
        "y_min": 0.251953125,
        "x_max": 0.435546875,
        "y_max": 0.3125
      }
    },
    {
      "char": "千",
      "bbox": {
        "x_min": 0.83203125,
        "y_min": 0.10546875,
        "x_max": 0.97265625,
        "y_max": 0.298828125
      }
    },
    {
      "char": "五",
      "bbox": {
        "x_min": 0.49609375,
        "y_min": 0.03515625,
        "x_max": 0.580078125,
        "y_max": 0.09375
      }
    },
    {
      "char": "六",
      "bbox": {
        "x_min": 0.177734375,
        "y_min": 0.5,
        "x_max": 0.322265625,
        "y_max": 0.671875
      }
    },
    {
      "char": "千",
      "bbox": {
        "x_min": 0.0546875,
        "y_min": 0.001953125,
        "x_max": 0.1484375,
        "y_max": 0.158203125
      }
    },
    {
      "char": "十",
      "bbox": {
        "x_min": 0.515625,
        "y_min": 0.552734375,
        "x_max": 0.673828125,
        "y_max": 0.83984375
      }
    }
  ]
}