{
  "image_filename": "00425.png",
  "visualization_filename": "00425_vis.png",
  "mnist_digits": [
    4,
    2,
    3,
    0,
    4,
    9
  ],
  "boxes": [
    {
      "char": "三",
      "bbox": {
        "x_min": 0.755859375,
        "y_min": 0.439453125,
        "x_max": 0.943359375,
        "y_max": 0.603515625
      }
    },
    {
      "char": "十",
      "bbox": {
        "x_min": 0.36328125,
        "y_min": 0.40625,
        "x_max": 0.5390625,
        "y_max": 0.623046875
      }
    },
    {
      "char": "七",
      "bbox": {
        "x_min": 0.65234375,
        "y_min": 0.0078125,
        "x_max": 0.98828125,
        "y_max": 0.357421875
      }
    },
    {
      "char": "三",
      "bbox": {
        "x_min": 0.513671875,
        "y_min": 0.50390625,
        "x_max": 0.576171875,
        "y_max": 0.56640625
      }
    },
    {
      "char": "五",
      "bbox": {
        "x_min": 0.697265625,
        "y_min": 0.623046875,
        "x_max": 0.923828125,
        "y_max": 0.908203125
      }
    },
    {
      "char": "十",
      "bbox": {
        "x_min": 0,
        "y_min": 0.77734375,
        "x_max": 0.1953125,
        "y_max": 1
      }
    },
    {
      "char": "七",
      "bbox": {
        "x_min": 0.033203125,
        "y_min": 0.265625,
        "x_max": 0.212890625,
        "y_max": 0.451171875
      }
    },
    {
      "char": "亿",
      "bbox": {
        "x_min": 0.572265625,
        "y_min": 0.751953125,
        "x_max": 0.6484375,
        "y_max": 0.826171875
      }
    }
  ]
}