{
  "image_filename": "00433.png",
  "visualization_filename": "00433_vis.png",
  "mnist_digits": [
    2,
    4,
    5,
    7,
    2,
    8,
    7,
    6,
    2,
    6,
    5,
    3,
    3,
    4,
    2,
    3,
    7,
    6,
    3,
    2,
    4,
    2,
    1,
    8,
    5,
    2,
    8,
    2,
    0
  ],
  "boxes": [
    {
      "char": "八",
      "bbox": {
        "x_min": 0.560546875,
        "y_min": 0.37890625,
        "x_max": 0.68359375,
        "y_max": 0.501953125
      }
    },
    {
      "char": "二",
      "bbox": {
        "x_min": 0.841796875,
        "y_min": 0.505859375,
        "x_max": 0.955078125,
        "y_max": 0.591796875
      }
    },
    {
      "char": "五",
      "bbox": {
        "x_min": 0.171875,
        "y_min": 0.087890625,
        "x_max": 0.48046875,
        "y_max": 0.408203125
      }
    },
    {
      "char": "万",
      "bbox": {
        "x_min": 0.70703125,
        "y_min": 0.41015625,
        "x_max": 0.822265625,
        "y_max": 0.53515625
      }
    }
  ]
}