{
  "image_filename": "00435.png",
  "visualization_filename": "00435_vis.png",
  "mnist_digits": [
    8,
    5,
    8,
    4,
    1,
    4,
    4,
    1,
    1,
    8,
    8,
    7,
    3,
    8,
    0
  ],
  "boxes": [
    {
      "char": "千",
      "bbox": {
        "x_min": 0.03125,
        "y_min": 0.0625,
        "x_max": 0.138671875,
        "y_max": 0.18359375
      }
    },
    {
      "char": "九",
      "bbox": {
        "x_min": 0.9375,
        "y_min": 0.712890625,
        "x_max": 0.998046875,
        "y_max": 0.794921875
      }
    }
  ]
}