{
  "image_filename": "00434.png",
  "visualization_filename": "00434_vis.png",
  "mnist_digits": [
    8,
    9,
    2,
    4,
    6,
    1,
    4,
    0,
    5,
    3,
    3,
    8
  ],
  "boxes": [
    {
      "char": "三",
      "bbox": {
        "x_min": 0.6875,
        "y_min": 0.64453125,
        "x_max": 0.7265625,
        "y_max": 0.68359375
      }
    },
    {
      "char": "八",
      "bbox": {
        "x_min": 0.296875,
        "y_min": 0.3203125,
        "x_max": 0.521484375,
        "y_max": 0.50390625
      }
    },
    {
      "char": "千",
      "bbox": {
        "x_min": 0.31640625,
        "y_min": 0.0859375,
        "x_max": 0.431640625,
        "y_max": 0.310546875
      }
    },
    {
      "char": "九",
      "bbox": {
        "x_min": 0.51953125,
        "y_min": 0.59375,
        "x_max": 0.5625,
        "y_max": 0.63671875
      }
    }
  ]
}