{
  "image_filename": "00437.png",
  "visualization_filename": "00437_vis.png",
  "mnist_digits": [
    5,
    7,
    8,
    4,
    3,
    0,
    8,
    8,
    7,
    4,
    0,
    1,
    0,
    7,
    0,
    7,
    3,
    2,
    2,
    3,
    8,
    2,
    3,
    7,
    1,
    1,
    4,
    3,
    9,
    1,
    5
  ],
  "boxes": [
    {
      "char": "零",
      "bbox": {
        "x_min": 0.166015625,
        "y_min": 0.123046875,
        "x_max": 0.353515625,
        "y_max": 0.373046875
      }
    },
    {
      "char": "四",
      "bbox": {
        "x_min": 0.423828125,
        "y_min": 0.755859375,
        "x_max": 0.470703125,
        "y_max": 0.787109375
      }
    },
    {
      "char": "万",
      "bbox": {
        "x_min": 0.546875,
        "y_min": 0.0546875,
        "x_max": 0.640625,
        "y_max": 0.17578125
      }
    },
    {
      "char": "亿",
      "bbox": {
        "x_min": 0.09765625,
        "y_min": 0.623046875,
        "x_max": 0.185546875,
        "y_max": 0.70703125
      }
    },
    {
      "char": "十",
      "bbox": {
        "x_min": 0.412109375,
        "y_min": 0.787109375,
        "x_max": 0.5,
        "y_max": 0.86328125
      }
    }
  ]
}