{
  "image_filename": "00439.png",
  "visualization_filename": "00439_vis.png",
  "mnist_digits": [
    6,
    4,
    6,
    3,
    9,
    3,
    1,
    0,
    1,
    1,
    8,
    7,
    4,
    6,
    2
  ],
  "boxes": [
    {
      "char": "七",
      "bbox": {
        "x_min": 0.228515625,
        "y_min": 0.220703125,
        "x_max": 0.517578125,
        "y_max": 0.494140625
      }
    },
    {
      "char": "万",
      "bbox": {
        "x_min": 0.537109375,
        "y_min": 0.44140625,
        "x_max": 0.861328125,
        "y_max": 0.880859375
      }
    },
    {
      "char": "九",
      "bbox": {
        "x_min": 0.880859375,
        "y_min": 0.26953125,
        "x_max": 0.98046875,
        "y_max": 0.421875
      }
    }
  ]
}