{
  "image_filename": "00430.png",
  "visualization_filename": "00430_vis.png",
  "mnist_digits": [
    5,
    5,
    0,
    6,
    1,
    4,
    7,
    9,
    3,
    1,
    8,
    4,
    9,
    9,
    8,
    6,
    2,
    7,
    5,
    3,
    2,
    6,
    6,
    6,
    5,
    5,
    4,
    9,
    1,
    8,
    5,
    5,
    2,
    1,
    4
  ],
  "boxes": [
    {
      "char": "五",
      "bbox": {
        "x_min": 0.212890625,
        "y_min": 0.796875,
        "x_max": 0.263671875,
        "y_max": 0.841796875
      }
    }
  ]
}