{
  "image_filename": "00432.png",
  "visualization_filename": "00432_vis.png",
  "mnist_digits": [
    4,
    5,
    4,
    7,
    3,
    7,
    4,
    5,
    8,
    5,
    2,
    8,
    4,
    0,
    2,
    1,
    9,
    5,
    0,
    5,
    9,
    7,
    1,
    8
  ],
  "boxes": [
    {
      "char": "十",
      "bbox": {
        "x_min": 0.1796875,
        "y_min": 0.423828125,
        "x_max": 0.3671875,
        "y_max": 0.705078125
      }
    },
    {
      "char": "百",
      "bbox": {
        "x_min": 0.431640625,
        "y_min": 0.3203125,
        "x_max": 0.494140625,
        "y_max": 0.4453125
      }
    },
    {
      "char": "八",
      "bbox": {
        "x_min": 0.658203125,
        "y_min": 0.080078125,
        "x_max": 0.71875,
        "y_max": 0.154296875
      }
    },
    {
      "char": "亿",
      "bbox": {
        "x_min": 0.353515625,
        "y_min": 0.591796875,
        "x_max": 0.48828125,
        "y_max": 0.69140625
      }
    },
    {
      "char": "千",
      "bbox": {
        "x_min": 0.8828125,
        "y_min": 0.662109375,
        "x_max": 0.947265625,
        "y_max": 0.7578125
      }
    },
    {
      "char": "百",
      "bbox": {
        "x_min": 0.197265625,
        "y_min": 0.0078125,
        "x_max": 0.337890625,
        "y_max": 0.224609375
      }
    }
  ]
}