{
  "image_filename": "00445.png",
  "visualization_filename": "00445_vis.png",
  "mnist_digits": [
    7,
    5,
    6,
    3,
    6,
    9,
    1,
    8,
    8,
    3,
    5,
    2,
    7,
    8,
    1,
    4,
    4,
    1,
    3,
    8,
    3,
    2,
    9,
    0,
    8,
    4,
    6,
    9,
    1,
    4,
    6,
    2,
    6,
    1,
    6,
    8,
    7,
    5,
    1
  ],
  "boxes": [
    {
      "char": "百",
      "bbox": {
        "x_min": 0.802734375,
        "y_min": 0.28125,
        "x_max": 0.919921875,
        "y_max": 0.5
      }
    }
  ]
}