{
  "image_filename": "00449.png",
  "visualization_filename": "00449_vis.png",
  "mnist_digits": [
    3,
    0,
    1,
    8,
    9,
    5,
    8,
    1,
    7,
    3,
    7,
    9,
    3,
    3,
    8,
    0,
    7
  ],
  "boxes": [
    {
      "char": "千",
      "bbox": {
        "x_min": 0.76171875,
        "y_min": 0.201171875,
        "x_max": 0.888671875,
        "y_max": 0.33984375
      }
    },
    {
      "char": "零",
      "bbox": {
        "x_min": 0.74609375,
        "y_min": 0.38671875,
        "x_max": 0.93359375,
        "y_max": 0.69140625
      }
    },
    {
      "char": "万",
      "bbox": {
        "x_min": 0.49609375,
        "y_min": 0.025390625,
        "x_max": 0.69921875,
        "y_max": 0.330078125
      }
    },
    {
      "char": "五",
      "bbox": {
        "x_min": 0.224609375,
        "y_min": 0.490234375,
        "x_max": 0.40625,
        "y_max": 0.677734375
      }
    }
  ]
}