{
  "image_filename": "00444.png",
  "visualization_filename": "00444_vis.png",
  "mnist_digits": [
    0,
    4,
    7,
    6,
    6,
    1,
    7,
    4,
    3,
    9,
    3,
    5,
    1,
    3,
    3
  ],
  "boxes": [
    {
      "char": "亿",
      "bbox": {
        "x_min": 0.068359375,
        "y_min": 0.255859375,
        "x_max": 0.5859375,
        "y_max": 0.7734375
      }
    },
    {
      "char": "三",
      "bbox": {
        "x_min": 0.626953125,
        "y_min": 0.0078125,
        "x_max": 0.908203125,
        "y_max": 0.2265625
      }
    },
    {
      "char": "万",
      "bbox": {
        "x_min": 0.591796875,
        "y_min": 0.75390625,
        "x_max": 0.77734375,
        "y_max": 1
      }
    }
  ]
}