{
  "image_filename": "00446.png",
  "visualization_filename": "00446_vis.png",
  "mnist_digits": [
    4,
    7,
    7,
    5,
    0,
    8,
    7,
    0,
    7,
    1,
    1,
    2,
    7,
    9,
    6,
    7,
    4,
    0,
    6,
    9,
    4,
    9,
    6
  ],
  "boxes": [
    {
      "char": "五",
      "bbox": {
        "x_min": 0.0078125,
        "y_min": 0.326171875,
        "x_max": 0.2734375,
        "y_max": 0.626953125
      }
    },
    {
      "char": "七",
      "bbox": {
        "x_min": 0.376953125,
        "y_min": 0.564453125,
        "x_max": 0.51171875,
        "y_max": 0.705078125
      }
    }
  ]
}