{
  "image_filename": "00441.png",
  "visualization_filename": "00441_vis.png",
  "mnist_digits": [
    1,
    7,
    6,
    3,
    1,
    8,
    4,
    0,
    1,
    8,
    6,
    9,
    6,
    7,
    8,
    7,
    0,
    6,
    6,
    0
  ],
  "boxes": [
    {
      "char": "三",
      "bbox": {
        "x_min": 0.6171875,
        "y_min": 0.72265625,
        "x_max": 0.86328125,
        "y_max": 0.939453125
      }
    },
    {
      "char": "二",
      "bbox": {
        "x_min": 0.44140625,
        "y_min": 0.392578125,
        "x_max": 0.56640625,
        "y_max": 0.482421875
      }
    },
    {
      "char": "三",
      "bbox": {
        "x_min": 0.048828125,
        "y_min": 0.283203125,
        "x_max": 0.115234375,
        "y_max": 0.337890625
      }
    },
    {
      "char": "万",
      "bbox": {
        "x_min": 0.4765625,
        "y_min": 0.140625,
        "x_max": 0.515625,
        "y_max": 0.23046875
      }
    },
    {
      "char": "十",
      "bbox": {
        "x_min": 0.134765625,
        "y_min": 0.416015625,
        "x_max": 0.353515625,
        "y_max": 0.830078125
      }
    }
  ]
}