{
  "image_filename": "00440.png",
  "visualization_filename": "00440_vis.png",
  "mnist_digits": [
    6,
    2,
    1,
    0,
    6,
    0,
    9,
    3,
    8,
    0,
    4,
    4,
    6,
    6,
    8,
    9,
    7,
    3,
    7,
    6,
    1,
    3,
    6,
    2,
    2,
    8
  ],
  "boxes": [
    {
      "char": "一",
      "bbox": {
        "x_min": 0.177734375,
        "y_min": 0.84375,
        "x_max": 0.404296875,
        "y_max": 0.9296875
      }
    },
    {
      "char": "六",
      "bbox": {
        "x_min": 0.29296875,
        "y_min": 0.396484375,
        "x_max": 0.349609375,
        "y_max": 0.44921875
      }
    },
    {
      "char": "零",
      "bbox": {
        "x_min": 0.6015625,
        "y_min": 0.35546875,
        "x_max": 0.78125,
        "y_max": 0.58203125
      }
    },
    {
      "char": "四",
      "bbox": {
        "x_min": 0.3984375,
        "y_min": 0.78125,
        "x_max": 0.521484375,
        "y_max": 0.91015625
      }
    },
    {
      "char": "千",
      "bbox": {
        "x_min": 0.16015625,
        "y_min": 0.275390625,
        "x_max": 0.216796875,
        "y_max": 0.349609375
      }
    }
  ]
}