{
  "image_filename": "00443.png",
  "visualization_filename": "00443_vis.png",
  "mnist_digits": [
    9,
    9,
    7,
    3,
    4,
    4,
    7,
    2,
    9,
    9,
    1,
    4,
    8,
    9,
    7
  ],
  "boxes": [
    {
      "char": "十",
      "bbox": {
        "x_min": 0.08984375,
        "y_min": 0.12890625,
        "x_max": 0.23046875,
        "y_max": 0.3046875
      }
    },
    {
      "char": "四",
      "bbox": {
        "x_min": 0.8671875,
        "y_min": 0.7109375,
        "x_max": 0.923828125,
        "y_max": 0.75390625
      }
    },
    {
      "char": "五",
      "bbox": {
        "x_min": 0.876953125,
        "y_min": 0.861328125,
        "x_max": 0.947265625,
        "y_max": 0.912109375
      }
    },
    {
      "char": "一",
      "bbox": {
        "x_min": 0.234375,
        "y_min": 0.4453125,
        "x_max": 0.6328125,
        "y_max": 0.77734375
      }
    },
    {
      "char": "零",
      "bbox": {
        "x_min": 0.470703125,
        "y_min": 0.677734375,
        "x_max": 0.611328125,
        "y_max": 0.865234375
      }
    }
  ]
}