{
  "image_filename": "00442.png",
  "visualization_filename": "00442_vis.png",
  "mnist_digits": [
    3,
    7,
    3,
    5,
    6,
    5,
    6
  ],
  "boxes": [
    {
      "char": "六",
      "bbox": {
        "x_min": 0.583984375,
        "y_min": 0.1875,
        "x_max": 0.677734375,
        "y_max": 0.2890625
      }
    },
    {
      "char": "千",
      "bbox": {
        "x_min": 0.755859375,
        "y_min": 0.125,
        "x_max": 0.841796875,
        "y_max": 0.263671875
      }
    },
    {
      "char": "千",
      "bbox": {
        "x_min": 0.62890625,
        "y_min": 0.908203125,
        "x_max": 0.66015625,
        "y_max": 0.962890625
      }
    },
    {
      "char": "六",
      "bbox": {
        "x_min": 0.7109375,
        "y_min": 0.529296875,
        "x_max": 0.9765625,
        "y_max": 0.8125
      }
    },
    {
      "char": "百",
      "bbox": {
        "x_min": 0.03515625,
        "y_min": 0.55078125,
        "x_max": 0.228515625,
        "y_max": 0.90234375
      }
    },
    {
      "char": "七",
      "bbox": {
        "x_min": 0.33203125,
        "y_min": 0.146484375,
        "x_max": 0.41015625,
        "y_max": 0.224609375
      }
    }
  ]
}