{
  "image_filename": "00448.png",
  "visualization_filename": "00448_vis.png",
  "mnist_digits": [
    6,
    0,
    0
  ],
  "boxes": [
    {
      "char": "九",
      "bbox": {
        "x_min": 0.009765625,
        "y_min": 0.458984375,
        "x_max": 0.482421875,
        "y_max": 0.931640625
      }
    },
    {
      "char": "一",
      "bbox": {
        "x_min": 0.654296875,
        "y_min": 0.32421875,
        "x_max": 0.8984375,
        "y_max": 0.439453125
      }
    },
    {
      "char": "亿",
      "bbox": {
        "x_min": 0.728515625,
        "y_min": 0.681640625,
        "x_max": 0.904296875,
        "y_max": 0.904296875
      }
    },
    {
      "char": "八",
      "bbox": {
        "x_min": 0.470703125,
        "y_min": 0.09765625,
        "x_max": 0.693359375,
        "y_max": 0.203125
      }
    }
  ]
}