{
  "image_filename": "00452.png",
  "visualization_filename": "00452_vis.png",
  "mnist_digits": [
    8,
    6,
    5,
    7,
    0,
    5,
    1,
    9
  ],
  "boxes": [
    {
      "char": "五",
      "bbox": {
        "x_min": 0.20703125,
        "y_min": 0.453125,
        "x_max": 0.279296875,
        "y_max": 0.5390625
      }
    },
    {
      "char": "百",
      "bbox": {
        "x_min": 0.0390625,
        "y_min": 0.638671875,
        "x_max": 0.0703125,
        "y_max": 0.697265625
      }
    },
    {
      "char": "亿",
      "bbox": {
        "x_min": 0.478515625,
        "y_min": 0.2890625,
        "x_max": 0.697265625,
        "y_max": 0.56640625
      }
    },
    {
      "char": "二",
      "bbox": {
        "x_min": 0.306640625,
        "y_min": 0.884765625,
        "x_max": 0.404296875,
        "y_max": 0.943359375
      }
    },
    {
      "char": "九",
      "bbox": {
        "x_min": 0.029296875,
        "y_min": 0.2578125,
        "x_max": 0.064453125,
        "y_max": 0.30078125
      }
    },
    {
      "char": "万",
      "bbox": {
        "x_min": 0.115234375,
        "y_min": 0.841796875,
        "x_max": 0.203125,
        "y_max": 1
      }
    },
    {
      "char": "六",
      "bbox": {
        "x_min": 0.84765625,
        "y_min": 0.77734375,
        "x_max": 0.935546875,
        "y_max": 0.888671875
      }
    },
    {
      "char": "千",
      "bbox": {
        "x_min": 0.216796875,
        "y_min": 0.095703125,
        "x_max": 0.419921875,
        "y_max": 0.455078125
      }
    },
    {
      "char": "一",
      "bbox": {
        "x_min": 0.251953125,
        "y_min": 0.705078125,
        "x_max": 0.685546875,
        "y_max": 0.869140625
      }
    }
  ]
}