{
  "image_filename": "00454.png",
  "visualization_filename": "00454_vis.png",
  "mnist_digits": [
    9,
    2,
    4,
    2,
    5,
    8,
    3,
    2,
    9,
    0,
    0,
    4,
    0
  ],
  "boxes": [
    {
      "char": "七",
      "bbox": {
        "x_min": 0.4921875,
        "y_min": 0.6328125,
        "x_max": 0.671875,
        "y_max": 0.8203125
      }
    },
    {
      "char": "五",
      "bbox": {
        "x_min": 0.224609375,
        "y_min": 0.154296875,
        "x_max": 0.638671875,
        "y_max": 0.5234375
      }
    },
    {
      "char": "十",
      "bbox": {
        "x_min": 0.263671875,
        "y_min": 0.61328125,
        "x_max": 0.404296875,
        "y_max": 0.80859375
      }
    },
    {
      "char": "三",
      "bbox": {
        "x_min": 0.083984375,
        "y_min": 0.716796875,
        "x_max": 0.138671875,
        "y_max": 0.802734375
      }
    },
    {
      "char": "零",
      "bbox": {
        "x_min": 0.712890625,
        "y_min": 0.349609375,
        "x_max": 0.759765625,
        "y_max": 0.427734375
      }
    }
  ]
}