{
  "image_filename": "00451.png",
  "visualization_filename": "00451_vis.png",
  "mnist_digits": [
    1,
    7,
    2,
    2,
    8,
    9,
    8,
    7
  ],
  "boxes": [
    {
      "char": "八",
      "bbox": {
        "x_min": 0.564453125,
        "y_min": 0.021484375,
        "x_max": 0.646484375,
        "y_max": 0.111328125
      }
    },
    {
      "char": "七",
      "bbox": {
        "x_min": 0.580078125,
        "y_min": 0.169921875,
        "x_max": 0.8828125,
        "y_max": 0.533203125
      }
    },
    {
      "char": "三",
      "bbox": {
        "x_min": 0.271484375,
        "y_min": 0.802734375,
        "x_max": 0.435546875,
        "y_max": 0.974609375
      }
    }
  ]
}