{
  "image_filename": "00450.png",
  "visualization_filename": "00450_vis.png",
  "mnist_digits": [
    2,
    8,
    9,
    4,
    9,
    6,
    9,
    9,
    7,
    5,
    6,
    8,
    6,
    8,
    7,
    6,
    1,
    3,
    5,
    0,
    3,
    6,
    1,
    2,
    5,
    2,
    6,
    5,
    6,
    3,
    9,
    4,
    2,
    3,
    4,
    7
  ],
  "boxes": [
    {
      "char": "亿",
      "bbox": {
        "x_min": 0.333984375,
        "y_min": 0.462890625,
        "x_max": 0.412109375,
        "y_max": 0.556640625
      }
    },
    {
      "char": "万",
      "bbox": {
        "x_min": 0.318359375,
        "y_min": 0.869140625,
        "x_max": 0.400390625,
        "y_max": 0.990234375
      }
    }
  ]
}