{
  "image_filename": "00459.png",
  "visualization_filename": "00459_vis.png",
  "mnist_digits": [
    1,
    7,
    5,
    8,
    9,
    0,
    0,
    6,
    8,
    8,
    2,
    7,
    1,
    3,
    6,
    6,
    8,
    0,
    9,
    8,
    8,
    3,
    1
  ],
  "boxes": [
    {
      "char": "三",
      "bbox": {
        "x_min": 0.05078125,
        "y_min": 0.349609375,
        "x_max": 0.3515625,
        "y_max": 0.572265625
      }
    },
    {
      "char": "八",
      "bbox": {
        "x_min": 0.04296875,
        "y_min": 0.0625,
        "x_max": 0.400390625,
        "y_max": 0.369140625
      }
    },
    {
      "char": "九",
      "bbox": {
        "x_min": 0.791015625,
        "y_min": 0.259765625,
        "x_max": 0.970703125,
        "y_max": 0.494140625
      }
    }
  ]
}