{
  "image_filename": "00455.png",
  "visualization_filename": "00455_vis.png",
  "mnist_digits": [
    5,
    1,
    0,
    0,
    0,
    6,
    8,
    8,
    0,
    6,
    8,
    1,
    0,
    9,
    4,
    7,
    0,
    0
  ],
  "boxes": [
    {
      "char": "三",
      "bbox": {
        "x_min": 0.16796875,
        "y_min": 0.287109375,
        "x_max": 0.26171875,
        "y_max": 0.419921875
      }
    },
    {
      "char": "七",
      "bbox": {
        "x_min": 0.603515625,
        "y_min": 0.09375,
        "x_max": 0.873046875,
        "y_max": 0.3046875
      }
    }
  ]
}