{
  "image_filename": "00458.png",
  "visualization_filename": "00458_vis.png",
  "mnist_digits": [
    8,
    6,
    0,
    8,
    0,
    8,
    4,
    1,
    1,
    3,
    2,
    1,
    1,
    9,
    1,
    4,
    1,
    7,
    6,
    1,
    6
  ],
  "boxes": [
    {
      "char": "一",
      "bbox": {
        "x_min": 0.07421875,
        "y_min": 0.564453125,
        "x_max": 0.20703125,
        "y_max": 0.611328125
      }
    },
    {
      "char": "五",
      "bbox": {
        "x_min": 0.861328125,
        "y_min": 0.12890625,
        "x_max": 0.935546875,
        "y_max": 0.19921875
      }
    },
    {
      "char": "一",
      "bbox": {
        "x_min": 0.25,
        "y_min": 0.705078125,
        "x_max": 0.30078125,
        "y_max": 0.736328125
      }
    },
    {
      "char": "亿",
      "bbox": {
        "x_min": 0.361328125,
        "y_min": 0.251953125,
        "x_max": 0.419921875,
        "y_max": 0.330078125
      }
    },
    {
      "char": "九",
      "bbox": {
        "x_min": 0.267578125,
        "y_min": 0.353515625,
        "x_max": 0.517578125,
        "y_max": 0.650390625
      }
    },
    {
      "char": "五",
      "bbox": {
        "x_min": 0.134765625,
        "y_min": 0.509765625,
        "x_max": 0.169921875,
        "y_max": 0.5546875
      }
    }
  ]
}