{
  "image_filename": "00453.png",
  "visualization_filename": "00453_vis.png",
  "mnist_digits": [
    9,
    1,
    1,
    3,
    1,
    7,
    7,
    7,
    1,
    4,
    3,
    6,
    5,
    7,
    1,
    6,
    8,
    5,
    1,
    1,
    4,
    4,
    7
  ],
  "boxes": [
    {
      "char": "六",
      "bbox": {
        "x_min": 0.4453125,
        "y_min": 0.759765625,
        "x_max": 0.548828125,
        "y_max": 0.859375
      }
    },
    {
      "char": "八",
      "bbox": {
        "x_min": 0.404296875,
        "y_min": 0.6171875,
        "x_max": 0.482421875,
        "y_max": 0.671875
      }
    },
    {
      "char": "四",
      "bbox": {
        "x_min": 0.76171875,
        "y_min": 0.748046875,
        "x_max": 0.81640625,
        "y_max": 0.779296875
      }
    },
    {
      "char": "六",
      "bbox": {
        "x_min": 0.91015625,
        "y_min": 0.78515625,
        "x_max": 0.96875,
        "y_max": 0.86328125
      }
    },
    {
      "char": "九",
      "bbox": {
        "x_min": 0.580078125,
        "y_min": 0.490234375,
        "x_max": 0.75,
        "y_max": 0.66015625
      }
    },
    {
      "char": "万",
      "bbox": {
        "x_min": 0.798828125,
        "y_min": 0.291015625,
        "x_max": 0.84375,
        "y_max": 0.3515625
      }
    }
  ]
}