{
  "image_filename": "00462.png",
  "visualization_filename": "00462_vis.png",
  "mnist_digits": [
    6,
    1,
    3,
    2,
    0,
    6,
    8,
    0,
    2,
    2,
    2,
    1,
    4,
    1,
    8
  ],
  "boxes": [
    {
      "char": "十",
      "bbox": {
        "x_min": 0.642578125,
        "y_min": 0.884765625,
        "x_max": 0.712890625,
        "y_max": 0.966796875
      }
    },
    {
      "char": "万",
      "bbox": {
        "x_min": 0.859375,
        "y_min": 0.189453125,
        "x_max": 0.96875,
        "y_max": 0.353515625
      }
    }
  ]
}