{
  "image_filename": "00469.png",
  "visualization_filename": "00469_vis.png",
  "mnist_digits": [
    9,
    4,
    0,
    2,
    1,
    0,
    6,
    7,
    5,
    1,
    4,
    8,
    3,
    4,
    2,
    4,
    9,
    8,
    3,
    2,
    1,
    3,
    3,
    4,
    4,
    9,
    8,
    3,
    8
  ],
  "boxes": [
    {
      "char": "千",
      "bbox": {
        "x_min": 0.1953125,
        "y_min": 0.587890625,
        "x_max": 0.359375,
        "y_max": 0.845703125
      }
    },
    {
      "char": "亿",
      "bbox": {
        "x_min": 0.041015625,
        "y_min": 0.798828125,
        "x_max": 0.162109375,
        "y_max": 0.916015625
      }
    },
    {
      "char": "四",
      "bbox": {
        "x_min": 0.734375,
        "y_min": 0.611328125,
        "x_max": 0.90625,
        "y_max": 0.7734375
      }
    },
    {
      "char": "二",
      "bbox": {
        "x_min": 0.552734375,
        "y_min": 0.22265625,
        "x_max": 0.658203125,
        "y_max": 0.30859375
      }
    },
    {
      "char": "十",
      "bbox": {
        "x_min": 0.65234375,
        "y_min": 0.392578125,
        "x_max": 0.71875,
        "y_max": 0.486328125
      }
    }
  ]
}