{
  "image_filename": "00468.png",
  "visualization_filename": "00468_vis.png",
  "mnist_digits": [
    5,
    6,
    8,
    6,
    1,
    3,
    2,
    0,
    7,
    8,
    4,
    4,
    0,
    8,
    6,
    0,
    5,
    4,
    8,
    5,
    0,
    3,
    8,
    3
  ],
  "boxes": [
    {
      "char": "二",
      "bbox": {
        "x_min": 0.369140625,
        "y_min": 0.388671875,
        "x_max": 0.5546875,
        "y_max": 0.484375
      }
    },
    {
      "char": "八",
      "bbox": {
        "x_min": 0.94140625,
        "y_min": 0.279296875,
        "x_max": 0.9921875,
        "y_max": 0.3203125
      }
    },
    {
      "char": "百",
      "bbox": {
        "x_min": 0.71484375,
        "y_min": 0.7734375,
        "x_max": 0.751953125,
        "y_max": 0.837890625
      }
    },
    {
      "char": "亿",
      "bbox": {
        "x_min": 0.564453125,
        "y_min": 0.369140625,
        "x_max": 0.7265625,
        "y_max": 0.57421875
      }
    },
    {
      "char": "九",
      "bbox": {
        "x_min": 0.201171875,
        "y_min": 0.248046875,
        "x_max": 0.337890625,
        "y_max": 0.408203125
      }
    }
  ]
}