{
  "image_filename": "00464.png",
  "visualization_filename": "00464_vis.png",
  "mnist_digits": [
    5,
    1,
    6,
    3,
    3,
    2,
    4,
    9,
    1,
    4,
    5,
    8
  ],
  "boxes": [
    {
      "char": "五",
      "bbox": {
        "x_min": 0.37109375,
        "y_min": 0.3515625,
        "x_max": 0.41015625,
        "y_max": 0.404296875
      }
    },
    {
      "char": "九",
      "bbox": {
        "x_min": 0.64453125,
        "y_min": 0.794921875,
        "x_max": 0.947265625,
        "y_max": 1
      }
    },
    {
      "char": "三",
      "bbox": {
        "x_min": 0.55078125,
        "y_min": 0.076171875,
        "x_max": 0.607421875,
        "y_max": 0.134765625
      }
    },
    {
      "char": "三",
      "bbox": {
        "x_min": 0.63671875,
        "y_min": 0.5546875,
        "x_max": 0.818359375,
        "y_max": 0.759765625
      }
    },
    {
      "char": "十",
      "bbox": {
        "x_min": 0.482421875,
        "y_min": 0.326171875,
        "x_max": 0.587890625,
        "y_max": 0.484375
      }
    }
  ]
}