{
  "image_filename": "00460.png",
  "visualization_filename": "00460_vis.png",
  "mnist_digits": [
    4,
    1,
    3,
    7,
    8,
    2,
    2,
    4,
    9,
    7,
    7,
    1,
    8,
    4,
    9,
    2,
    1,
    6,
    1
  ],
  "boxes": [
    {
      "char": "三",
      "bbox": {
        "x_min": 0.810546875,
        "y_min": 0.4765625,
        "x_max": 0.888671875,
        "y_max": 0.55078125
      }
    },
    {
      "char": "亿",
      "bbox": {
        "x_min": 0.326171875,
        "y_min": 0.576171875,
        "x_max": 0.41796875,
        "y_max": 0.68359375
      }
    },
    {
      "char": "八",
      "bbox": {
        "x_min": 0.13671875,
        "y_min": 0.037109375,
        "x_max": 0.43359375,
        "y_max": 0.271484375
      }
    },
    {
      "char": "十",
      "bbox": {
        "x_min": 0.5390625,
        "y_min": 0.21484375,
        "x_max": 0.568359375,
        "y_max": 0.265625
      }
    }
  ]
}