{
  "image_filename": "00461.png",
  "visualization_filename": "00461_vis.png",
  "mnist_digits": [
    1,
    4,
    2,
    5,
    6,
    2,
    0,
    5,
    9,
    8,
    1,
    8,
    7,
    9,
    1,
    5,
    3,
    8,
    1
  ],
  "boxes": [
    {
      "char": "八",
      "bbox": {
        "x_min": 0.28125,
        "y_min": 0.5859375,
        "x_max": 0.537109375,
        "y_max": 0.9140625
      }
    },
    {
      "char": "四",
      "bbox": {
        "x_min": 0.09765625,
        "y_min": 0.755859375,
        "x_max": 0.181640625,
        "y_max": 0.8359375
      }
    },
    {
      "char": "六",
      "bbox": {
        "x_min": 0.42578125,
        "y_min": 0.01953125,
        "x_max": 0.841796875,
        "y_max": 0.59375
      }
    }
  ]
}