{
  "image_filename": "00463.png",
  "visualization_filename": "00463_vis.png",
  "mnist_digits": [
    4,
    6,
    7,
    6,
    5,
    0,
    4,
    6,
    7,
    7,
    9,
    4,
    4,
    3,
    7,
    8,
    3,
    7,
    6,
    8,
    9,
    5,
    2,
    0,
    4,
    2
  ],
  "boxes": [
    {
      "char": "九",
      "bbox": {
        "x_min": 0.26171875,
        "y_min": 0.681640625,
        "x_max": 0.43359375,
        "y_max": 0.939453125
      }
    },
    {
      "char": "千",
      "bbox": {
        "x_min": 0.4453125,
        "y_min": 0.05078125,
        "x_max": 0.6328125,
        "y_max": 0.2734375
      }
    },
    {
      "char": "千",
      "bbox": {
        "x_min": 0.107421875,
        "y_min": 0.15625,
        "x_max": 0.166015625,
        "y_max": 0.232421875
      }
    },
    {
      "char": "十",
      "bbox": {
        "x_min": 0.865234375,
        "y_min": 0.38671875,
        "x_max": 0.93359375,
        "y_max": 0.537109375
      }
    }
  ]
}