{
  "image_filename": "00467.png",
  "visualization_filename": "00467_vis.png",
  "mnist_digits": [
    9,
    2,
    1,
    1,
    6,
    5,
    2,
    6,
    1,
    1,
    6
  ],
  "boxes": [
    {
      "char": "九",
      "bbox": {
        "x_min": 0.701171875,
        "y_min": 0.150390625,
        "x_max": 0.861328125,
        "y_max": 0.291015625
      }
    },
    {
      "char": "十",
      "bbox": {
        "x_min": 0.490234375,
        "y_min": 0.171875,
        "x_max": 0.544921875,
        "y_max": 0.24609375
      }
    },
    {
      "char": "零",
      "bbox": {
        "x_min": 0.388671875,
        "y_min": 0.4609375,
        "x_max": 0.576171875,
        "y_max": 0.796875
      }
    },
    {
      "char": "千",
      "bbox": {
        "x_min": 0.58203125,
        "y_min": 0.369140625,
        "x_max": 0.81640625,
        "y_max": 0.658203125
      }
    },
    {
      "char": "一",
      "bbox": {
        "x_min": 0.09375,
        "y_min": 0.326171875,
        "x_max": 0.24609375,
        "y_max": 0.376953125
      }
    },
    {
      "char": "亿",
      "bbox": {
        "x_min": 0.810546875,
        "y_min": 0.6953125,
        "x_max": 1,
        "y_max": 0.87109375
      }
    },
    {
      "char": "一",
      "bbox": {
        "x_min": 0.705078125,
        "y_min": 0.892578125,
        "x_max": 0.93359375,
        "y_max": 0.951171875
      }
    }
  ]
}