{
  "image_filename": "00474.png",
  "visualization_filename": "00474_vis.png",
  "mnist_digits": [
    5,
    9,
    5,
    1,
    7,
    3,
    9,
    2,
    7,
    2
  ],
  "boxes": [
    {
      "char": "亿",
      "bbox": {
        "x_min": 0.505859375,
        "y_min": 0.333984375,
        "x_max": 0.599609375,
        "y_max": 0.431640625
      }
    },
    {
      "char": "十",
      "bbox": {
        "x_min": 0.109375,
        "y_min": 0.7109375,
        "x_max": 0.2265625,
        "y_max": 0.921875
      }
    },
    {
      "char": "百",
      "bbox": {
        "x_min": 0.208984375,
        "y_min": 0.236328125,
        "x_max": 0.392578125,
        "y_max": 0.576171875
      }
    },
    {
      "char": "五",
      "bbox": {
        "x_min": 0.447265625,
        "y_min": 0.62890625,
        "x_max": 0.6640625,
        "y_max": 0.79296875
      }
    },
    {
      "char": "百",
      "bbox": {
        "x_min": 0.0078125,
        "y_min": 0.025390625,
        "x_max": 0.1484375,
        "y_max": 0.205078125
      }
    },
    {
      "char": "零",
      "bbox": {
        "x_min": 0.583984375,
        "y_min": 0.037109375,
        "x_max": 0.73828125,
        "y_max": 0.22265625
      }
    },
    {
      "char": "十",
      "bbox": {
        "x_min": 0.876953125,
        "y_min": 0.744140625,
        "x_max": 0.943359375,
        "y_max": 0.810546875
      }
    },
    {
      "char": "四",
      "bbox": {
        "x_min": 0.447265625,
        "y_min": 0.08984375,
        "x_max": 0.580078125,
        "y_max": 0.21484375
      }
    }
  ]
}