{
  "image_filename": "00473.png",
  "visualization_filename": "00473_vis.png",
  "mnist_digits": [
    2,
    3,
    4,
    8,
    6,
    3,
    7,
    6,
    6
  ],
  "boxes": [
    {
      "char": "零",
      "bbox": {
        "x_min": 0.515625,
        "y_min": 0.2109375,
        "x_max": 0.8125,
        "y_max": 0.70703125
      }
    },
    {
      "char": "十",
      "bbox": {
        "x_min": 0.34375,
        "y_min": 0.634765625,
        "x_max": 0.5,
        "y_max": 0.798828125
      }
    }
  ]
}