{
  "image_filename": "00477.png",
  "visualization_filename": "00477_vis.png",
  "mnist_digits": [
    1,
    1,
    7,
    0,
    1,
    8,
    5,
    2,
    7,
    5
  ],
  "boxes": [
    {
      "char": "万",
      "bbox": {
        "x_min": 0.798828125,
        "y_min": 0.529296875,
        "x_max": 0.921875,
        "y_max": 0.708984375
      }
    },
    {
      "char": "三",
      "bbox": {
        "x_min": 0.26953125,
        "y_min": 0.662109375,
        "x_max": 0.4453125,
        "y_max": 0.84375
      }
    },
    {
      "char": "万",
      "bbox": {
        "x_min": 0.03515625,
        "y_min": 0.8046875,
        "x_max": 0.12109375,
        "y_max": 0.89453125
      }
    },
    {
      "char": "六",
      "bbox": {
        "x_min": 0.2265625,
        "y_min": 0.365234375,
        "x_max": 0.2890625,
        "y_max": 0.4140625
      }
    },
    {
      "char": "百",
      "bbox": {
        "x_min": 0.75390625,
        "y_min": 0.294921875,
        "x_max": 0.79296875,
        "y_max": 0.35546875
      }
    },
    {
      "char": "八",
      "bbox": {
        "x_min": 0.322265625,
        "y_min": 0.859375,
        "x_max": 0.37890625,
        "y_max": 0.92578125
      }
    }
  ]
}