{
  "image_filename": "00472.png",
  "visualization_filename": "00472_vis.png",
  "mnist_digits": [
    1,
    4,
    2,
    0,
    0,
    6,
    4,
    0,
    7,
    9,
    2,
    4,
    2,
    3,
    7,
    0
  ],
  "boxes": [
    {
      "char": "零",
      "bbox": {
        "x_min": 0.572265625,
        "y_min": 0.380859375,
        "x_max": 0.646484375,
        "y_max": 0.544921875
      }
    },
    {
      "char": "六",
      "bbox": {
        "x_min": 0.083984375,
        "y_min": 0.583984375,
        "x_max": 0.212890625,
        "y_max": 0.771484375
      }
    },
    {
      "char": "二",
      "bbox": {
        "x_min": 0.234375,
        "y_min": 0.787109375,
        "x_max": 0.33984375,
        "y_max": 0.91015625
      }
    },
    {
      "char": "零",
      "bbox": {
        "x_min": 0.685546875,
        "y_min": 0.21484375,
        "x_max": 0.810546875,
        "y_max": 0.50390625
      }
    },
    {
      "char": "十",
      "bbox": {
        "x_min": 0.564453125,
        "y_min": 0.671875,
        "x_max": 0.751953125,
        "y_max": 0.9140625
      }
    },
    {
      "char": "二",
      "bbox": {
        "x_min": 0.43359375,
        "y_min": 0.458984375,
        "x_max": 0.49609375,
        "y_max": 0.517578125
      }
    }
  ]
}