{
  "image_filename": "00479.png",
  "visualization_filename": "00479_vis.png",
  "mnist_digits": [
    6,
    4,
    3,
    6,
    5,
    2,
    6,
    6,
    1,
    7,
    1,
    7,
    7,
    0
  ],
  "boxes": [
    {
      "char": "八",
      "bbox": {
        "x_min": 0.72265625,
        "y_min": 0.56640625,
        "x_max": 0.810546875,
        "y_max": 0.63671875
      }
    },
    {
      "char": "十",
      "bbox": {
        "x_min": 0.22265625,
        "y_min": 0.298828125,
        "x_max": 0.513671875,
        "y_max": 0.6015625
      }
    },
    {
      "char": "九",
      "bbox": {
        "x_min": 0.541015625,
        "y_min": 0.404296875,
        "x_max": 0.630859375,
        "y_max": 0.529296875
      }
    },
    {
      "char": "万",
      "bbox": {
        "x_min": 0.013671875,
        "y_min": 0.20703125,
        "x_max": 0.158203125,
        "y_max": 0.375
      }
    }
  ]
}