{
  "image_filename": "00475.png",
  "visualization_filename": "00475_vis.png",
  "mnist_digits": [
    4,
    9,
    9,
    6,
    8,
    8,
    4,
    2,
    5,
    0,
    9,
    4,
    4,
    2,
    7,
    6,
    1
  ],
  "boxes": [
    {
      "char": "万",
      "bbox": {
        "x_min": 0.275390625,
        "y_min": 0.25,
        "x_max": 0.400390625,
        "y_max": 0.388671875
      }
    },
    {
      "char": "七",
      "bbox": {
        "x_min": 0.900390625,
        "y_min": 0.53515625,
        "x_max": 0.962890625,
        "y_max": 0.6015625
      }
    },
    {
      "char": "四",
      "bbox": {
        "x_min": 0.197265625,
        "y_min": 0.447265625,
        "x_max": 0.431640625,
        "y_max": 0.603515625
      }
    },
    {
      "char": "千",
      "bbox": {
        "x_min": 0.5546875,
        "y_min": 0.412109375,
        "x_max": 0.609375,
        "y_max": 0.486328125
      }
    }
  ]
}