{
  "image_filename": "00476.png",
  "visualization_filename": "00476_vis.png",
  "mnist_digits": [
    1,
    7,
    7,
    5,
    9,
    3,
    4,
    8,
    5
  ],
  "boxes": [
    {
      "char": "千",
      "bbox": {
        "x_min": 0.5390625,
        "y_min": 0.62109375,
        "x_max": 0.7109375,
        "y_max": 0.822265625
      }
    },
    {
      "char": "千",
      "bbox": {
        "x_min": 0.072265625,
        "y_min": 0.908203125,
        "x_max": 0.115234375,
        "y_max": 0.95703125
      }
    },
    {
      "char": "五",
      "bbox": {
        "x_min": 0.75390625,
        "y_min": 0.6171875,
        "x_max": 0.9296875,
        "y_max": 0.78515625
      }
    },
    {
      "char": "百",
      "bbox": {
        "x_min": 0.41015625,
        "y_min": 0.52734375,
        "x_max": 0.541015625,
        "y_max": 0.76953125
      }
    }
  ]
}