{
  "image_filename": "00470.png",
  "visualization_filename": "00470_vis.png",
  "mnist_digits": [
    9,
    1,
    2,
    2,
    8,
    5,
    3,
    0,
    3,
    1,
    9,
    6,
    2,
    2,
    6,
    6,
    7,
    2,
    3
  ],
  "boxes": [
    {
      "char": "五",
      "bbox": {
        "x_min": 0.546875,
        "y_min": 0.525390625,
        "x_max": 0.658203125,
        "y_max": 0.640625
      }
    },
    {
      "char": "百",
      "bbox": {
        "x_min": 0.677734375,
        "y_min": 0.171875,
        "x_max": 0.951171875,
        "y_max": 0.720703125
      }
    }
  ]
}