{
  "image_filename": "00471.png",
  "visualization_filename": "00471_vis.png",
  "mnist_digits": [
    2,
    1,
    4,
    9,
    5,
    4,
    2,
    4,
    6,
    0,
    7,
    3,
    1,
    3
  ],
  "boxes": [
    {
      "char": "百",
      "bbox": {
        "x_min": 0.794921875,
        "y_min": 0.564453125,
        "x_max": 0.982421875,
        "y_max": 0.869140625
      }
    },
    {
      "char": "千",
      "bbox": {
        "x_min": 0.103515625,
        "y_min": 0.712890625,
        "x_max": 0.150390625,
        "y_max": 0.794921875
      }
    },
    {
      "char": "万",
      "bbox": {
        "x_min": 0.50390625,
        "y_min": 0.4140625,
        "x_max": 0.548828125,
        "y_max": 0.453125
      }
    },
    {
      "char": "亿",
      "bbox": {
        "x_min": 0.154296875,
        "y_min": 0.546875,
        "x_max": 0.27734375,
        "y_max": 0.669921875
      }
    },
    {
      "char": "四",
      "bbox": {
        "x_min": 0.23828125,
        "y_min": 0.88671875,
        "x_max": 0.298828125,
        "y_max": 0.94921875
      }
    },
    {
      "char": "三",
      "bbox": {
        "x_min": 0.48046875,
        "y_min": 0.462890625,
        "x_max": 0.6015625,
        "y_max": 0.599609375
      }
    }
  ]
}