{
  "image_filename": "00484.png",
  "visualization_filename": "00484_vis.png",
  "mnist_digits": [
    5,
    5,
    2,
    6,
    9,
    3,
    0,
    0,
    5,
    8,
    9,
    4,
    1,
    7,
    6,
    0,
    5,
    1,
    8,
    4,
    2,
    0
  ],
  "boxes": [
    {
      "char": "十",
      "bbox": {
        "x_min": 0.529296875,
        "y_min": 0.1015625,
        "x_max": 0.626953125,
        "y_max": 0.2421875
      }
    },
    {
      "char": "七",
      "bbox": {
        "x_min": 0.603515625,
        "y_min": 0,
        "x_max": 0.82421875,
        "y_max": 0.15625
      }
    },
    {
      "char": "六",
      "bbox": {
        "x_min": 0.2265625,
        "y_min": 0.470703125,
        "x_max": 0.2890625,
        "y_max": 0.533203125
      }
    }
  ]
}