{
  "image_filename": "00480.png",
  "visualization_filename": "00480_vis.png",
  "mnist_digits": [
    6,
    9,
    3,
    6,
    0,
    7,
    9,
    8
  ],
  "boxes": [
    {
      "char": "九",
      "bbox": {
        "x_min": 0.48828125,
        "y_min": 0.375,
        "x_max": 0.61328125,
        "y_max": 0.482421875
      }
    },
    {
      "char": "五",
      "bbox": {
        "x_min": 0.47265625,
        "y_min": 0.240234375,
        "x_max": 0.578125,
        "y_max": 0.375
      }
    },
    {
      "char": "亿",
      "bbox": {
        "x_min": 0.6953125,
        "y_min": 0.0625,
        "x_max": 0.791015625,
        "y_max": 0.1796875
      }
    },
    {
      "char": "七",
      "bbox": {
        "x_min": 0.125,
        "y_min": 0.396484375,
        "x_max": 0.2109375,
        "y_max": 0.46875
      }
    },
    {
      "char": "四",
      "bbox": {
        "x_min": 0.30078125,
        "y_min": 0.533203125,
        "x_max": 0.369140625,
        "y_max": 0.6015625
      }
    },
    {
      "char": "六",
      "bbox": {
        "x_min": 0.33984375,
        "y_min": 0.736328125,
        "x_max": 0.54296875,
        "y_max": 0.908203125
      }
    }
  ]
}