{
  "image_filename": "00488.png",
  "visualization_filename": "00488_vis.png",
  "mnist_digits": [
    2,
    7,
    8,
    8,
    2,
    5,
    0
  ],
  "boxes": [
    {
      "char": "十",
      "bbox": {
        "x_min": 0.671875,
        "y_min": 0.01953125,
        "x_max": 0.966796875,
        "y_max": 0.388671875
      }
    },
    {
      "char": "万",
      "bbox": {
        "x_min": 0.5625,
        "y_min": 0.615234375,
        "x_max": 0.65625,
        "y_max": 0.767578125
      }
    },
    {
      "char": "万",
      "bbox": {
        "x_min": 0.740234375,
        "y_min": 0.435546875,
        "x_max": 0.982421875,
        "y_max": 0.771484375
      }
    }
  ]
}