{
  "image_filename": "00483.png",
  "visualization_filename": "00483_vis.png",
  "mnist_digits": [
    5,
    1,
    3,
    0,
    5,
    8,
    6,
    7,
    2,
    5,
    2,
    7
  ],
  "boxes": [
    {
      "char": "十",
      "bbox": {
        "x_min": 0.6875,
        "y_min": 0.52734375,
        "x_max": 0.720703125,
        "y_max": 0.572265625
      }
    },
    {
      "char": "四",
      "bbox": {
        "x_min": 0.255859375,
        "y_min": 0.728515625,
        "x_max": 0.326171875,
        "y_max": 0.794921875
      }
    },
    {
      "char": "十",
      "bbox": {
        "x_min": 0.01171875,
        "y_min": 0.046875,
        "x_max": 0.224609375,
        "y_max": 0.345703125
      }
    },
    {
      "char": "零",
      "bbox": {
        "x_min": 0.796875,
        "y_min": 0.125,
        "x_max": 0.978515625,
        "y_max": 0.40625
      }
    },
    {
      "char": "十",
      "bbox": {
        "x_min": 0.4609375,
        "y_min": 0.162109375,
        "x_max": 0.576171875,
        "y_max": 0.30859375
      }
    },
    {
      "char": "零",
      "bbox": {
        "x_min": 0.1640625,
        "y_min": 0.865234375,
        "x_max": 0.2265625,
        "y_max": 0.986328125
      }
    },
    {
      "char": "十",
      "bbox": {
        "x_min": 0.3359375,
        "y_min": 0.49609375,
        "x_max": 0.4921875,
        "y_max": 0.65234375
      }
    }
  ]
}