{
  "image_filename": "00487.png",
  "visualization_filename": "00487_vis.png",
  "mnist_digits": [
    8,
    0,
    1,
    4,
    3,
    8,
    4,
    4,
    4,
    4,
    7,
    0,
    8,
    9
  ],
  "boxes": [
    {
      "char": "八",
      "bbox": {
        "x_min": 0.64453125,
        "y_min": 0.16796875,
        "x_max": 0.779296875,
        "y_max": 0.26171875
      }
    },
    {
      "char": "五",
      "bbox": {
        "x_min": 0.25,
        "y_min": 0.4453125,
        "x_max": 0.4296875,
        "y_max": 0.669921875
      }
    },
    {
      "char": "五",
      "bbox": {
        "x_min": 0.412109375,
        "y_min": 0.91015625,
        "x_max": 0.474609375,
        "y_max": 0.99609375
      }
    },
    {
      "char": "零",
      "bbox": {
        "x_min": 0.4140625,
        "y_min": 0.841796875,
        "x_max": 0.458984375,
        "y_max": 0.8984375
      }
    },
    {
      "char": "八",
      "bbox": {
        "x_min": 0.5234375,
        "y_min": 0.6953125,
        "x_max": 0.62890625,
        "y_max": 0.8125
      }
    },
    {
      "char": "百",
      "bbox": {
        "x_min": 0.63671875,
        "y_min": 0.296875,
        "x_max": 0.865234375,
        "y_max": 0.53125
      }
    },
    {
      "char": "二",
      "bbox": {
        "x_min": 0.015625,
        "y_min": 0.521484375,
        "x_max": 0.26171875,
        "y_max": 0.720703125
      }
    }
  ]
}