{
  "image_filename": "00481.png",
  "visualization_filename": "00481_vis.png",
  "mnist_digits": [
    6,
    6,
    6,
    6,
    9,
    3,
    7,
    4,
    5,
    7,
    4,
    3,
    3,
    0,
    5,
    2,
    0
  ],
  "boxes": [
    {
      "char": "亿",
      "bbox": {
        "x_min": 0.380859375,
        "y_min": 0.578125,
        "x_max": 0.615234375,
        "y_max": 0.759765625
      }
    },
    {
      "char": "三",
      "bbox": {
        "x_min": 0.04296875,
        "y_min": 0.244140625,
        "x_max": 0.25390625,
        "y_max": 0.470703125
      }
    },
    {
      "char": "零",
      "bbox": {
        "x_min": 0.78515625,
        "y_min": 0.541015625,
        "x_max": 0.955078125,
        "y_max": 0.79296875
      }
    },
    {
      "char": "四",
      "bbox": {
        "x_min": 0.3046875,
        "y_min": 0.001953125,
        "x_max": 0.509765625,
        "y_max": 0.287109375
      }
    },
    {
      "char": "五",
      "bbox": {
        "x_min": 0.578125,
        "y_min": 0.005859375,
        "x_max": 0.6640625,
        "y_max": 0.072265625
      }
    },
    {
      "char": "六",
      "bbox": {
        "x_min": 0.818359375,
        "y_min": 0.849609375,
        "x_max": 0.8515625,
        "y_max": 0.89453125
      }
    },
    {
      "char": "九",
      "bbox": {
        "x_min": 0.4765625,
        "y_min": 0.330078125,
        "x_max": 0.669921875,
        "y_max": 0.50390625
      }
    }
  ]
}