{
  "image_filename": "00486.png",
  "visualization_filename": "00486_vis.png",
  "mnist_digits": [
    0,
    2,
    7,
    9,
    0,
    6,
    1,
    5,
    4,
    9
  ],
  "boxes": [
    {
      "char": "五",
      "bbox": {
        "x_min": 0.3359375,
        "y_min": 0.26953125,
        "x_max": 0.671875,
        "y_max": 0.556640625
      }
    },
    {
      "char": "八",
      "bbox": {
        "x_min": 0.412109375,
        "y_min": 0.771484375,
        "x_max": 0.537109375,
        "y_max": 0.884765625
      }
    },
    {
      "char": "九",
      "bbox": {
        "x_min": 0.72265625,
        "y_min": 0.5703125,
        "x_max": 0.755859375,
        "y_max": 0.615234375
      }
    }
  ]
}