{
  "image_filename": "00485.png",
  "visualization_filename": "00485_vis.png",
  "mnist_digits": [
    1,
    1,
    1,
    4,
    7,
    1,
    4,
    0,
    5
  ],
  "boxes": [
    {
      "char": "四",
      "bbox": {
        "x_min": 0.359375,
        "y_min": 0.51171875,
        "x_max": 0.5625,
        "y_max": 0.69921875
      }
    },
    {
      "char": "一",
      "bbox": {
        "x_min": 0.732421875,
        "y_min": 0.3125,
        "x_max": 0.896484375,
        "y_max": 0.353515625
      }
    },
    {
      "char": "亿",
      "bbox": {
        "x_min": 0.18359375,
        "y_min": 0.123046875,
        "x_max": 0.24609375,
        "y_max": 0.169921875
      }
    },
    {
      "char": "六",
      "bbox": {
        "x_min": 0.16796875,
        "y_min": 0.59375,
        "x_max": 0.19921875,
        "y_max": 0.62890625
      }
    },
    {
      "char": "七",
      "bbox": {
        "x_min": 0.59765625,
        "y_min": 0.466796875,
        "x_max": 0.794921875,
        "y_max": 0.708984375
      }
    }
  ]
}