{
  "image_filename": "00482.png",
  "visualization_filename": "00482_vis.png",
  "mnist_digits": [
    6,
    9,
    8,
    9,
    8,
    1,
    8,
    0,
    2,
    3,
    3,
    8,
    7,
    9,
    6,
    7,
    7,
    4,
    8,
    0,
    3,
    8,
    3
  ],
  "boxes": [
    {
      "char": "六",
      "bbox": {
        "x_min": 0.8203125,
        "y_min": 0.791015625,
        "x_max": 0.8984375,
        "y_max": 0.8671875
      }
    },
    {
      "char": "零",
      "bbox": {
        "x_min": 0.4375,
        "y_min": 0.083984375,
        "x_max": 0.880859375,
        "y_max": 0.78125
      }
    }
  ]
}