{
  "image_filename": "00494.png",
  "visualization_filename": "00494_vis.png",
  "mnist_digits": [
    8,
    3,
    7,
    2,
    5,
    5,
    7,
    1,
    4,
    1,
    9,
    8,
    9,
    1,
    6
  ],
  "boxes": [
    {
      "char": "十",
      "bbox": {
        "x_min": 0.783203125,
        "y_min": 0.603515625,
        "x_max": 0.86328125,
        "y_max": 0.728515625
      }
    },
    {
      "char": "三",
      "bbox": {
        "x_min": 0.484375,
        "y_min": 0.33203125,
        "x_max": 0.58203125,
        "y_max": 0.44140625
      }
    },
    {
      "char": "十",
      "bbox": {
        "x_min": 0.349609375,
        "y_min": 0.615234375,
        "x_max": 0.4609375,
        "y_max": 0.703125
      }
    }
  ]
}