{
  "image_filename": "00493.png",
  "visualization_filename": "00493_vis.png",
  "mnist_digits": [
    3,
    0,
    0,
    0,
    9,
    5,
    2,
    2,
    4,
    8,
    6,
    0,
    5,
    5,
    3
  ],
  "boxes": [
    {
      "char": "千",
      "bbox": {
        "x_min": 0.71875,
        "y_min": 0.828125,
        "x_max": 0.8125,
        "y_max": 0.99609375
      }
    },
    {
      "char": "一",
      "bbox": {
        "x_min": 0.26171875,
        "y_min": 0.41015625,
        "x_max": 0.38671875,
        "y_max": 0.45703125
      }
    },
    {
      "char": "一",
      "bbox": {
        "x_min": 0.060546875,
        "y_min": 0.669921875,
        "x_max": 0.216796875,
        "y_max": 0.732421875
      }
    },
    {
      "char": "零",
      "bbox": {
        "x_min": 0.205078125,
        "y_min": 0.033203125,
        "x_max": 0.25390625,
        "y_max": 0.109375
      }
    },
    {
      "char": "八",
      "bbox": {
        "x_min": 0.275390625,
        "y_min": 0.51953125,
        "x_max": 0.373046875,
        "y_max": 0.64453125
      }
    }
  ]
}