{
  "image_filename": "00491.png",
  "visualization_filename": "00491_vis.png",
  "mnist_digits": [
    9,
    9,
    3,
    3,
    2,
    1,
    5,
    6,
    3,
    1,
    5,
    0,
    1,
    3,
    9,
    4,
    6,
    3,
    1,
    9,
    8,
    3,
    6,
    7
  ],
  "boxes": [
    {
      "char": "七",
      "bbox": {
        "x_min": 0.10546875,
        "y_min": 0.654296875,
        "x_max": 0.146484375,
        "y_max": 0.68359375
      }
    },
    {
      "char": "三",
      "bbox": {
        "x_min": 0.583984375,
        "y_min": 0.369140625,
        "x_max": 0.669921875,
        "y_max": 0.458984375
      }
    },
    {
      "char": "六",
      "bbox": {
        "x_min": 0.30859375,
        "y_min": 0.650390625,
        "x_max": 0.4140625,
        "y_max": 0.837890625
      }
    },
    {
      "char": "十",
      "bbox": {
        "x_min": 0.384765625,
        "y_min": 0.015625,
        "x_max": 0.541015625,
        "y_max": 0.1796875
      }
    },
    {
      "char": "九",
      "bbox": {
        "x_min": 0.4375,
        "y_min": 0.400390625,
        "x_max": 0.58984375,
        "y_max": 0.611328125
      }
    },
    {
      "char": "七",
      "bbox": {
        "x_min": 0.048828125,
        "y_min": 0.5078125,
        "x_max": 0.18359375,
        "y_max": 0.61328125
      }
    },
    {
      "char": "二",
      "bbox": {
        "x_min": 0.41796875,
        "y_min": 0.375,
        "x_max": 0.443359375,
        "y_max": 0.412109375
      }
    }
  ]
}