{
  "image_filename": "00495.png",
  "visualization_filename": "00495_vis.png",
  "mnist_digits": [
    0,
    8,
    5,
    5,
    6,
    1,
    2,
    2,
    1,
    1,
    4,
    9,
    1,
    2,
    2,
    9,
    8,
    6
  ],
  "boxes": [
    {
      "char": "八",
      "bbox": {
        "x_min": 0.51171875,
        "y_min": 0.30078125,
        "x_max": 0.59375,
        "y_max": 0.41015625
      }
    },
    {
      "char": "零",
      "bbox": {
        "x_min": 0.69921875,
        "y_min": 0.138671875,
        "x_max": 0.826171875,
        "y_max": 0.375
      }
    },
    {
      "char": "八",
      "bbox": {
        "x_min": 0.755859375,
        "y_min": 0.806640625,
        "x_max": 0.87890625,
        "y_max": 0.98828125
      }
    },
    {
      "char": "亿",
      "bbox": {
        "x_min": 0.275390625,
        "y_min": 0.068359375,
        "x_max": 0.517578125,
        "y_max": 0.318359375
      }
    },
    {
      "char": "二",
      "bbox": {
        "x_min": 0.68359375,
        "y_min": 0.533203125,
        "x_max": 0.71875,
        "y_max": 0.55078125
      }
    },
    {
      "char": "七",
      "bbox": {
        "x_min": 0.59375,
        "y_min": 0.552734375,
        "x_max": 0.640625,
        "y_max": 0.599609375
      }
    },
    {
      "char": "万",
      "bbox": {
        "x_min": 0.3828125,
        "y_min": 0.552734375,
        "x_max": 0.5078125,
        "y_max": 0.732421875
      }
    }
  ]
}