{
  "image_filename": "00497.png",
  "visualization_filename": "00497_vis.png",
  "mnist_digits": [
    3,
    1,
    8,
    7,
    1,
    9,
    2,
    9,
    6,
    9,
    0,
    6,
    5,
    8,
    7,
    4,
    2,
    3,
    0,
    1,
    4
  ],
  "boxes": [
    {
      "char": "六",
      "bbox": {
        "x_min": 0.798828125,
        "y_min": 0.294921875,
        "x_max": 0.91015625,
        "y_max": 0.44140625
      }
    },
    {
      "char": "五",
      "bbox": {
        "x_min": 0.619140625,
        "y_min": 0.8046875,
        "x_max": 0.759765625,
        "y_max": 0.9765625
      }
    },
    {
      "char": "十",
      "bbox": {
        "x_min": 0.15234375,
        "y_min": 0.0546875,
        "x_max": 0.20703125,
        "y_max": 0.138671875
      }
    },
    {
      "char": "零",
      "bbox": {
        "x_min": 0.896484375,
        "y_min": 0.5859375,
        "x_max": 0.94921875,
        "y_max": 0.673828125
      }
    },
    {
      "char": "万",
      "bbox": {
        "x_min": 0.072265625,
        "y_min": 0.9453125,
        "x_max": 0.119140625,
        "y_max": 0.98828125
      }
    },
    {
      "char": "千",
      "bbox": {
        "x_min": 0.1328125,
        "y_min": 0.384765625,
        "x_max": 0.23828125,
        "y_max": 0.529296875
      }
    },
    {
      "char": "七",
      "bbox": {
        "x_min": 0.330078125,
        "y_min": 0.48046875,
        "x_max": 0.525390625,
        "y_max": 0.66796875
      }
    }
  ]
}