{
  "image_filename": "00498.png",
  "visualization_filename": "00498_vis.png",
  "mnist_digits": [
    5,
    2,
    9,
    0,
    1,
    4,
    9,
    2,
    2,
    3,
    6,
    5,
    1,
    3,
    1,
    5,
    3,
    9,
    5,
    1
  ],
  "boxes": [
    {
      "char": "亿",
      "bbox": {
        "x_min": 0.3828125,
        "y_min": 0.693359375,
        "x_max": 0.42578125,
        "y_max": 0.72265625
      }
    },
    {
      "char": "万",
      "bbox": {
        "x_min": 0.171875,
        "y_min": 0.044921875,
        "x_max": 0.2109375,
        "y_max": 0.1015625
      }
    },
    {
      "char": "四",
      "bbox": {
        "x_min": 0.017578125,
        "y_min": 0.416015625,
        "x_max": 0.27734375,
        "y_max": 0.806640625
      }
    },
    {
      "char": "七",
      "bbox": {
        "x_min": 0.55078125,
        "y_min": 0.458984375,
        "x_max": 0.859375,
        "y_max": 0.75390625
      }
    }
  ]
}