{
  "image_filename": "00499.png",
  "visualization_filename": "00499_vis.png",
  "mnist_digits": [
    6,
    1,
    4,
    0,
    4,
    1,
    6,
    4,
    2,
    7,
    2,
    7,
    6,
    1,
    6,
    1
  ],
  "boxes": [
    {
      "char": "八",
      "bbox": {
        "x_min": 0.21484375,
        "y_min": 0.37109375,
        "x_max": 0.875,
        "y_max": 0.865234375
      }
    },
    {
      "char": "零",
      "bbox": {
        "x_min": 0.11328125,
        "y_min": 0.16015625,
        "x_max": 0.23828125,
        "y_max": 0.34375
      }
    },
    {
      "char": "三",
      "bbox": {
        "x_min": 0.716796875,
        "y_min": 0.06640625,
        "x_max": 0.912109375,
        "y_max": 0.20703125
      }
    },
    {
      "char": "亿",
      "bbox": {
        "x_min": 0.421875,
        "y_min": 0.279296875,
        "x_max": 0.48828125,
        "y_max": 0.3359375
      }
    },
    {
      "char": "亿",
      "bbox": {
        "x_min": 0.185546875,
        "y_min": 0.392578125,
        "x_max": 0.279296875,
        "y_max": 0.498046875
      }
    }
  ]
}