{
  "image_filename": "00496.png",
  "visualization_filename": "00496_vis.png",
  "mnist_digits": [
    3,
    9,
    6,
    1,
    8,
    6,
    2,
    2,
    8,
    8,
    3,
    5,
    2,
    9,
    7,
    9,
    2,
    2
  ],
  "boxes": [
    {
      "char": "亿",
      "bbox": {
        "x_min": 0.607421875,
        "y_min": 0.755859375,
        "x_max": 0.73046875,
        "y_max": 0.861328125
      }
    },
    {
      "char": "十",
      "bbox": {
        "x_min": 0.37109375,
        "y_min": 0.087890625,
        "x_max": 0.458984375,
        "y_max": 0.251953125
      }
    }
  ]
}