{
  "image_filename": "00490.png",
  "visualization_filename": "00490_vis.png",
  "mnist_digits": [
    9,
    1,
    3,
    9
  ],
  "boxes": [
    {
      "char": "千",
      "bbox": {
        "x_min": 0.5234375,
        "y_min": 0.7578125,
        "x_max": 0.6953125,
        "y_max": 0.9765625
      }
    },
    {
      "char": "亿",
      "bbox": {
        "x_min": 0.00390625,
        "y_min": 0.05859375,
        "x_max": 0.17578125,
        "y_max": 0.21484375
      }
    },
    {
      "char": "九",
      "bbox": {
        "x_min": 0.455078125,
        "y_min": 0.3828125,
        "x_max": 0.552734375,
        "y_max": 0.5078125
      }
    },
    {
      "char": "百",
      "bbox": {
        "x_min": 0.439453125,
        "y_min": 0.013671875,
        "x_max": 0.58984375,
        "y_max": 0.3828125
      }
    },
    {
      "char": "七",
      "bbox": {
        "x_min": 0.88671875,
        "y_min": 0.09765625,
        "x_max": 0.98046875,
        "y_max": 0.1640625
      }
    }
  ]
}