{
  "image_filename": "00492.png",
  "visualization_filename": "00492_vis.png",
  "mnist_digits": [
    0,
    5,
    5,
    4,
    8,
    3,
    1,
    4,
    6,
    6,
    6,
    3,
    9,
    7,
    4,
    2,
    2,
    7,
    7,
    0,
    0,
    4,
    1,
    9
  ],
  "boxes": [
    {
      "char": "三",
      "bbox": {
        "x_min": 0.73828125,
        "y_min": 0.7421875,
        "x_max": 0.931640625,
        "y_max": 0.8828125
      }
    },
    {
      "char": "九",
      "bbox": {
        "x_min": 0.359375,
        "y_min": 0.56640625,
        "x_max": 0.5,
        "y_max": 0.75390625
      }
    },
    {
      "char": "百",
      "bbox": {
        "x_min": 0.017578125,
        "y_min": 0.390625,
        "x_max": 0.111328125,
        "y_max": 0.578125
      }
    },
    {
      "char": "八",
      "bbox": {
        "x_min": 0.21484375,
        "y_min": 0.23046875,
        "x_max": 0.34765625,
        "y_max": 0.40234375
      }
    }
  ]
}