{
  "image_filename": "00508.png",
  "visualization_filename": "00508_vis.png",
  "mnist_digits": [
    6,
    6,
    0,
    0,
    3,
    8,
    1,
    0,
    4,
    6,
    9,
    9,
    2,
    6,
    8,
    8,
    1,
    6,
    3,
    0,
    8,
    4,
    4,
    1,
    1,
    6,
    0,
    6,
    2,
    7,
    0,
    2,
    8
  ],
  "boxes": [
    {
      "char": "零",
      "bbox": {
        "x_min": 0.728515625,
        "y_min": 0.048828125,
        "x_max": 0.775390625,
        "y_max": 0.125
      }
    },
    {
      "char": "七",
      "bbox": {
        "x_min": 0.21875,
        "y_min": 0.384765625,
        "x_max": 0.501953125,
        "y_max": 0.623046875
      }
    },
    {
      "char": "一",
      "bbox": {
        "x_min": 0.001953125,
        "y_min": 0.244140625,
        "x_max": 0.083984375,
        "y_max": 0.2734375
      }
    }
  ]
}