{
  "image_filename": "00500.png",
  "visualization_filename": "00500_vis.png",
  "mnist_digits": [
    7,
    1,
    8,
    2,
    6,
    9,
    9,
    5,
    3,
    4,
    3,
    4,
    6,
    5,
    6,
    6,
    9,
    6,
    0,
    0
  ],
  "boxes": [
    {
      "char": "百",
      "bbox": {
        "x_min": 0.3203125,
        "y_min": 0.734375,
        "x_max": 0.3515625,
        "y_max": 0.77734375
      }
    },
    {
      "char": "十",
      "bbox": {
        "x_min": 0.076171875,
        "y_min": 0.861328125,
        "x_max": 0.103515625,
        "y_max": 0.912109375
      }
    },
    {
      "char": "四",
      "bbox": {
        "x_min": 0.353515625,
        "y_min": 0.833984375,
        "x_max": 0.37890625,
        "y_max": 0.865234375
      }
    },
    {
      "char": "千",
      "bbox": {
        "x_min": 0.556640625,
        "y_min": 0.27734375,
        "x_max": 0.73828125,
        "y_max": 0.55078125
      }
    }
  ]
}