{
  "image_filename": "00501.png",
  "visualization_filename": "00501_vis.png",
  "mnist_digits": [
    2,
    1,
    4,
    6,
    1,
    9,
    3,
    4,
    4,
    2,
    7,
    6,
    1,
    5,
    1,
    4,
    2,
    1,
    9,
    6,
    2,
    7,
    4,
    4,
    8,
    9
  ],
  "boxes": [
    {
      "char": "二",
      "bbox": {
        "x_min": 0.26171875,
        "y_min": 0.833984375,
        "x_max": 0.361328125,
        "y_max": 0.8984375
      }
    },
    {
      "char": "万",
      "bbox": {
        "x_min": 0.61328125,
        "y_min": 0.65625,
        "x_max": 0.70703125,
        "y_max": 0.796875
      }
    },
    {
      "char": "七",
      "bbox": {
        "x_min": 0.65234375,
        "y_min": 0.2265625,
        "x_max": 0.75390625,
        "y_max": 0.33984375
      }
    },
    {
      "char": "八",
      "bbox": {
        "x_min": 0.587890625,
        "y_min": 0.359375,
        "x_max": 0.62109375,
        "y_max": 0.404296875
      }
    }
  ]
}