{
  "image_filename": "00504.png",
  "visualization_filename": "00504_vis.png",
  "mnist_digits": [
    4,
    8,
    1,
    9,
    0,
    9,
    5,
    3,
    1,
    7,
    3,
    2,
    5,
    2,
    9,
    8,
    8,
    2,
    0
  ],
  "boxes": [
    {
      "char": "百",
      "bbox": {
        "x_min": 0.251953125,
        "y_min": 0.470703125,
        "x_max": 0.345703125,
        "y_max": 0.595703125
      }
    },
    {
      "char": "三",
      "bbox": {
        "x_min": 0.33984375,
        "y_min": 0.185546875,
        "x_max": 0.39453125,
        "y_max": 0.2421875
      }
    }
  ]
}