{
  "image_filename": "00503.png",
  "visualization_filename": "00503_vis.png",
  "mnist_digits": [
    3,
    7,
    2,
    2,
    0,
    2,
    4,
    8,
    8,
    7,
    9,
    8,
    3,
    0,
    9
  ],
  "boxes": [
    {
      "char": "二",
      "bbox": {
        "x_min": 0.578125,
        "y_min": 0.86328125,
        "x_max": 0.640625,
        "y_max": 0.904296875
      }
    },
    {
      "char": "六",
      "bbox": {
        "x_min": 0.642578125,
        "y_min": 0.361328125,
        "x_max": 0.734375,
        "y_max": 0.552734375
      }
    },
    {
      "char": "八",
      "bbox": {
        "x_min": 0.443359375,
        "y_min": 0.05859375,
        "x_max": 0.837890625,
        "y_max": 0.373046875
      }
    },
    {
      "char": "四",
      "bbox": {
        "x_min": 0.080078125,
        "y_min": 0.646484375,
        "x_max": 0.291015625,
        "y_max": 0.896484375
      }
    }
  ]
}