{
  "image_filename": "00506.png",
  "visualization_filename": "00506_vis.png",
  "mnist_digits": [
    8,
    9,
    2,
    8,
    7,
    7,
    5,
    8,
    7,
    1,
    9,
    1,
    5
  ],
  "boxes": [
    {
      "char": "零",
      "bbox": {
        "x_min": 0.203125,
        "y_min": 0.033203125,
        "x_max": 0.58984375,
        "y_max": 0.6015625
      }
    },
    {
      "char": "十",
      "bbox": {
        "x_min": 0.736328125,
        "y_min": 0.90625,
        "x_max": 0.798828125,
        "y_max": 0.96875
      }
    },
    {
      "char": "千",
      "bbox": {
        "x_min": 0.75,
        "y_min": 0.1484375,
        "x_max": 0.953125,
        "y_max": 0.390625
      }
    }
  ]
}