{
  "image_filename": "00505.png",
  "visualization_filename": "00505_vis.png",
  "mnist_digits": [
    0,
    2,
    3,
    5,
    2,
    1,
    9,
    2,
    1,
    4,
    4,
    1,
    1
  ],
  "boxes": [
    {
      "char": "五",
      "bbox": {
        "x_min": 0.384765625,
        "y_min": 0.451171875,
        "x_max": 0.525390625,
        "y_max": 0.591796875
      }
    },
    {
      "char": "七",
      "bbox": {
        "x_min": 0.4765625,
        "y_min": 0.595703125,
        "x_max": 0.6484375,
        "y_max": 0.736328125
      }
    },
    {
      "char": "四",
      "bbox": {
        "x_min": 0.716796875,
        "y_min": 0.59375,
        "x_max": 0.927734375,
        "y_max": 0.78125
      }
    },
    {
      "char": "百",
      "bbox": {
        "x_min": 0.283203125,
        "y_min": 0.06640625,
        "x_max": 0.443359375,
        "y_max": 0.376953125
      }
    },
    {
      "char": "一",
      "bbox": {
        "x_min": 0.921875,
        "y_min": 0.662109375,
        "x_max": 0.953125,
        "y_max": 0.6953125
      }
    },
    {
      "char": "一",
      "bbox": {
        "x_min": 0.47265625,
        "y_min": 0.82421875,
        "x_max": 0.58203125,
        "y_max": 0.865234375
      }
    }
  ]
}