{
  "image_filename": "00507.png",
  "visualization_filename": "00507_vis.png",
  "mnist_digits": [
    0,
    6,
    2,
    3,
    0,
    6,
    8,
    5,
    1,
    9,
    0,
    7,
    7,
    3,
    6,
    1,
    1,
    3,
    5,
    6,
    4,
    3,
    7,
    8,
    8,
    1,
    8,
    8,
    9
  ],
  "boxes": [
    {
      "char": "万",
      "bbox": {
        "x_min": 0.6171875,
        "y_min": 0.71875,
        "x_max": 0.79296875,
        "y_max": 0.935546875
      }
    },
    {
      "char": "七",
      "bbox": {
        "x_min": 0.7578125,
        "y_min": 0.11328125,
        "x_max": 0.892578125,
        "y_max": 0.236328125
      }
    },
    {
      "char": "九",
      "bbox": {
        "x_min": 0.791015625,
        "y_min": 0.2578125,
        "x_max": 0.837890625,
        "y_max": 0.3046875
      }
    },
    {
      "char": "万",
      "bbox": {
        "x_min": 0.44140625,
        "y_min": 0.189453125,
        "x_max": 0.623046875,
        "y_max": 0.365234375
      }
    }
  ]
}