{
  "image_filename": "00509.png",
  "visualization_filename": "00509_vis.png",
  "mnist_digits": [
    4,
    1,
    1,
    4,
    2,
    2,
    1,
    3,
    6,
    0,
    8,
    0,
    2,
    3,
    2,
    7,
    9,
    1,
    2
  ],
  "boxes": [
    {
      "char": "十",
      "bbox": {
        "x_min": 0.033203125,
        "y_min": 0.021484375,
        "x_max": 0.37890625,
        "y_max": 0.3515625
      }
    },
    {
      "char": "四",
      "bbox": {
        "x_min": 0.69921875,
        "y_min": 0.279296875,
        "x_max": 0.94921875,
        "y_max": 0.521484375
      }
    }
  ]
}