{
  "image_filename": "00502.png",
  "visualization_filename": "00502_vis.png",
  "mnist_digits": [
    6,
    4,
    6,
    5,
    9,
    1,
    1,
    8,
    0,
    3
  ],
  "boxes": [
    {
      "char": "六",
      "bbox": {
        "x_min": 0.763671875,
        "y_min": 0.169921875,
        "x_max": 0.951171875,
        "y_max": 0.404296875
      }
    },
    {
      "char": "百",
      "bbox": {
        "x_min": 0.078125,
        "y_min": 0.11328125,
        "x_max": 0.595703125,
        "y_max": 0.859375
      }
    },
    {
      "char": "亿",
      "bbox": {
        "x_min": 0.388671875,
        "y_min": 0.900390625,
        "x_max": 0.435546875,
        "y_max": 0.943359375
      }
    }
  ]
}