{
  "image_filename": "00510.png",
  "visualization_filename": "00510_vis.png",
  "mnist_digits": [
    6,
    2,
    5,
    6,
    2,
    2,
    7,
    3,
    5,
    0,
    5,
    5,
    3,
    2,
    3,
    5,
    1,
    1,
    2
  ],
  "boxes": [
    {
      "char": "四",
      "bbox": {
        "x_min": 0.1875,
        "y_min": 0.224609375,
        "x_max": 0.5546875,
        "y_max": 0.765625
      }
    },
    {
      "char": "三",
      "bbox": {
        "x_min": 0.34375,
        "y_min": 0.060546875,
        "x_max": 0.45703125,
        "y_max": 0.181640625
      }
    },
    {
      "char": "四",
      "bbox": {
        "x_min": 0.005859375,
        "y_min": 0.5546875,
        "x_max": 0.12109375,
        "y_max": 0.69140625
      }
    },
    {
      "char": "万",
      "bbox": {
        "x_min": 0.8828125,
        "y_min": 0.3203125,
        "x_max": 0.953125,
        "y_max": 0.44921875
      }
    }
  ]
}