{
  "image_filename": "00511.png",
  "visualization_filename": "00511_vis.png",
  "mnist_digits": [
    4,
    8,
    0,
    1,
    3,
    7,
    3,
    1,
    1,
    0,
    2,
    1,
    1,
    1
  ],
  "boxes": [
    {
      "char": "一",
      "bbox": {
        "x_min": 0.546875,
        "y_min": 0.6796875,
        "x_max": 0.60546875,
        "y_max": 0.73046875
      }
    },
    {
      "char": "三",
      "bbox": {
        "x_min": 0.4140625,
        "y_min": 0.412109375,
        "x_max": 0.5859375,
        "y_max": 0.552734375
      }
    },
    {
      "char": "七",
      "bbox": {
        "x_min": 0.4765625,
        "y_min": 0.12890625,
        "x_max": 0.89453125,
        "y_max": 0.4296875
      }
    },
    {
      "char": "四",
      "bbox": {
        "x_min": 0.158203125,
        "y_min": 0.58203125,
        "x_max": 0.267578125,
        "y_max": 0.66015625
      }
    },
    {
      "char": "三",
      "bbox": {
        "x_min": 0.107421875,
        "y_min": 0.6875,
        "x_max": 0.27734375,
        "y_max": 0.884765625
      }
    }
  ]
}