{
  "image_filename": "00004.png",
  "visualization_filename": "00004_vis.png",
  "mnist_digits": [
    5,
    7,
    5,
    0,
    6,
    5,
    8,
    0,
    2,
    3,
    6,
    5,
    3,
    7,
    6,
    1,
    4,
    0,
    1,
    8
  ],
  "boxes": [
    {
      "char": "一",
      "bbox": {
        "x_min": 0.73046875,
        "y_min": 0.482421875,
        "x_max": 0.998046875,
        "y_max": 0.59375
      }
    },
    {
      "char": "万",
      "bbox": {
        "x_min": 0.16796875,
        "y_min": 0.697265625,
        "x_max": 0.203125,
        "y_max": 0.755859375
      }
    },
    {
      "char": "零",
      "bbox": {
        "x_min": 0.328125,
        "y_min": 0.44921875,
        "x_max": 0.576171875,
        "y_max": 0.96875
      }
    },
    {
      "char": "十",
      "bbox": {
        "x_min": 0.615234375,
        "y_min": 0.357421875,
        "x_max": 0.744140625,
        "y_max": 0.521484375
      }
    },
    {
      "char": "万",
      "bbox": {
        "x_min": 0.23828125,
        "y_min": 0.01171875,
        "x_max": 0.3984375,
        "y_max": 0.197265625
      }
    }
  ]
}