{
  "image_filename": "00003.png",
  "visualization_filename": "00003_vis.png",
  "mnist_digits": [
    8,
    9,
    9,
    2,
    6,
    9,
    3,
    8,
    9,
    1,
    7,
    7,
    9,
    9,
    1,
    1
  ],
  "boxes": [
    {
      "char": "六",
      "bbox": {
        "x_min": 0.17578125,
        "y_min": 0.296875,
        "x_max": 0.2265625,
        "y_max": 0.3515625
      }
    },
    {
      "char": "八",
      "bbox": {
        "x_min": 0.224609375,
        "y_min": 0.3046875,
        "x_max": 0.708984375,
        "y_max": 0.6875
      }
    },
    {
      "char": "四",
      "bbox": {
        "x_min": 0.837890625,
        "y_min": 0.51171875,
        "x_max": 0.962890625,
        "y_max": 0.640625
      }
    },
    {
      "char": "六",
      "bbox": {
        "x_min": 0.427734375,
        "y_min": 0.01171875,
        "x_max": 0.5859375,
        "y_max": 0.193359375
      }
    }
  ]
}