{
  "image_filename": "00009.png",
  "visualization_filename": "00009_vis.png",
  "mnist_digits": [
    7,
    9,
    8,
    9,
    0,
    0,
    7,
    0
  ],
  "boxes": [
    {
      "char": "四",
      "bbox": {
        "x_min": 0.009765625,
        "y_min": 0.201171875,
        "x_max": 0.8515625,
        "y_max": 0.90234375
      }
    },
    {
      "char": "三",
      "bbox": {
        "x_min": 0.361328125,
        "y_min": 0.078125,
        "x_max": 0.408203125,
        "y_max": 0.1171875
      }
    }
  ]
}