{
  "image_filename": "00000.png",
  "visualization_filename": "00000_vis.png",
  "mnist_digits": [
    2,
    8,
    7,
    3,
    0,
    5,
    1,
    1,
    2,
    4,
    5,
    5,
    8,
    1,
    5,
    9,
    8,
    6,
    9,
    2,
    0
  ],
  "boxes": [
    {
      "char": "亿",
      "bbox": {
        "x_min": 0.216796875,
        "y_min": 0.138671875,
        "x_max": 0.341796875,
        "y_max": 0.283203125
      }
    },
    {
      "char": "八",
      "bbox": {
        "x_min": 0.638671875,
        "y_min": 0.50390625,
        "x_max": 0.818359375,
        "y_max": 0.65234375
      }
    },
    {
      "char": "五",
      "bbox": {
        "x_min": 0.09375,
        "y_min": 0.310546875,
        "x_max": 0.2734375,
        "y_max": 0.544921875
      }
    },
    {
      "char": "二",
      "bbox": {
        "x_min": 0.74609375,
        "y_min": 0.326171875,
        "x_max": 0.93359375,
        "y_max": 0.498046875
      }
    },
    {
      "char": "二",
      "bbox": {
        "x_min": 0.44140625,
        "y_min": 0.07421875,
        "x_max": 0.623046875,
        "y_max": 0.19140625
      }
    }
  ]
}