{
  "image_filename": "00001.png",
  "visualization_filename": "00001_vis.png",
  "mnist_digits": [
    0,
    2,
    6,
    3,
    7,
    8,
    7,
    9,
    6,
    7,
    5,
    1,
    1,
    0,
    0,
    5,
    4,
    1,
    8,
    5,
    9,
    9,
    1,
    5,
    6,
    3,
    4,
    9,
    1,
    8,
    4,
    2,
    2,
    8,
    6,
    7,
    3,
    3,
    2,
    3,
    0,
    3,
    5,
    0,
    7,
    5,
    4
  ],
  "boxes": [
    {
      "char": "三",
      "bbox": {
        "x_min": 0.24609375,
        "y_min": 0.451171875,
        "x_max": 0.32421875,
        "y_max": 0.537109375
      }
    },
    {
      "char": "一",
      "bbox": {
        "x_min": 0.416015625,
        "y_min": 0.939453125,
        "x_max": 0.43359375,
        "y_max": 0.953125
      }
    },
    {
      "char": "万",
      "bbox": {
        "x_min": 0.94921875,
        "y_min": 0.6875,
        "x_max": 0.9765625,
        "y_max": 0.732421875
      }
    },
    {
      "char": "五",
      "bbox": {
        "x_min": 0.212890625,
        "y_min": 0.265625,
        "x_max": 0.25,
        "y_max": 0.3046875
      }
    }
  ]
}