{
  "image_filename": "00008.png",
  "visualization_filename": "00008_vis.png",
  "mnist_digits": [
    3,
    6,
    0,
    1,
    8,
    5,
    6,
    1,
    1,
    8,
    7,
    2,
    1,
    7,
    3,
    1,
    0,
    7,
    3,
    8,
    1,
    9,
    0,
    9,
    3
  ],
  "boxes": [
    {
      "char": "三",
      "bbox": {
        "x_min": 0.45703125,
        "y_min": 0.126953125,
        "x_max": 0.52734375,
        "y_max": 0.1953125
      }
    },
    {
      "char": "五",
      "bbox": {
        "x_min": 0.185546875,
        "y_min": 0.33203125,
        "x_max": 0.2734375,
        "y_max": 0.47265625
      }
    },
    {
      "char": "九",
      "bbox": {
        "x_min": 0.71875,
        "y_min": 0.53515625,
        "x_max": 0.853515625,
        "y_max": 0.716796875
      }
    },
    {
      "char": "六",
      "bbox": {
        "x_min": 0.3125,
        "y_min": 0.265625,
        "x_max": 0.369140625,
        "y_max": 0.375
      }
    },
    {
      "char": "五",
      "bbox": {
        "x_min": 0.21484375,
        "y_min": 0.564453125,
        "x_max": 0.35546875,
        "y_max": 0.720703125
      }
    },
    {
      "char": "千",
      "bbox": {
        "x_min": 0.896484375,
        "y_min": 0.08984375,
        "x_max": 0.931640625,
        "y_max": 0.16015625
      }
    },
    {
      "char": "八",
      "bbox": {
        "x_min": 0.607421875,
        "y_min": 0.2578125,
        "x_max": 0.68359375,
        "y_max": 0.345703125
      }
    }
  ]
}