{
  "image_filename": "00006.png",
  "visualization_filename": "00006_vis.png",
  "mnist_digits": [
    5,
    5,
    0,
    0,
    8,
    2,
    3,
    7,
    1,
    0,
    1,
    9,
    5,
    7,
    4,
    6,
    6,
    1,
    8,
    2,
    3,
    7,
    5,
    2,
    4,
    5
  ],
  "boxes": [
    {
      "char": "零",
      "bbox": {
        "x_min": 0.060546875,
        "y_min": 0.576171875,
        "x_max": 0.193359375,
        "y_max": 0.76171875
      }
    },
    {
      "char": "四",
      "bbox": {
        "x_min": 0.376953125,
        "y_min": 0.810546875,
        "x_max": 0.443359375,
        "y_max": 0.900390625
      }
    },
    {
      "char": "四",
      "bbox": {
        "x_min": 0.625,
        "y_min": 0.791015625,
        "x_max": 0.7421875,
        "y_max": 0.919921875
      }
    },
    {
      "char": "四",
      "bbox": {
        "x_min": 0.19140625,
        "y_min": 0.515625,
        "x_max": 0.34375,
        "y_max": 0.65625
      }
    }
  ]
}