{
  "image_filename": "00005.png",
  "visualization_filename": "00005_vis.png",
  "mnist_digits": [
    0,
    4,
    3,
    6,
    3,
    8,
    7,
    7,
    0,
    9,
    6,
    4,
    7,
    6,
    7,
    4,
    8,
    3,
    8,
    6,
    9,
    9,
    6
  ],
  "boxes": [
    {
      "char": "八",
      "bbox": {
        "x_min": 0.060546875,
        "y_min": 0.634765625,
        "x_max": 0.2421875,
        "y_max": 0.8046875
      }
    },
    {
      "char": "七",
      "bbox": {
        "x_min": 0.5625,
        "y_min": 0.431640625,
        "x_max": 0.939453125,
        "y_max": 0.79296875
      }
    },
    {
      "char": "一",
      "bbox": {
        "x_min": 0.619140625,
        "y_min": 0.849609375,
        "x_max": 0.787109375,
        "y_max": 0.935546875
      }
    },
    {
      "char": "八",
      "bbox": {
        "x_min": 0.4765625,
        "y_min": 0.779296875,
        "x_max": 0.587890625,
        "y_max": 0.91796875
      }
    },
    {
      "char": "一",
      "bbox": {
        "x_min": 0.1015625,
        "y_min": 0.271484375,
        "x_max": 0.6171875,
        "y_max": 0.3828125
      }
    },
    {
      "char": "亿",
      "bbox": {
        "x_min": 0.001953125,
        "y_min": 0.048828125,
        "x_max": 0.212890625,
        "y_max": 0.228515625
      }
    }
  ]
}