{
  "image_filename": "00007.png",
  "visualization_filename": "00007_vis.png",
  "mnist_digits": [
    6,
    3,
    9,
    6,
    4,
    1,
    0,
    4,
    2,
    9,
    4,
    4,
    1,
    2,
    1
  ],
  "boxes": [
    {
      "char": "一",
      "bbox": {
        "x_min": 0.53515625,
        "y_min": 0.84375,
        "x_max": 0.76953125,
        "y_max": 0.8984375
      }
    },
    {
      "char": "五",
      "bbox": {
        "x_min": 0.3203125,
        "y_min": 0.234375,
        "x_max": 0.73828125,
        "y_max": 0.697265625
      }
    },
    {
      "char": "百",
      "bbox": {
        "x_min": 0.775390625,
        "y_min": 0.0859375,
        "x_max": 0.9609375,
        "y_max": 0.427734375
      }
    },
    {
      "char": "一",
      "bbox": {
        "x_min": 0.146484375,
        "y_min": 0.6875,
        "x_max": 0.166015625,
        "y_max": 0.70703125
      }
    }
  ]
}