{
  "image_filename": "00010.png",
  "visualization_filename": "00010_vis.png",
  "mnist_digits": [
    1,
    1,
    7,
    0,
    7,
    1,
    8,
    6,
    7,
    6,
    6
  ],
  "boxes": [
    {
      "char": "百",
      "bbox": {
        "x_min": 0.04296875,
        "y_min": 0.626953125,
        "x_max": 0.23046875,
        "y_max": 0.845703125
      }
    },
    {
      "char": "千",
      "bbox": {
        "x_min": 0.478515625,
        "y_min": 0.46875,
        "x_max": 0.578125,
        "y_max": 0.6328125
      }
    },
    {
      "char": "四",
      "bbox": {
        "x_min": 0.3359375,
        "y_min": 0.6953125,
        "x_max": 0.5625,
        "y_max": 0.8671875
      }
    },
    {
      "char": "三",
      "bbox": {
        "x_min": 0.337890625,
        "y_min": 0.263671875,
        "x_max": 0.525390625,
        "y_max": 0.412109375
      }
    },
    {
      "char": "一",
      "bbox": {
        "x_min": 0.712890625,
        "y_min": 0.61328125,
        "x_max": 0.748046875,
        "y_max": 0.625
      }
    },
    {
      "char": "八",
      "bbox": {
        "x_min": 0.93359375,
        "y_min": 0.115234375,
        "x_max": 0.982421875,
        "y_max": 0.173828125
      }
    },
    {
      "char": "二",
      "bbox": {
        "x_min": 0.111328125,
        "y_min": 0.341796875,
        "x_max": 0.26953125,
        "y_max": 0.462890625
      }
    }
  ]
}