{
  "image_filename": "00013.png",
  "visualization_filename": "00013_vis.png",
  "mnist_digits": [
    6,
    7,
    7,
    3,
    0,
    4,
    8,
    8,
    5,
    7,
    6
  ],
  "boxes": [
    {
      "char": "六",
      "bbox": {
        "x_min": 0.2890625,
        "y_min": 0.2109375,
        "x_max": 0.419921875,
        "y_max": 0.369140625
      }
    },
    {
      "char": "二",
      "bbox": {
        "x_min": 0.49609375,
        "y_min": 0.193359375,
        "x_max": 0.60546875,
        "y_max": 0.255859375
      }
    },
    {
      "char": "七",
      "bbox": {
        "x_min": 0.583984375,
        "y_min": 0.677734375,
        "x_max": 0.841796875,
        "y_max": 0.888671875
      }
    },
    {
      "char": "四",
      "bbox": {
        "x_min": 0.76953125,
        "y_min": 0.435546875,
        "x_max": 0.85546875,
        "y_max": 0.529296875
      }
    }
  ]
}