{
  "image_filename": "00018.png",
  "visualization_filename": "00018_vis.png",
  "mnist_digits": [
    6,
    3,
    9,
    3,
    5,
    0,
    4,
    9,
    9,
    8,
    0,
    1,
    3,
    4,
    6,
    8,
    2,
    8
  ],
  "boxes": [
    {
      "char": "九",
      "bbox": {
        "x_min": 0.041015625,
        "y_min": 0.529296875,
        "x_max": 0.21875,
        "y_max": 0.70703125
      }
    },
    {
      "char": "万",
      "bbox": {
        "x_min": 0.4609375,
        "y_min": 0.05078125,
        "x_max": 0.5546875,
        "y_max": 0.22265625
      }
    },
    {
      "char": "万",
      "bbox": {
        "x_min": 0.2734375,
        "y_min": 0.357421875,
        "x_max": 0.42578125,
        "y_max": 0.49609375
      }
    },
    {
      "char": "八",
      "bbox": {
        "x_min": 0.833984375,
        "y_min": 0.65625,
        "x_max": 0.875,
        "y_max": 0.701171875
      }
    },
    {
      "char": "八",
      "bbox": {
        "x_min": 0.150390625,
        "y_min": 0.421875,
        "x_max": 0.212890625,
        "y_max": 0.50390625
      }
    },
    {
      "char": "二",
      "bbox": {
        "x_min": 0.40625,
        "y_min": 0.318359375,
        "x_max": 0.5,
        "y_max": 0.388671875
      }
    }
  ]
}