{
  "image_filename": "00017.png",
  "visualization_filename": "00017_vis.png",
  "mnist_digits": [
    1,
    1,
    7,
    9,
    8,
    1,
    8
  ],
  "boxes": [
    {
      "char": "六",
      "bbox": {
        "x_min": 0.787109375,
        "y_min": 0.193359375,
        "x_max": 0.98046875,
        "y_max": 0.416015625
      }
    },
    {
      "char": "二",
      "bbox": {
        "x_min": 0.365234375,
        "y_min": 0.810546875,
        "x_max": 0.458984375,
        "y_max": 0.966796875
      }
    }
  ]
}