{
  "image_filename": "00019.png",
  "visualization_filename": "00019_vis.png",
  "mnist_digits": [
    0,
    7,
    3,
    0,
    2,
    8,
    2,
    2,
    0,
    3,
    1,
    1,
    9,
    8,
    4,
    1,
    1
  ],
  "boxes": [
    {
      "char": "九",
      "bbox": {
        "x_min": 0.38671875,
        "y_min": 0.435546875,
        "x_max": 0.734375,
        "y_max": 0.794921875
      }
    },
    {
      "char": "三",
      "bbox": {
        "x_min": 0.3984375,
        "y_min": 0.130859375,
        "x_max": 0.4609375,
        "y_max": 0.197265625
      }
    },
    {
      "char": "百",
      "bbox": {
        "x_min": 0.76171875,
        "y_min": 0.6171875,
        "x_max": 0.8671875,
        "y_max": 0.775390625
      }
    },
    {
      "char": "零",
      "bbox": {
        "x_min": 0.037109375,
        "y_min": 0.4453125,
        "x_max": 0.123046875,
        "y_max": 0.59375
      }
    },
    {
      "char": "亿",
      "bbox": {
        "x_min": 0.638671875,
        "y_min": 0.310546875,
        "x_max": 0.697265625,
        "y_max": 0.369140625
      }
    },
    {
      "char": "一",
      "bbox": {
        "x_min": 0.83984375,
        "y_min": 0.013671875,
        "x_max": 0.8828125,
        "y_max": 0.056640625
      }
    }
  ]
}