{
  "image_filename": "00016.png",
  "visualization_filename": "00016_vis.png",
  "mnist_digits": [
    2,
    7,
    1,
    1,
    9,
    8,
    6,
    3,
    4,
    6,
    2,
    0,
    0,
    0,
    7,
    9,
    1,
    0,
    8,
    7,
    4,
    1,
    5,
    4,
    3,
    1,
    5,
    8,
    6,
    2,
    5
  ],
  "boxes": [
    {
      "char": "七",
      "bbox": {
        "x_min": 0.052734375,
        "y_min": 0,
        "x_max": 0.1875,
        "y_max": 0.10546875
      }
    },
    {
      "char": "三",
      "bbox": {
        "x_min": 0.470703125,
        "y_min": 0.615234375,
        "x_max": 0.52734375,
        "y_max": 0.65625
      }
    },
    {
      "char": "亿",
      "bbox": {
        "x_min": 0.134765625,
        "y_min": 0.5078125,
        "x_max": 0.291015625,
        "y_max": 0.71875
      }
    },
    {
      "char": "万",
      "bbox": {
        "x_min": 0.67578125,
        "y_min": 0.521484375,
        "x_max": 0.720703125,
        "y_max": 0.578125
      }
    }
  ]
}