{
  "image_filename": "00012.png",
  "visualization_filename": "00012_vis.png",
  "mnist_digits": [
    7,
    0,
    7,
    4,
    3,
    1,
    9,
    0,
    6,
    1,
    2,
    2
  ],
  "boxes": [
    {
      "char": "六",
      "bbox": {
        "x_min": 0.515625,
        "y_min": 0.197265625,
        "x_max": 0.66796875,
        "y_max": 0.384765625
      }
    },
    {
      "char": "万",
      "bbox": {
        "x_min": 0.037109375,
        "y_min": 0.423828125,
        "x_max": 0.376953125,
        "y_max": 0.869140625
      }
    },
    {
      "char": "二",
      "bbox": {
        "x_min": 0.39453125,
        "y_min": 0.43359375,
        "x_max": 0.4453125,
        "y_max": 0.466796875
      }
    },
    {
      "char": "万",
      "bbox": {
        "x_min": 0.328125,
        "y_min": 0.171875,
        "x_max": 0.4375,
        "y_max": 0.3203125
      }
    }
  ]
}