{
  "image_filename": "00011.png",
  "visualization_filename": "00011_vis.png",
  "mnist_digits": [
    9,
    9,
    0,
    9,
    1,
    7,
    7,
    0,
    3,
    2,
    9,
    6,
    0,
    4,
    8,
    5,
    3,
    5,
    5,
    1
  ],
  "boxes": [
    {
      "char": "二",
      "bbox": {
        "x_min": 0.7109375,
        "y_min": 0.638671875,
        "x_max": 0.9609375,
        "y_max": 0.818359375
      }
    },
    {
      "char": "十",
      "bbox": {
        "x_min": 0.162109375,
        "y_min": 0.755859375,
        "x_max": 0.220703125,
        "y_max": 0.81640625
      }
    },
    {
      "char": "五",
      "bbox": {
        "x_min": 0.287109375,
        "y_min": 0.63671875,
        "x_max": 0.365234375,
        "y_max": 0.7265625
      }
    },
    {
      "char": "十",
      "bbox": {
        "x_min": 0.298828125,
        "y_min": 0.248046875,
        "x_max": 0.501953125,
        "y_max": 0.572265625
      }
    },
    {
      "char": "九",
      "bbox": {
        "x_min": 0.4453125,
        "y_min": 0.568359375,
        "x_max": 0.6953125,
        "y_max": 0.802734375
      }
    },
    {
      "char": "三",
      "bbox": {
        "x_min": 0.767578125,
        "y_min": 0.861328125,
        "x_max": 0.818359375,
        "y_max": 0.908203125
      }
    }
  ]
}