{
  "image_filename": "00014.png",
  "visualization_filename": "00014_vis.png",
  "mnist_digits": [
    5,
    3,
    9,
    6,
    5,
    5,
    6,
    7,
    8,
    3,
    9,
    1,
    1,
    2,
    7,
    5,
    4,
    6,
    8,
    1,
    1,
    0,
    7,
    1,
    7,
    5
  ],
  "boxes": [
    {
      "char": "零",
      "bbox": {
        "x_min": 0.595703125,
        "y_min": 0.375,
        "x_max": 0.73046875,
        "y_max": 0.544921875
      }
    },
    {
      "char": "八",
      "bbox": {
        "x_min": 0.337890625,
        "y_min": 0.5390625,
        "x_max": 0.42578125,
        "y_max": 0.650390625
      }
    },
    {
      "char": "十",
      "bbox": {
        "x_min": 0.146484375,
        "y_min": 0.412109375,
        "x_max": 0.298828125,
        "y_max": 0.615234375
      }
    },
    {
      "char": "十",
      "bbox": {
        "x_min": 0.390625,
        "y_min": 0.205078125,
        "x_max": 0.595703125,
        "y_max": 0.41015625
      }
    }
  ]
}