{
  "image_filename": "00026.png",
  "visualization_filename": "00026_vis.png",
  "mnist_digits": [
    0,
    4,
    5,
    2,
    5,
    5,
    2,
    7,
    2,
    4,
    1,
    5,
    1,
    5,
    9,
    8,
    1,
    8,
    5,
    3,
    6,
    4,
    5,
    9,
    7
  ],
  "boxes": [
    {
      "char": "千",
      "bbox": {
        "x_min": 0.64453125,
        "y_min": 0.56640625,
        "x_max": 0.73828125,
        "y_max": 0.677734375
      }
    },
    {
      "char": "一",
      "bbox": {
        "x_min": 0.283203125,
        "y_min": 0.6484375,
        "x_max": 0.462890625,
        "y_max": 0.71875
      }
    },
    {
      "char": "亿",
      "bbox": {
        "x_min": 0.015625,
        "y_min": 0.33984375,
        "x_max": 0.25390625,
        "y_max": 0.578125
      }
    },
    {
      "char": "万",
      "bbox": {
        "x_min": 0.603515625,
        "y_min": 0.021484375,
        "x_max": 0.8359375,
        "y_max": 0.322265625
      }
    }
  ]
}