{
  "image_filename": "00028.png",
  "visualization_filename": "00028_vis.png",
  "mnist_digits": [
    0,
    7,
    7,
    3,
    2,
    1,
    8,
    1,
    1,
    9
  ],
  "boxes": [
    {
      "char": "二",
      "bbox": {
        "x_min": 0.814453125,
        "y_min": 0.140625,
        "x_max": 0.908203125,
        "y_max": 0.1953125
      }
    },
    {
      "char": "亿",
      "bbox": {
        "x_min": 0.55859375,
        "y_min": 0.1484375,
        "x_max": 0.693359375,
        "y_max": 0.259765625
      }
    },
    {
      "char": "千",
      "bbox": {
        "x_min": 0.0546875,
        "y_min": 0.29296875,
        "x_max": 0.232421875,
        "y_max": 0.5546875
      }
    },
    {
      "char": "二",
      "bbox": {
        "x_min": 0.703125,
        "y_min": 0.38671875,
        "x_max": 0.779296875,
        "y_max": 0.451171875
      }
    },
    {
      "char": "二",
      "bbox": {
        "x_min": 0.392578125,
        "y_min": 0.677734375,
        "x_max": 0.666015625,
        "y_max": 0.841796875
      }
    },
    {
      "char": "四",
      "bbox": {
        "x_min": 0.015625,
        "y_min": 0.517578125,
        "x_max": 0.109375,
        "y_max": 0.62890625
      }
    },
    {
      "char": "三",
      "bbox": {
        "x_min": 0.3359375,
        "y_min": 0.255859375,
        "x_max": 0.5546875,
        "y_max": 0.505859375
      }
    },
    {
      "char": "千",
      "bbox": {
        "x_min": 0.251953125,
        "y_min": 0.193359375,
        "x_max": 0.392578125,
        "y_max": 0.349609375
      }
    }
  ]
}