{
  "image_filename": "00029.png",
  "visualization_filename": "00029_vis.png",
  "mnist_digits": [
    7,
    3,
    4,
    1,
    6,
    6,
    9,
    3,
    2,
    0,
    7,
    9,
    9,
    7,
    4,
    1,
    6,
    7,
    6,
    2,
    7,
    2,
    5,
    9,
    8,
    7,
    3,
    5,
    7,
    6,
    2
  ],
  "boxes": [
    {
      "char": "百",
      "bbox": {
        "x_min": 0.482421875,
        "y_min": 0.521484375,
        "x_max": 0.537109375,
        "y_max": 0.611328125
      }
    },
    {
      "char": "一",
      "bbox": {
        "x_min": 0.7109375,
        "y_min": 0.376953125,
        "x_max": 0.75,
        "y_max": 0.39453125
      }
    },
    {
      "char": "万",
      "bbox": {
        "x_min": 0.404296875,
        "y_min": 0.4609375,
        "x_max": 0.470703125,
        "y_max": 0.58203125
      }
    },
    {
      "char": "四",
      "bbox": {
        "x_min": 0.025390625,
        "y_min": 0.357421875,
        "x_max": 0.251953125,
        "y_max": 0.5625
      }
    },
    {
      "char": "百",
      "bbox": {
        "x_min": 0.76171875,
        "y_min": 0.759765625,
        "x_max": 0.85546875,
        "y_max": 0.935546875
      }
    },
    {
      "char": "万",
      "bbox": {
        "x_min": 0.537109375,
        "y_min": 0.13671875,
        "x_max": 0.583984375,
        "y_max": 0.1953125
      }
    }
  ]
}