{
  "image_filename": "00027.png",
  "visualization_filename": "00027_vis.png",
  "mnist_digits": [
    5,
    3,
    8,
    6,
    3,
    2,
    9,
    1,
    2,
    4
  ],
  "boxes": [
    {
      "char": "五",
      "bbox": {
        "x_min": 0.75,
        "y_min": 0.54296875,
        "x_max": 0.9375,
        "y_max": 0.68359375
      }
    },
    {
      "char": "二",
      "bbox": {
        "x_min": 0.650390625,
        "y_min": 0.091796875,
        "x_max": 0.732421875,
        "y_max": 0.14453125
      }
    }
  ]
}