{
  "image_filename": "00025.png",
  "visualization_filename": "00025_vis.png",
  "mnist_digits": [
    4,
    3,
    9,
    2,
    1,
    1,
    2,
    2,
    8,
    7,
    5,
    3,
    6,
    8
  ],
  "boxes": [
    {
      "char": "十",
      "bbox": {
        "x_min": 0.275390625,
        "y_min": 0.5546875,
        "x_max": 0.296875,
        "y_max": 0.6015625
      }
    },
    {
      "char": "千",
      "bbox": {
        "x_min": 0.841796875,
        "y_min": 0.7578125,
        "x_max": 0.880859375,
        "y_max": 0.8125
      }
    },
    {
      "char": "二",
      "bbox": {
        "x_min": 0.24609375,
        "y_min": 0.51953125,
        "x_max": 0.76171875,
        "y_max": 0.857421875
      }
    }
  ]
}