{
  "image_filename": "00022.png",
  "visualization_filename": "00022_vis.png",
  "mnist_digits": [
    1,
    0,
    5,
    4,
    9,
    3,
    9,
    2,
    9,
    4,
    5,
    2,
    4,
    8,
    9,
    6,
    0,
    0,
    8
  ],
  "boxes": [
    {
      "char": "二",
      "bbox": {
        "x_min": 0.23046875,
        "y_min": 0.453125,
        "x_max": 0.388671875,
        "y_max": 0.58203125
      }
    },
    {
      "char": "九",
      "bbox": {
        "x_min": 0.392578125,
        "y_min": 0.1328125,
        "x_max": 0.431640625,
        "y_max": 0.189453125
      }
    },
    {
      "char": "七",
      "bbox": {
        "x_min": 0.087890625,
        "y_min": 0.5859375,
        "x_max": 0.1328125,
        "y_max": 0.625
      }
    },
    {
      "char": "百",
      "bbox": {
        "x_min": 0.556640625,
        "y_min": 0.744140625,
        "x_max": 0.671875,
        "y_max": 0.87890625
      }
    },
    {
      "char": "零",
      "bbox": {
        "x_min": 0.009765625,
        "y_min": 0.18359375,
        "x_max": 0.134765625,
        "y_max": 0.37109375
      }
    }
  ]
}