{
  "image_filename": "00024.png",
  "visualization_filename": "00024_vis.png",
  "mnist_digits": [
    9,
    8,
    1,
    8,
    4,
    2
  ],
  "boxes": [
    {
      "char": "零",
      "bbox": {
        "x_min": 0.169921875,
        "y_min": 0.060546875,
        "x_max": 0.50390625,
        "y_max": 0.466796875
      }
    },
    {
      "char": "万",
      "bbox": {
        "x_min": 0.767578125,
        "y_min": 0.44921875,
        "x_max": 0.998046875,
        "y_max": 0.78515625
      }
    },
    {
      "char": "四",
      "bbox": {
        "x_min": 0.896484375,
        "y_min": 0.341796875,
        "x_max": 0.94140625,
        "y_max": 0.3828125
      }
    }
  ]
}