{
  "image_filename": "00037.png",
  "visualization_filename": "00037_vis.png",
  "mnist_digits": [
    0,
    9,
    6,
    1,
    3,
    4,
    0,
    3,
    4,
    1,
    9,
    8,
    5,
    8,
    3,
    7,
    7,
    1,
    5,
    4,
    5,
    3,
    3,
    1,
    4,
    1,
    5
  ],
  "boxes": [
    {
      "char": "七",
      "bbox": {
        "x_min": 0.158203125,
        "y_min": 0.146484375,
        "x_max": 0.2265625,
        "y_max": 0.20703125
      }
    },
    {
      "char": "百",
      "bbox": {
        "x_min": 0.560546875,
        "y_min": 0.51953125,
        "x_max": 0.81640625,
        "y_max": 0.841796875
      }
    }
  ]
}