{
  "image_filename": "00033.png",
  "visualization_filename": "00033_vis.png",
  "mnist_digits": [
    9,
    9,
    4,
    6,
    6,
    4,
    6,
    2,
    0,
    1,
    5,
    6,
    2,
    5
  ],
  "boxes": [
    {
      "char": "六",
      "bbox": {
        "x_min": 0.265625,
        "y_min": 0.052734375,
        "x_max": 0.7265625,
        "y_max": 0.556640625
      }
    },
    {
      "char": "零",
      "bbox": {
        "x_min": 0.837890625,
        "y_min": 0.75390625,
        "x_max": 0.9296875,
        "y_max": 0.859375
      }
    }
  ]
}