{
  "image_filename": "00031.png",
  "visualization_filename": "00031_vis.png",
  "mnist_digits": [
    5,
    8,
    8,
    8,
    6,
    2,
    1,
    7,
    8,
    6,
    9,
    8,
    1,
    4,
    7,
    4,
    8,
    1,
    6,
    3,
    3,
    2
  ],
  "boxes": [
    {
      "char": "一",
      "bbox": {
        "x_min": 0.083984375,
        "y_min": 0.689453125,
        "x_max": 0.177734375,
        "y_max": 0.736328125
      }
    },
    {
      "char": "三",
      "bbox": {
        "x_min": 0.2109375,
        "y_min": 0.421875,
        "x_max": 0.345703125,
        "y_max": 0.52734375
      }
    },
    {
      "char": "五",
      "bbox": {
        "x_min": 0.01171875,
        "y_min": 0.15625,
        "x_max": 0.177734375,
        "y_max": 0.33984375
      }
    },
    {
      "char": "零",
      "bbox": {
        "x_min": 0.146484375,
        "y_min": 0.568359375,
        "x_max": 0.208984375,
        "y_max": 0.685546875
      }
    },
    {
      "char": "九",
      "bbox": {
        "x_min": 0.80859375,
        "y_min": 0.0625,
        "x_max": 0.99609375,
        "y_max": 0.2890625
      }
    },
    {
      "char": "千",
      "bbox": {
        "x_min": 0.30859375,
        "y_min": 0.65234375,
        "x_max": 0.55078125,
        "y_max": 0.94140625
      }
    },
    {
      "char": "七",
      "bbox": {
        "x_min": 0.515625,
        "y_min": 0.0859375,
        "x_max": 0.6875,
        "y_max": 0.2578125
      }
    },
    {
      "char": "二",
      "bbox": {
        "x_min": 0.03515625,
        "y_min": 0.4453125,
        "x_max": 0.080078125,
        "y_max": 0.48828125
      }
    }
  ]
}