{
  "image_filename": "00035.png",
  "visualization_filename": "00035_vis.png",
  "mnist_digits": [
    5,
    9,
    2,
    4,
    5,
    0,
    6,
    0,
    7,
    5,
    9,
    5,
    6,
    9
  ],
  "boxes": [
    {
      "char": "千",
      "bbox": {
        "x_min": 0.1015625,
        "y_min": 0.146484375,
        "x_max": 0.1875,
        "y_max": 0.267578125
      }
    },
    {
      "char": "万",
      "bbox": {
        "x_min": 0.447265625,
        "y_min": 0.109375,
        "x_max": 0.48046875,
        "y_max": 0.171875
      }
    },
    {
      "char": "七",
      "bbox": {
        "x_min": 0.59765625,
        "y_min": 0.0703125,
        "x_max": 0.953125,
        "y_max": 0.42578125
      }
    },
    {
      "char": "五",
      "bbox": {
        "x_min": 0.22265625,
        "y_min": 0.173828125,
        "x_max": 0.33984375,
        "y_max": 0.294921875
      }
    },
    {
      "char": "九",
      "bbox": {
        "x_min": 0.318359375,
        "y_min": 0.619140625,
        "x_max": 0.365234375,
        "y_max": 0.662109375
      }
    },
    {
      "char": "百",
      "bbox": {
        "x_min": 0.373046875,
        "y_min": 0.333984375,
        "x_max": 0.546875,
        "y_max": 0.796875
      }
    }
  ]
}