{
  "image_filename": "00030.png",
  "visualization_filename": "00030_vis.png",
  "mnist_digits": [
    4,
    1,
    4,
    2,
    7,
    6,
    8,
    2,
    3,
    4,
    1
  ],
  "boxes": [
    {
      "char": "六",
      "bbox": {
        "x_min": 0.421875,
        "y_min": 0.548828125,
        "x_max": 0.51953125,
        "y_max": 0.705078125
      }
    },
    {
      "char": "三",
      "bbox": {
        "x_min": 0.189453125,
        "y_min": 0.068359375,
        "x_max": 0.298828125,
        "y_max": 0.240234375
      }
    }
  ]
}