{
  "image_filename": "00039.png",
  "visualization_filename": "00039_vis.png",
  "mnist_digits": [
    3,
    7,
    8,
    1,
    6,
    3,
    2,
    0,
    0,
    7,
    7,
    5,
    3,
    9,
    1,
    5,
    0,
    4,
    9,
    4,
    8,
    8,
    4,
    0,
    2,
    2,
    3,
    6,
    1
  ],
  "boxes": [
    {
      "char": "三",
      "bbox": {
        "x_min": 0.703125,
        "y_min": 0.458984375,
        "x_max": 0.919921875,
        "y_max": 0.634765625
      }
    },
    {
      "char": "十",
      "bbox": {
        "x_min": 0.408203125,
        "y_min": 0.5859375,
        "x_max": 0.595703125,
        "y_max": 0.849609375
      }
    },
    {
      "char": "六",
      "bbox": {
        "x_min": 0.8359375,
        "y_min": 0.140625,
        "x_max": 0.896484375,
        "y_max": 0.22265625
      }
    }
  ]
}