{
  "image_filename": "00032.png",
  "visualization_filename": "00032_vis.png",
  "mnist_digits": [
    9,
    6,
    4,
    3,
    8,
    1,
    6,
    1,
    1,
    8,
    5,
    6,
    8,
    3,
    2,
    9,
    2,
    1,
    8,
    9,
    4,
    3,
    0,
    1,
    6,
    0,
    0,
    2,
    7
  ],
  "boxes": [
    {
      "char": "二",
      "bbox": {
        "x_min": 0.576171875,
        "y_min": 0.220703125,
        "x_max": 0.888671875,
        "y_max": 0.400390625
      }
    },
    {
      "char": "十",
      "bbox": {
        "x_min": 0.296875,
        "y_min": 0.798828125,
        "x_max": 0.384765625,
        "y_max": 0.95703125
      }
    },
    {
      "char": "十",
      "bbox": {
        "x_min": 0.478515625,
        "y_min": 0.251953125,
        "x_max": 0.576171875,
        "y_max": 0.384765625
      }
    },
    {
      "char": "八",
      "bbox": {
        "x_min": 0.44921875,
        "y_min": 0.599609375,
        "x_max": 0.63671875,
        "y_max": 0.78125
      }
    },
    {
      "char": "七",
      "bbox": {
        "x_min": 0.693359375,
        "y_min": 0.7421875,
        "x_max": 0.8203125,
        "y_max": 0.875
      }
    }
  ]
}