{
  "image_filename": "00034.png",
  "visualization_filename": "00034_vis.png",
  "mnist_digits": [
    0,
    4,
    2,
    3,
    0,
    1,
    1,
    4,
    7,
    7,
    4,
    5,
    7,
    8,
    1,
    7,
    8,
    0,
    5,
    6,
    1,
    3,
    3,
    9,
    3,
    1,
    1,
    0,
    3,
    7,
    4,
    5
  ],
  "boxes": [
    {
      "char": "十",
      "bbox": {
        "x_min": 0.712890625,
        "y_min": 0.048828125,
        "x_max": 0.755859375,
        "y_max": 0.111328125
      }
    },
    {
      "char": "七",
      "bbox": {
        "x_min": 0.44140625,
        "y_min": 0.892578125,
        "x_max": 0.46875,
        "y_max": 0.9140625
      }
    },
    {
      "char": "七",
      "bbox": {
        "x_min": 0.83203125,
        "y_min": 0.744140625,
        "x_max": 0.876953125,
        "y_max": 0.79296875
      }
    }
  ]
}