{
  "image_filename": "00042.png",
  "visualization_filename": "00042_vis.png",
  "mnist_digits": [
    3,
    6,
    3,
    5,
    3,
    4,
    0,
    2,
    1,
    5,
    4,
    3,
    4,
    1,
    2,
    9,
    0,
    2,
    8,
    1,
    0,
    1,
    0
  ],
  "boxes": [
    {
      "char": "九",
      "bbox": {
        "x_min": 0.8125,
        "y_min": 0.767578125,
        "x_max": 0.984375,
        "y_max": 0.962890625
      }
    },
    {
      "char": "四",
      "bbox": {
        "x_min": 0.634765625,
        "y_min": 0.189453125,
        "x_max": 0.833984375,
        "y_max": 0.39453125
      }
    },
    {
      "char": "千",
      "bbox": {
        "x_min": 0.513671875,
        "y_min": 0.0625,
        "x_max": 0.638671875,
        "y_max": 0.2734375
      }
    },
    {
      "char": "七",
      "bbox": {
        "x_min": 0.345703125,
        "y_min": 0.369140625,
        "x_max": 0.73046875,
        "y_max": 0.73828125
      }
    },
    {
      "char": "一",
      "bbox": {
        "x_min": 0.291015625,
        "y_min": 0.12890625,
        "x_max": 0.416015625,
        "y_max": 0.19140625
      }
    },
    {
      "char": "百",
      "bbox": {
        "x_min": 0.419921875,
        "y_min": 0.802734375,
        "x_max": 0.447265625,
        "y_max": 0.86328125
      }
    }
  ]
}