{
  "image_filename": "00048.png",
  "visualization_filename": "00048_vis.png",
  "mnist_digits": [
    6,
    2,
    3,
    0,
    1,
    2,
    7,
    8,
    7,
    6,
    3,
    4,
    7,
    1,
    7,
    0,
    0,
    2,
    2,
    7,
    8,
    1,
    1,
    6,
    7,
    9,
    9,
    1,
    9,
    1
  ],
  "boxes": [
    {
      "char": "万",
      "bbox": {
        "x_min": 0.630859375,
        "y_min": 0.40625,
        "x_max": 0.705078125,
        "y_max": 0.52734375
      }
    },
    {
      "char": "九",
      "bbox": {
        "x_min": 0.107421875,
        "y_min": 0.1328125,
        "x_max": 0.208984375,
        "y_max": 0.24609375
      }
    },
    {
      "char": "五",
      "bbox": {
        "x_min": 0.87890625,
        "y_min": 0.638671875,
        "x_max": 0.94140625,
        "y_max": 0.681640625
      }
    },
    {
      "char": "一",
      "bbox": {
        "x_min": 0.369140625,
        "y_min": 0.78125,
        "x_max": 0.5,
        "y_max": 0.859375
      }
    }
  ]
}