{
  "image_filename": "00046.png",
  "visualization_filename": "00046_vis.png",
  "mnist_digits": [
    3,
    0,
    0,
    4,
    6,
    2,
    4,
    1,
    9,
    9,
    1,
    8,
    3,
    9,
    5,
    4,
    2
  ],
  "boxes": [
    {
      "char": "七",
      "bbox": {
        "x_min": 0.544921875,
        "y_min": 0.208984375,
        "x_max": 0.982421875,
        "y_max": 0.7109375
      }
    },
    {
      "char": "九",
      "bbox": {
        "x_min": 0.103515625,
        "y_min": 0.5078125,
        "x_max": 0.17578125,
        "y_max": 0.587890625
      }
    },
    {
      "char": "一",
      "bbox": {
        "x_min": 0.44921875,
        "y_min": 0.865234375,
        "x_max": 0.484375,
        "y_max": 0.89453125
      }
    },
    {
      "char": "三",
      "bbox": {
        "x_min": 0.6953125,
        "y_min": 0.001953125,
        "x_max": 0.748046875,
        "y_max": 0.0546875
      }
    }
  ]
}