{
  "image_filename": "00047.png",
  "visualization_filename": "00047_vis.png",
  "mnist_digits": [
    3,
    9,
    9,
    8,
    4,
    4,
    8,
    0,
    0,
    6,
    1,
    5
  ],
  "boxes": [
    {
      "char": "百",
      "bbox": {
        "x_min": 0.0625,
        "y_min": 0.619140625,
        "x_max": 0.21484375,
        "y_max": 0.826171875
      }
    },
    {
      "char": "七",
      "bbox": {
        "x_min": 0.2109375,
        "y_min": 0.12890625,
        "x_max": 0.3359375,
        "y_max": 0.24609375
      }
    },
    {
      "char": "九",
      "bbox": {
        "x_min": 0.6796875,
        "y_min": 0.52734375,
        "x_max": 0.892578125,
        "y_max": 0.771484375
      }
    },
    {
      "char": "八",
      "bbox": {
        "x_min": 0.416015625,
        "y_min": 0.484375,
        "x_max": 0.4609375,
        "y_max": 0.53515625
      }
    },
    {
      "char": "一",
      "bbox": {
        "x_min": 0.37109375,
        "y_min": 0.552734375,
        "x_max": 0.42578125,
        "y_max": 0.587890625
      }
    },
    {
      "char": "万",
      "bbox": {
        "x_min": 0.6171875,
        "y_min": 0.396484375,
        "x_max": 0.69140625,
        "y_max": 0.486328125
      }
    }
  ]
}