{
  "image_filename": "00041.png",
  "visualization_filename": "00041_vis.png",
  "mnist_digits": [
    0,
    8,
    1,
    3,
    6,
    1,
    7,
    9,
    4,
    8,
    6,
    5,
    7,
    0,
    7,
    5,
    3,
    4,
    6,
    5,
    2,
    4,
    7,
    9,
    9,
    5,
    4,
    4,
    0,
    2,
    6,
    4,
    8,
    0,
    7,
    8,
    5,
    2
  ],
  "boxes": [
    {
      "char": "一",
      "bbox": {
        "x_min": 0.15234375,
        "y_min": 0.515625,
        "x_max": 0.453125,
        "y_max": 0.63671875
      }
    }
  ]
}