{
  "image_filename": "00040.png",
  "visualization_filename": "00040_vis.png",
  "mnist_digits": [
    5,
    8,
    5,
    3,
    8,
    8,
    2,
    3,
    1,
    3,
    3,
    5,
    2,
    2,
    8,
    7,
    5
  ],
  "boxes": [
    {
      "char": "十",
      "bbox": {
        "x_min": 0.791015625,
        "y_min": 0.22265625,
        "x_max": 0.880859375,
        "y_max": 0.330078125
      }
    },
    {
      "char": "一",
      "bbox": {
        "x_min": 0.26171875,
        "y_min": 0.001953125,
        "x_max": 0.767578125,
        "y_max": 0.1796875
      }
    }
  ]
}