{
  "image_filename": "00045.png",
  "visualization_filename": "00045_vis.png",
  "mnist_digits": [
    6,
    6,
    7,
    6,
    2,
    2,
    2,
    2,
    1,
    9,
    8,
    6,
    2
  ],
  "boxes": [
    {
      "char": "二",
      "bbox": {
        "x_min": 0.12890625,
        "y_min": 0.744140625,
        "x_max": 0.341796875,
        "y_max": 0.8671875
      }
    },
    {
      "char": "九",
      "bbox": {
        "x_min": 0.42578125,
        "y_min": 0.044921875,
        "x_max": 0.75390625,
        "y_max": 0.349609375
      }
    },
    {
      "char": "九",
      "bbox": {
        "x_min": 0.67578125,
        "y_min": 0.185546875,
        "x_max": 0.96484375,
        "y_max": 0.498046875
      }
    },
    {
      "char": "一",
      "bbox": {
        "x_min": 0.26171875,
        "y_min": 0.642578125,
        "x_max": 0.30078125,
        "y_max": 0.658203125
      }
    },
    {
      "char": "万",
      "bbox": {
        "x_min": 0.083984375,
        "y_min": 0.109375,
        "x_max": 0.177734375,
        "y_max": 0.23046875
      }
    },
    {
      "char": "九",
      "bbox": {
        "x_min": 0.318359375,
        "y_min": 0.595703125,
        "x_max": 0.423828125,
        "y_max": 0.71875
      }
    }
  ]
}