{
  "image_filename": "00056.png",
  "visualization_filename": "00056_vis.png",
  "mnist_digits": [
    9,
    6,
    9,
    9,
    4,
    9,
    9,
    5,
    1,
    4,
    1,
    2,
    4,
    6,
    3,
    6,
    5,
    3
  ],
  "boxes": [
    {
      "char": "亿",
      "bbox": {
        "x_min": 0.201171875,
        "y_min": 0.701171875,
        "x_max": 0.3828125,
        "y_max": 0.970703125
      }
    },
    {
      "char": "二",
      "bbox": {
        "x_min": 0.73828125,
        "y_min": 0.765625,
        "x_max": 0.8203125,
        "y_max": 0.84375
      }
    },
    {
      "char": "九",
      "bbox": {
        "x_min": 0.109375,
        "y_min": 0.015625,
        "x_max": 0.572265625,
        "y_max": 0.595703125
      }
    }
  ]
}