{
  "image_filename": "00052.png",
  "visualization_filename": "00052_vis.png",
  "mnist_digits": [
    8,
    5,
    0,
    1,
    0,
    2,
    9,
    8,
    0,
    4,
    8,
    0,
    1,
    7,
    5,
    0,
    5
  ],
  "boxes": [
    {
      "char": "八",
      "bbox": {
        "x_min": 0.568359375,
        "y_min": 0.708984375,
        "x_max": 0.71875,
        "y_max": 0.943359375
      }
    },
    {
      "char": "零",
      "bbox": {
        "x_min": 0.14453125,
        "y_min": 0.01953125,
        "x_max": 0.30859375,
        "y_max": 0.29296875
      }
    },
    {
      "char": "八",
      "bbox": {
        "x_min": 0.6796875,
        "y_min": 0.22265625,
        "x_max": 0.796875,
        "y_max": 0.35546875
      }
    },
    {
      "char": "亿",
      "bbox": {
        "x_min": 0.478515625,
        "y_min": 0.1484375,
        "x_max": 0.61328125,
        "y_max": 0.3359375
      }
    },
    {
      "char": "亿",
      "bbox": {
        "x_min": 0.71484375,
        "y_min": 0.3359375,
        "x_max": 0.990234375,
        "y_max": 0.564453125
      }
    }
  ]
}