{
  "image_filename": "00057.png",
  "visualization_filename": "00057_vis.png",
  "mnist_digits": [
    1,
    4,
    0,
    4,
    1,
    6,
    8,
    0,
    0,
    6,
    5,
    2,
    7,
    2,
    3,
    3,
    5,
    2,
    1,
    9
  ],
  "boxes": [
    {
      "char": "二",
      "bbox": {
        "x_min": 0.50390625,
        "y_min": 0.03515625,
        "x_max": 0.650390625,
        "y_max": 0.1640625
      }
    },
    {
      "char": "亿",
      "bbox": {
        "x_min": 0.111328125,
        "y_min": 0.28125,
        "x_max": 0.287109375,
        "y_max": 0.427734375
      }
    },
    {
      "char": "亿",
      "bbox": {
        "x_min": 0.8984375,
        "y_min": 0.318359375,
        "x_max": 0.998046875,
        "y_max": 0.447265625
      }
    }
  ]
}