{
  "image_filename": "00051.png",
  "visualization_filename": "00051_vis.png",
  "mnist_digits": [
    6,
    3,
    9,
    0,
    6,
    5,
    9,
    8,
    9,
    2,
    5,
    0,
    5,
    8,
    5,
    3,
    7,
    6
  ],
  "boxes": [
    {
      "char": "零",
      "bbox": {
        "x_min": 0.6328125,
        "y_min": 0.169921875,
        "x_max": 0.71875,
        "y_max": 0.306640625
      }
    },
    {
      "char": "八",
      "bbox": {
        "x_min": 0.390625,
        "y_min": 0.123046875,
        "x_max": 0.51953125,
        "y_max": 0.23828125
      }
    },
    {
      "char": "五",
      "bbox": {
        "x_min": 0.75,
        "y_min": 0.677734375,
        "x_max": 0.9375,
        "y_max": 0.888671875
      }
    },
    {
      "char": "三",
      "bbox": {
        "x_min": 0.498046875,
        "y_min": 0.740234375,
        "x_max": 0.5625,
        "y_max": 0.79296875
      }
    },
    {
      "char": "六",
      "bbox": {
        "x_min": 0.4765625,
        "y_min": 0.384765625,
        "x_max": 0.66015625,
        "y_max": 0.60546875
      }
    },
    {
      "char": "千",
      "bbox": {
        "x_min": 0.22265625,
        "y_min": 0.646484375,
        "x_max": 0.265625,
        "y_max": 0.712890625
      }
    },
    {
      "char": "八",
      "bbox": {
        "x_min": 0.111328125,
        "y_min": 0.341796875,
        "x_max": 0.212890625,
        "y_max": 0.431640625
      }
    },
    {
      "char": "千",
      "bbox": {
        "x_min": 0.5625,
        "y_min": 0.109375,
        "x_max": 0.609375,
        "y_max": 0.185546875
      }
    }
  ]
}