{
  "image_filename": "00055.png",
  "visualization_filename": "00055_vis.png",
  "mnist_digits": [
    1,
    0,
    5,
    0,
    9,
    8,
    9,
    8,
    0,
    8,
    7,
    4,
    4,
    6,
    6,
    6,
    8,
    7,
    3,
    4
  ],
  "boxes": [
    {
      "char": "五",
      "bbox": {
        "x_min": 0.291015625,
        "y_min": 0.119140625,
        "x_max": 0.533203125,
        "y_max": 0.392578125
      }
    },
    {
      "char": "四",
      "bbox": {
        "x_min": 0.037109375,
        "y_min": 0.810546875,
        "x_max": 0.119140625,
        "y_max": 0.904296875
      }
    },
    {
      "char": "五",
      "bbox": {
        "x_min": 0.525390625,
        "y_min": 0.720703125,
        "x_max": 0.705078125,
        "y_max": 0.853515625
      }
    }
  ]
}