{
  "image_filename": "00053.png",
  "visualization_filename": "00053_vis.png",
  "mnist_digits": [
    6,
    1,
    4,
    1
  ],
  "boxes": [
    {
      "char": "零",
      "bbox": {
        "x_min": 0.55859375,
        "y_min": 0.19921875,
        "x_max": 0.99609375,
        "y_max": 0.837890625
      }
    },
    {
      "char": "八",
      "bbox": {
        "x_min": 0.140625,
        "y_min": 0.78125,
        "x_max": 0.1796875,
        "y_max": 0.84375
      }
    },
    {
      "char": "千",
      "bbox": {
        "x_min": 0.1796875,
        "y_min": 0.013671875,
        "x_max": 0.2421875,
        "y_max": 0.09765625
      }
    },
    {
      "char": "三",
      "bbox": {
        "x_min": 0.150390625,
        "y_min": 0.158203125,
        "x_max": 0.638671875,
        "y_max": 0.646484375
      }
    },
    {
      "char": "一",
      "bbox": {
        "x_min": 0.373046875,
        "y_min": 0.611328125,
        "x_max": 0.5,
        "y_max": 0.708984375
      }
    }
  ]
}