{
  "image_filename": "00050.png",
  "visualization_filename": "00050_vis.png",
  "mnist_digits": [
    5,
    8,
    5,
    6,
    4,
    3,
    7,
    0,
    6,
    2,
    8,
    6,
    1,
    3,
    2,
    9,
    5,
    3,
    2,
    3,
    4,
    4,
    1,
    7,
    8,
    8,
    4
  ],
  "boxes": [
    {
      "char": "百",
      "bbox": {
        "x_min": 0.822265625,
        "y_min": 0.43359375,
        "x_max": 0.91015625,
        "y_max": 0.5546875
      }
    },
    {
      "char": "亿",
      "bbox": {
        "x_min": 0.048828125,
        "y_min": 0.6796875,
        "x_max": 0.294921875,
        "y_max": 0.8671875
      }
    },
    {
      "char": "二",
      "bbox": {
        "x_min": 0.45703125,
        "y_min": 0.541015625,
        "x_max": 0.494140625,
        "y_max": 0.57421875
      }
    },
    {
      "char": "十",
      "bbox": {
        "x_min": 0.166015625,
        "y_min": 0.310546875,
        "x_max": 0.212890625,
        "y_max": 0.396484375
      }
    },
    {
      "char": "零",
      "bbox": {
        "x_min": 0.43359375,
        "y_min": 0.87890625,
        "x_max": 0.494140625,
        "y_max": 0.955078125
      }
    },
    {
      "char": "千",
      "bbox": {
        "x_min": 0.537109375,
        "y_min": 0.26171875,
        "x_max": 0.693359375,
        "y_max": 0.42578125
      }
    },
    {
      "char": "七",
      "bbox": {
        "x_min": 0.443359375,
        "y_min": 0.13671875,
        "x_max": 0.494140625,
        "y_max": 0.1875
      }
    }
  ]
}