{
  "image_filename": "00058.png",
  "visualization_filename": "00058_vis.png",
  "mnist_digits": [
    1,
    4,
    6,
    3,
    5,
    1,
    6,
    6,
    1,
    5
  ],
  "boxes": [
    {
      "char": "五",
      "bbox": {
        "x_min": 0.537109375,
        "y_min": 0.787109375,
        "x_max": 0.677734375,
        "y_max": 0.927734375
      }
    },
    {
      "char": "三",
      "bbox": {
        "x_min": 0.15234375,
        "y_min": 0.7890625,
        "x_max": 0.376953125,
        "y_max": 0.955078125
      }
    },
    {
      "char": "六",
      "bbox": {
        "x_min": 0.197265625,
        "y_min": 0.54296875,
        "x_max": 0.373046875,
        "y_max": 0.759765625
      }
    },
    {
      "char": "八",
      "bbox": {
        "x_min": 0.80078125,
        "y_min": 0.337890625,
        "x_max": 0.94140625,
        "y_max": 0.42578125
      }
    },
    {
      "char": "百",
      "bbox": {
        "x_min": 0.47265625,
        "y_min": 0.263671875,
        "x_max": 0.744140625,
        "y_max": 0.5234375
      }
    },
    {
      "char": "九",
      "bbox": {
        "x_min": 0.333984375,
        "y_min": 0.38671875,
        "x_max": 0.515625,
        "y_max": 0.615234375
      }
    },
    {
      "char": "四",
      "bbox": {
        "x_min": 0.623046875,
        "y_min": 0.55078125,
        "x_max": 0.79296875,
        "y_max": 0.685546875
      }
    }
  ]
}