{
  "image_filename": "00059.png",
  "visualization_filename": "00059_vis.png",
  "mnist_digits": [
    7,
    4,
    0,
    2,
    0,
    5,
    3,
    6,
    2,
    1,
    0,
    5,
    0,
    2,
    2
  ],
  "boxes": [
    {
      "char": "九",
      "bbox": {
        "x_min": 0.80078125,
        "y_min": 0.11328125,
        "x_max": 0.95703125,
        "y_max": 0.337890625
      }
    },
    {
      "char": "九",
      "bbox": {
        "x_min": 0.373046875,
        "y_min": 0.10546875,
        "x_max": 0.8828125,
        "y_max": 0.63671875
      }
    },
    {
      "char": "八",
      "bbox": {
        "x_min": 0.359375,
        "y_min": 0.7578125,
        "x_max": 0.6640625,
        "y_max": 0.9921875
      }
    }
  ]
}