{
  "image_filename": "00054.png",
  "visualization_filename": "00054_vis.png",
  "mnist_digits": [
    1,
    6,
    5,
    5,
    7,
    5,
    9,
    2,
    9,
    0,
    9,
    9,
    2,
    3,
    3,
    3,
    1,
    1,
    8,
    1,
    9
  ],
  "boxes": [
    {
      "char": "九",
      "bbox": {
        "x_min": 0.48828125,
        "y_min": 0.0546875,
        "x_max": 0.623046875,
        "y_max": 0.201171875
      }
    },
    {
      "char": "十",
      "bbox": {
        "x_min": 0.787109375,
        "y_min": 0.517578125,
        "x_max": 0.82421875,
        "y_max": 0.572265625
      }
    },
    {
      "char": "二",
      "bbox": {
        "x_min": 0.02734375,
        "y_min": 0.625,
        "x_max": 0.140625,
        "y_max": 0.6875
      }
    },
    {
      "char": "亿",
      "bbox": {
        "x_min": 0.115234375,
        "y_min": 0.23046875,
        "x_max": 0.490234375,
        "y_max": 0.60546875
      }
    },
    {
      "char": "九",
      "bbox": {
        "x_min": 0.0234375,
        "y_min": 0.076171875,
        "x_max": 0.14453125,
        "y_max": 0.193359375
      }
    },
    {
      "char": "五",
      "bbox": {
        "x_min": 0.2578125,
        "y_min": 0.76953125,
        "x_max": 0.31640625,
        "y_max": 0.81640625
      }
    },
    {
      "char": "千",
      "bbox": {
        "x_min": 0.9140625,
        "y_min": 0.501953125,
        "x_max": 0.955078125,
        "y_max": 0.552734375
      }
    }
  ]
}