{
  "image_filename": "00063.png",
  "visualization_filename": "00063_vis.png",
  "mnist_digits": [
    3,
    9,
    0,
    1,
    9,
    7,
    2,
    0,
    6,
    8,
    6,
    0,
    8,
    8,
    1,
    9,
    7,
    3,
    2,
    1,
    2,
    4,
    1,
    3,
    2,
    8,
    8,
    0,
    9,
    1,
    2,
    7
  ],
  "boxes": [
    {
      "char": "千",
      "bbox": {
        "x_min": 0.6796875,
        "y_min": 0.287109375,
        "x_max": 0.9609375,
        "y_max": 0.609375
      }
    },
    {
      "char": "七",
      "bbox": {
        "x_min": 0.431640625,
        "y_min": 0.404296875,
        "x_max": 0.48046875,
        "y_max": 0.453125
      }
    }
  ]
}