{
  "image_filename": "00068.png",
  "visualization_filename": "00068_vis.png",
  "mnist_digits": [
    6,
    8,
    3,
    6,
    9,
    2,
    6,
    4,
    4,
    8,
    1,
    4,
    2,
    3,
    5,
    9,
    9,
    8,
    4,
    5,
    6,
    9,
    7,
    9
  ],
  "boxes": [
    {
      "char": "四",
      "bbox": {
        "x_min": 0.5390625,
        "y_min": 0.591796875,
        "x_max": 0.583984375,
        "y_max": 0.63671875
      }
    },
    {
      "char": "八",
      "bbox": {
        "x_min": 0.39453125,
        "y_min": 0.71484375,
        "x_max": 0.42578125,
        "y_max": 0.763671875
      }
    },
    {
      "char": "二",
      "bbox": {
        "x_min": 0.765625,
        "y_min": 0.12109375,
        "x_max": 0.876953125,
        "y_max": 0.208984375
      }
    },
    {
      "char": "六",
      "bbox": {
        "x_min": 0.23046875,
        "y_min": 0.755859375,
        "x_max": 0.34765625,
        "y_max": 0.912109375
      }
    },
    {
      "char": "一",
      "bbox": {
        "x_min": 0.693359375,
        "y_min": 0.818359375,
        "x_max": 0.8359375,
        "y_max": 0.8828125
      }
    },
    {
      "char": "九",
      "bbox": {
        "x_min": 0.775390625,
        "y_min": 0.56640625,
        "x_max": 0.82421875,
        "y_max": 0.623046875
      }
    }
  ]
}