{
  "image_filename": "00062.png",
  "visualization_filename": "00062_vis.png",
  "mnist_digits": [
    5,
    8,
    8,
    7,
    3,
    2,
    4,
    5,
    7,
    9,
    2,
    0,
    5,
    4,
    5,
    4,
    1,
    3,
    4,
    9,
    4,
    5,
    3,
    0,
    4,
    1,
    8
  ],
  "boxes": [
    {
      "char": "五",
      "bbox": {
        "x_min": 0.587890625,
        "y_min": 0.12109375,
        "x_max": 0.728515625,
        "y_max": 0.23828125
      }
    },
    {
      "char": "亿",
      "bbox": {
        "x_min": 0.810546875,
        "y_min": 0.798828125,
        "x_max": 0.998046875,
        "y_max": 0.986328125
      }
    },
    {
      "char": "六",
      "bbox": {
        "x_min": 0.15625,
        "y_min": 0.931640625,
        "x_max": 0.203125,
        "y_max": 0.97265625
      }
    },
    {
      "char": "亿",
      "bbox": {
        "x_min": 0.220703125,
        "y_min": 0.341796875,
        "x_max": 0.634765625,
        "y_max": 0.69140625
      }
    }
  ]
}