{
  "image_filename": "00064.png",
  "visualization_filename": "00064_vis.png",
  "mnist_digits": [
    9,
    5,
    0,
    0,
    4,
    7,
    5,
    6,
    3,
    5,
    1,
    6,
    5,
    1,
    3,
    8,
    9,
    7,
    0,
    6,
    9,
    6,
    9,
    2,
    2,
    1,
    9,
    7,
    9,
    9,
    4,
    0,
    6
  ],
  "boxes": [
    {
      "char": "一",
      "bbox": {
        "x_min": 0.83984375,
        "y_min": 0.787109375,
        "x_max": 0.970703125,
        "y_max": 0.888671875
      }
    },
    {
      "char": "九",
      "bbox": {
        "x_min": 0.455078125,
        "y_min": 0.12890625,
        "x_max": 0.80078125,
        "y_max": 0.43359375
      }
    },
    {
      "char": "六",
      "bbox": {
        "x_min": 0.349609375,
        "y_min": 0.275390625,
        "x_max": 0.478515625,
        "y_max": 0.4453125
      }
    },
    {
      "char": "九",
      "bbox": {
        "x_min": 0.470703125,
        "y_min": 0.697265625,
        "x_max": 0.525390625,
        "y_max": 0.75
      }
    }
  ]
}