{
  "image_filename": "00066.png",
  "visualization_filename": "00066_vis.png",
  "mnist_digits": [
    6,
    1,
    5,
    7,
    3,
    9
  ],
  "boxes": [
    {
      "char": "十",
      "bbox": {
        "x_min": 0.271484375,
        "y_min": 0.705078125,
        "x_max": 0.326171875,
        "y_max": 0.751953125
      }
    },
    {
      "char": "三",
      "bbox": {
        "x_min": 0.294921875,
        "y_min": 0.279296875,
        "x_max": 0.396484375,
        "y_max": 0.361328125
      }
    },
    {
      "char": "七",
      "bbox": {
        "x_min": 0.828125,
        "y_min": 0.314453125,
        "x_max": 0.9296875,
        "y_max": 0.435546875
      }
    },
    {
      "char": "九",
      "bbox": {
        "x_min": 0.54296875,
        "y_min": 0.6015625,
        "x_max": 0.70703125,
        "y_max": 0.7421875
      }
    }
  ]
}