{
  "image_filename": "00060.png",
  "visualization_filename": "00060_vis.png",
  "mnist_digits": [
    3,
    5,
    3,
    7,
    4,
    8,
    8,
    2,
    0
  ],
  "boxes": [
    {
      "char": "九",
      "bbox": {
        "x_min": 0.4375,
        "y_min": 0.05078125,
        "x_max": 0.736328125,
        "y_max": 0.505859375
      }
    },
    {
      "char": "三",
      "bbox": {
        "x_min": 0.146484375,
        "y_min": 0.091796875,
        "x_max": 0.287109375,
        "y_max": 0.185546875
      }
    },
    {
      "char": "亿",
      "bbox": {
        "x_min": 0.638671875,
        "y_min": 0.681640625,
        "x_max": 0.943359375,
        "y_max": 0.869140625
      }
    },
    {
      "char": "七",
      "bbox": {
        "x_min": 0.328125,
        "y_min": 0.484375,
        "x_max": 0.5078125,
        "y_max": 0.71875
      }
    }
  ]
}