{
  "image_filename": "00067.png",
  "visualization_filename": "00067_vis.png",
  "mnist_digits": [
    6,
    0,
    0,
    0,
    1,
    8,
    6,
    7,
    3,
    7,
    7,
    1,
    5,
    4,
    1,
    1,
    2,
    8,
    9,
    4,
    6,
    5,
    3,
    8,
    8,
    6,
    9,
    0,
    2,
    5,
    6
  ],
  "boxes": [
    {
      "char": "八",
      "bbox": {
        "x_min": 0.0390625,
        "y_min": 0.560546875,
        "x_max": 0.28125,
        "y_max": 0.724609375
      }
    },
    {
      "char": "百",
      "bbox": {
        "x_min": 0.755859375,
        "y_min": 0.15625,
        "x_max": 0.890625,
        "y_max": 0.28515625
      }
    },
    {
      "char": "八",
      "bbox": {
        "x_min": 0.845703125,
        "y_min": 0.603515625,
        "x_max": 0.943359375,
        "y_max": 0.689453125
      }
    },
    {
      "char": "七",
      "bbox": {
        "x_min": 0.345703125,
        "y_min": 0.67578125,
        "x_max": 0.41015625,
        "y_max": 0.73828125
      }
    },
    {
      "char": "百",
      "bbox": {
        "x_min": 0.75390625,
        "y_min": 0.822265625,
        "x_max": 0.82421875,
        "y_max": 0.95703125
      }
    }
  ]
}