{
  "image_filename": "00075.png",
  "visualization_filename": "00075_vis.png",
  "mnist_digits": [
    0,
    1,
    0,
    2,
    8,
    7,
    0,
    3,
    5,
    8,
    6,
    5,
    8,
    6,
    1,
    5,
    7,
    2,
    4,
    5,
    9,
    9,
    2,
    5,
    7,
    9,
    8,
    7
  ],
  "boxes": [
    {
      "char": "三",
      "bbox": {
        "x_min": 0.3984375,
        "y_min": 0.806640625,
        "x_max": 0.587890625,
        "y_max": 0.96875
      }
    },
    {
      "char": "九",
      "bbox": {
        "x_min": 0.55859375,
        "y_min": 0.306640625,
        "x_max": 0.830078125,
        "y_max": 0.5234375
      }
    },
    {
      "char": "千",
      "bbox": {
        "x_min": 0.1171875,
        "y_min": 0.275390625,
        "x_max": 0.3046875,
        "y_max": 0.533203125
      }
    },
    {
      "char": "亿",
      "bbox": {
        "x_min": 0.388671875,
        "y_min": 0.29296875,
        "x_max": 0.486328125,
        "y_max": 0.373046875
      }
    },
    {
      "char": "一",
      "bbox": {
        "x_min": 0.369140625,
        "y_min": 0.486328125,
        "x_max": 0.486328125,
        "y_max": 0.5390625
      }
    }
  ]
}