{
  "image_filename": "00078.png",
  "visualization_filename": "00078_vis.png",
  "mnist_digits": [
    7,
    7,
    4,
    8,
    8,
    9,
    0,
    9,
    3,
    7,
    5,
    1,
    2,
    4,
    8,
    2,
    8,
    5,
    6,
    2,
    6,
    1
  ],
  "boxes": [
    {
      "char": "一",
      "bbox": {
        "x_min": 0.291015625,
        "y_min": 0.943359375,
        "x_max": 0.416015625,
        "y_max": 0.974609375
      }
    },
    {
      "char": "百",
      "bbox": {
        "x_min": 0.34765625,
        "y_min": 0.25390625,
        "x_max": 0.41015625,
        "y_max": 0.375
      }
    },
    {
      "char": "零",
      "bbox": {
        "x_min": 0.302734375,
        "y_min": 0.001953125,
        "x_max": 0.373046875,
        "y_max": 0.1171875
      }
    },
    {
      "char": "零",
      "bbox": {
        "x_min": 0.384765625,
        "y_min": 0.546875,
        "x_max": 0.501953125,
        "y_max": 0.828125
      }
    }
  ]
}