{
  "image_filename": "00070.png",
  "visualization_filename": "00070_vis.png",
  "mnist_digits": [
    7,
    1,
    4,
    0,
    0,
    6,
    8,
    4,
    0,
    8,
    6,
    9
  ],
  "boxes": [
    {
      "char": "六",
      "bbox": {
        "x_min": 0.455078125,
        "y_min": 0.115234375,
        "x_max": 0.5,
        "y_max": 0.173828125
      }
    },
    {
      "char": "七",
      "bbox": {
        "x_min": 0.73828125,
        "y_min": 0.5390625,
        "x_max": 0.9140625,
        "y_max": 0.732421875
      }
    },
    {
      "char": "一",
      "bbox": {
        "x_min": 0.07421875,
        "y_min": 0.861328125,
        "x_max": 0.28125,
        "y_max": 0.90234375
      }
    },
    {
      "char": "千",
      "bbox": {
        "x_min": 0.64453125,
        "y_min": 0.16796875,
        "x_max": 0.875,
        "y_max": 0.56640625
      }
    }
  ]
}