{
  "image_filename": "00074.png",
  "visualization_filename": "00074_vis.png",
  "mnist_digits": [
    6,
    5,
    9,
    0,
    7,
    3,
    3,
    3,
    7,
    6,
    9,
    5,
    7,
    5,
    6,
    5
  ],
  "boxes": [
    {
      "char": "千",
      "bbox": {
        "x_min": 0.28515625,
        "y_min": 0.865234375,
        "x_max": 0.3671875,
        "y_max": 0.947265625
      }
    },
    {
      "char": "八",
      "bbox": {
        "x_min": 0.34375,
        "y_min": 0.623046875,
        "x_max": 0.71484375,
        "y_max": 0.896484375
      }
    },
    {
      "char": "九",
      "bbox": {
        "x_min": 0.3828125,
        "y_min": 0.501953125,
        "x_max": 0.44140625,
        "y_max": 0.560546875
      }
    }
  ]
}