{
  "image_filename": "00079.png",
  "visualization_filename": "00079_vis.png",
  "mnist_digits": [
    5,
    0,
    8,
    0,
    7,
    5,
    0,
    4,
    9,
    6,
    4,
    6,
    9,
    8,
    8,
    8,
    0,
    5,
    3,
    9,
    8,
    3,
    7,
    6
  ],
  "boxes": [
    {
      "char": "零",
      "bbox": {
        "x_min": 0.439453125,
        "y_min": 0.279296875,
        "x_max": 0.486328125,
        "y_max": 0.345703125
      }
    },
    {
      "char": "二",
      "bbox": {
        "x_min": 0.068359375,
        "y_min": 0.576171875,
        "x_max": 0.208984375,
        "y_max": 0.640625
      }
    }
  ]
}