{
  "image_filename": "00071.png",
  "visualization_filename": "00071_vis.png",
  "mnist_digits": [
    7,
    9,
    5,
    1,
    7,
    9,
    4,
    3,
    6,
    2
  ],
  "boxes": [
    {
      "char": "千",
      "bbox": {
        "x_min": 0.78515625,
        "y_min": 0.072265625,
        "x_max": 0.8203125,
        "y_max": 0.1328125
      }
    },
    {
      "char": "四",
      "bbox": {
        "x_min": 0.3046875,
        "y_min": 0.513671875,
        "x_max": 0.466796875,
        "y_max": 0.67578125
      }
    },
    {
      "char": "万",
      "bbox": {
        "x_min": 0.697265625,
        "y_min": 0.607421875,
        "x_max": 0.775390625,
        "y_max": 0.724609375
      }
    },
    {
      "char": "零",
      "bbox": {
        "x_min": 0.779296875,
        "y_min": 0.779296875,
        "x_max": 0.84765625,
        "y_max": 0.880859375
      }
    }
  ]
}