{
  "image_filename": "00072.png",
  "visualization_filename": "00072_vis.png",
  "mnist_digits": [
    6,
    7,
    9,
    2
  ],
  "boxes": [
    {
      "char": "一",
      "bbox": {
        "x_min": 0.443359375,
        "y_min": 0.099609375,
        "x_max": 0.568359375,
        "y_max": 0.154296875
      }
    },
    {
      "char": "亿",
      "bbox": {
        "x_min": 0.04296875,
        "y_min": 0.484375,
        "x_max": 0.1015625,
        "y_max": 0.5390625
      }
    },
    {
      "char": "八",
      "bbox": {
        "x_min": 0.28125,
        "y_min": 0.5703125,
        "x_max": 0.46875,
        "y_max": 0.8203125
      }
    },
    {
      "char": "亿",
      "bbox": {
        "x_min": 0.01171875,
        "y_min": 0.68359375,
        "x_max": 0.29296875,
        "y_max": 0.93359375
      }
    },
    {
      "char": "三",
      "bbox": {
        "x_min": 0.58203125,
        "y_min": 0.14453125,
        "x_max": 0.798828125,
        "y_max": 0.2734375
      }
    },
    {
      "char": "十",
      "bbox": {
        "x_min": 0.19921875,
        "y_min": 0.93359375,
        "x_max": 0.24609375,
        "y_max": 0.994140625
      }
    },
    {
      "char": "八",
      "bbox": {
        "x_min": 0.37890625,
        "y_min": 0.83203125,
        "x_max": 0.580078125,
        "y_max": 0.9921875
      }
    },
    {
      "char": "二",
      "bbox": {
        "x_min": 0.732421875,
        "y_min": 0.697265625,
        "x_max": 0.919921875,
        "y_max": 0.814453125
      }
    },
    {
      "char": "三",
      "bbox": {
        "x_min": 0.6015625,
        "y_min": 0.609375,
        "x_max": 0.677734375,
        "y_max": 0.677734375
      }
    }
  ]
}