{
  "image_filename": "00073.png",
  "visualization_filename": "00073_vis.png",
  "mnist_digits": [
    0,
    3,
    1,
    8,
    7,
    4,
    1,
    9,
    3,
    5,
    3,
    7,
    0,
    9,
    2,
    0,
    4,
    0,
    0,
    6,
    5,
    6,
    7,
    3,
    1,
    0,
    8
  ],
  "boxes": [
    {
      "char": "万",
      "bbox": {
        "x_min": 0.224609375,
        "y_min": 0.25,
        "x_max": 0.40625,
        "y_max": 0.484375
      }
    },
    {
      "char": "百",
      "bbox": {
        "x_min": 0.65234375,
        "y_min": 0.400390625,
        "x_max": 0.89453125,
        "y_max": 0.759765625
      }
    },
    {
      "char": "一",
      "bbox": {
        "x_min": 0.05859375,
        "y_min": 0.65625,
        "x_max": 0.265625,
        "y_max": 0.701171875
      }
    }
  ]
}