{
  "image_filename": "00083.png",
  "visualization_filename": "00083_vis.png",
  "mnist_digits": [
    1,
    8,
    8,
    1,
    7,
    1,
    6,
    3,
    3,
    6,
    4,
    1,
    2,
    4,
    6,
    3,
    5
  ],
  "boxes": [
    {
      "char": "五",
      "bbox": {
        "x_min": 0.23046875,
        "y_min": 0.126953125,
        "x_max": 0.32421875,
        "y_max": 0.216796875
      }
    },
    {
      "char": "零",
      "bbox": {
        "x_min": 0.3359375,
        "y_min": 0.3984375,
        "x_max": 0.4765625,
        "y_max": 0.6328125
      }
    },
    {
      "char": "七",
      "bbox": {
        "x_min": 0.806640625,
        "y_min": 0.703125,
        "x_max": 0.978515625,
        "y_max": 0.9453125
      }
    },
    {
      "char": "九",
      "bbox": {
        "x_min": 0.21484375,
        "y_min": 0.25390625,
        "x_max": 0.314453125,
        "y_max": 0.400390625
      }
    },
    {
      "char": "一",
      "bbox": {
        "x_min": 0.076171875,
        "y_min": 0.0234375,
        "x_max": 0.134765625,
        "y_max": 0.041015625
      }
    }
  ]
}