{
  "image_filename": "00082.png",
  "visualization_filename": "00082_vis.png",
  "mnist_digits": [
    1,
    4,
    6,
    5,
    2,
    3,
    0,
    5,
    4,
    4,
    1,
    0,
    7,
    6,
    3,
    5,
    4,
    9,
    8,
    4,
    8,
    8,
    4,
    7,
    6,
    6,
    4,
    8,
    6
  ],
  "boxes": [
    {
      "char": "四",
      "bbox": {
        "x_min": 0.037109375,
        "y_min": 0.41015625,
        "x_max": 0.24609375,
        "y_max": 0.73046875
      }
    },
    {
      "char": "十",
      "bbox": {
        "x_min": 0.4921875,
        "y_min": 0.763671875,
        "x_max": 0.626953125,
        "y_max": 0.962890625
      }
    },
    {
      "char": "五",
      "bbox": {
        "x_min": 0.30859375,
        "y_min": 0.8359375,
        "x_max": 0.45703125,
        "y_max": 0.9921875
      }
    }
  ]
}