{
  "image_filename": "00087.png",
  "visualization_filename": "00087_vis.png",
  "mnist_digits": [
    7,
    3,
    7,
    6,
    7,
    5,
    5,
    8,
    8,
    8,
    6
  ],
  "boxes": [
    {
      "char": "八",
      "bbox": {
        "x_min": 0.78125,
        "y_min": 0.400390625,
        "x_max": 0.91015625,
        "y_max": 0.587890625
      }
    },
    {
      "char": "一",
      "bbox": {
        "x_min": 0.373046875,
        "y_min": 0.775390625,
        "x_max": 0.6015625,
        "y_max": 0.9609375
      }
    },
    {
      "char": "五",
      "bbox": {
        "x_min": 0.21484375,
        "y_min": 0.453125,
        "x_max": 0.42578125,
        "y_max": 0.6640625
      }
    },
    {
      "char": "十",
      "bbox": {
        "x_min": 0.6796875,
        "y_min": 0.390625,
        "x_max": 0.72265625,
        "y_max": 0.47265625
      }
    },
    {
      "char": "万",
      "bbox": {
        "x_min": 0.77734375,
        "y_min": 0.017578125,
        "x_max": 0.833984375,
        "y_max": 0.142578125
      }
    },
    {
      "char": "一",
      "bbox": {
        "x_min": 0.19921875,
        "y_min": 0.361328125,
        "x_max": 0.296875,
        "y_max": 0.396484375
      }
    }
  ]
}