{
  "image_filename": "00089.png",
  "visualization_filename": "00089_vis.png",
  "mnist_digits": [
    3,
    9,
    4,
    5,
    1,
    2,
    6,
    0,
    8
  ],
  "boxes": [
    {
      "char": "十",
      "bbox": {
        "x_min": 0.662109375,
        "y_min": 0.380859375,
        "x_max": 0.705078125,
        "y_max": 0.474609375
      }
    },
    {
      "char": "一",
      "bbox": {
        "x_min": 0.2578125,
        "y_min": 0.72265625,
        "x_max": 0.3828125,
        "y_max": 0.75
      }
    },
    {
      "char": "六",
      "bbox": {
        "x_min": 0.44140625,
        "y_min": 0.1875,
        "x_max": 0.619140625,
        "y_max": 0.412109375
      }
    },
    {
      "char": "亿",
      "bbox": {
        "x_min": 0.6875,
        "y_min": 0.37890625,
        "x_max": 0.93359375,
        "y_max": 0.560546875
      }
    },
    {
      "char": "八",
      "bbox": {
        "x_min": 0.009765625,
        "y_min": 0.802734375,
        "x_max": 0.103515625,
        "y_max": 0.9375
      }
    },
    {
      "char": "九",
      "bbox": {
        "x_min": 0.1484375,
        "y_min": 0.30078125,
        "x_max": 0.2734375,
        "y_max": 0.4140625
      }
    },
    {
      "char": "二",
      "bbox": {
        "x_min": 0.826171875,
        "y_min": 0.576171875,
        "x_max": 0.876953125,
        "y_max": 0.6171875
      }
    }
  ]
}