{
  "image_filename": "00085.png",
  "visualization_filename": "00085_vis.png",
  "mnist_digits": [
    4,
    1,
    7,
    3,
    2,
    7,
    0,
    0,
    1,
    8,
    6,
    8,
    6
  ],
  "boxes": [
    {
      "char": "千",
      "bbox": {
        "x_min": 0.02734375,
        "y_min": 0.0625,
        "x_max": 0.203125,
        "y_max": 0.30859375
      }
    },
    {
      "char": "一",
      "bbox": {
        "x_min": 0.51953125,
        "y_min": 0.1171875,
        "x_max": 0.61328125,
        "y_max": 0.140625
      }
    },
    {
      "char": "万",
      "bbox": {
        "x_min": 0.1171875,
        "y_min": 0.37890625,
        "x_max": 0.41015625,
        "y_max": 0.818359375
      }
    },
    {
      "char": "八",
      "bbox": {
        "x_min": 0.69921875,
        "y_min": 0.392578125,
        "x_max": 0.80078125,
        "y_max": 0.490234375
      }
    },
    {
      "char": "一",
      "bbox": {
        "x_min": 0.705078125,
        "y_min": 0.1328125,
        "x_max": 0.79296875,
        "y_max": 0.16796875
      }
    },
    {
      "char": "百",
      "bbox": {
        "x_min": 0.724609375,
        "y_min": 0.8125,
        "x_max": 0.763671875,
        "y_max": 0.873046875
      }
    }
  ]
}