{
  "image_filename": "00088.png",
  "visualization_filename": "00088_vis.png",
  "mnist_digits": [
    1,
    4,
    4,
    3,
    8,
    6,
    5,
    8,
    6,
    6
  ],
  "boxes": [
    {
      "char": "六",
      "bbox": {
        "x_min": 0.705078125,
        "y_min": 0.6484375,
        "x_max": 0.783203125,
        "y_max": 0.796875
      }
    },
    {
      "char": "八",
      "bbox": {
        "x_min": 0.724609375,
        "y_min": 0.921875,
        "x_max": 0.76953125,
        "y_max": 0.947265625
      }
    },
    {
      "char": "三",
      "bbox": {
        "x_min": 0.13671875,
        "y_min": 0.513671875,
        "x_max": 0.181640625,
        "y_max": 0.5546875
      }
    },
    {
      "char": "三",
      "bbox": {
        "x_min": 0.251953125,
        "y_min": 0.833984375,
        "x_max": 0.38671875,
        "y_max": 0.95703125
      }
    },
    {
      "char": "二",
      "bbox": {
        "x_min": 0.041015625,
        "y_min": 0.4609375,
        "x_max": 0.6953125,
        "y_max": 0.796875
      }
    },
    {
      "char": "亿",
      "bbox": {
        "x_min": 0.625,
        "y_min": 0.037109375,
        "x_max": 0.875,
        "y_max": 0.302734375
      }
    },
    {
      "char": "万",
      "bbox": {
        "x_min": 0.802734375,
        "y_min": 0.412109375,
        "x_max": 0.978515625,
        "y_max": 0.67578125
      }
    },
    {
      "char": "四",
      "bbox": {
        "x_min": 0.1171875,
        "y_min": 0.22265625,
        "x_max": 0.23828125,
        "y_max": 0.34765625
      }
    }
  ]
}