{
  "image_filename": "00090.png",
  "visualization_filename": "00090_vis.png",
  "mnist_digits": [
    5,
    1,
    1,
    9,
    5,
    4,
    4,
    3,
    6,
    8,
    6,
    5,
    1,
    0,
    5,
    2,
    1,
    7,
    4,
    1,
    9,
    4,
    2,
    8,
    6,
    4
  ],
  "boxes": [
    {
      "char": "万",
      "bbox": {
        "x_min": 0.220703125,
        "y_min": 0.833984375,
        "x_max": 0.244140625,
        "y_max": 0.869140625
      }
    },
    {
      "char": "千",
      "bbox": {
        "x_min": 0.1328125,
        "y_min": 0.255859375,
        "x_max": 0.201171875,
        "y_max": 0.357421875
      }
    },
    {
      "char": "十",
      "bbox": {
        "x_min": 0.51171875,
        "y_min": 0.32421875,
        "x_max": 0.56640625,
        "y_max": 0.40625
      }
    },
    {
      "char": "十",
      "bbox": {
        "x_min": 0.171875,
        "y_min": 0.240234375,
        "x_max": 0.611328125,
        "y_max": 0.87890625
      }
    },
    {
      "char": "四",
      "bbox": {
        "x_min": 0.24609375,
        "y_min": 0.244140625,
        "x_max": 0.32421875,
        "y_max": 0.322265625
      }
    }
  ]
}