{
  "image_filename": "00099.png",
  "visualization_filename": "00099_vis.png",
  "mnist_digits": [
    2,
    7,
    7,
    1,
    8,
    4,
    1,
    0,
    8,
    2,
    9,
    7,
    1,
    6,
    0,
    6,
    7,
    2,
    7,
    9,
    3,
    8,
    0,
    8,
    3,
    3,
    0,
    0,
    1,
    2,
    6,
    6,
    0
  ],
  "boxes": [
    {
      "char": "四",
      "bbox": {
        "x_min": 0.759765625,
        "y_min": 0.537109375,
        "x_max": 0.931640625,
        "y_max": 0.748046875
      }
    }
  ]
}