{
  "image_filename": "00093.png",
  "visualization_filename": "00093_vis.png",
  "mnist_digits": [
    2,
    0,
    6,
    9,
    3,
    4,
    0,
    7
  ],
  "boxes": [
    {
      "char": "七",
      "bbox": {
        "x_min": 0.67578125,
        "y_min": 0.634765625,
        "x_max": 0.76953125,
        "y_max": 0.720703125
      }
    },
    {
      "char": "五",
      "bbox": {
        "x_min": 0.658203125,
        "y_min": 0.30859375,
        "x_max": 0.744140625,
        "y_max": 0.40625
      }
    },
    {
      "char": "零",
      "bbox": {
        "x_min": 0.30859375,
        "y_min": 0.5078125,
        "x_max": 0.43359375,
        "y_max": 0.66796875
      }
    },
    {
      "char": "十",
      "bbox": {
        "x_min": 0.146484375,
        "y_min": 0.064453125,
        "x_max": 0.48046875,
        "y_max": 0.509765625
      }
    }
  ]
}