{
  "image_filename": "00097.png",
  "visualization_filename": "00097_vis.png",
  "mnist_digits": [
    2,
    6,
    7,
    4,
    9,
    9,
    0,
    0,
    5,
    0,
    5,
    1,
    2,
    8,
    1,
    2,
    2,
    8,
    0,
    6,
    6,
    1
  ],
  "boxes": [
    {
      "char": "五",
      "bbox": {
        "x_min": 0.29296875,
        "y_min": 0.736328125,
        "x_max": 0.39453125,
        "y_max": 0.884765625
      }
    },
    {
      "char": "八",
      "bbox": {
        "x_min": 0.435546875,
        "y_min": 0.84375,
        "x_max": 0.615234375,
        "y_max": 0.9453125
      }
    }
  ]
}