{
  "image_filename": "00092.png",
  "visualization_filename": "00092_vis.png",
  "mnist_digits": [
    6,
    9,
    5,
    2,
    4,
    3,
    5,
    0,
    2,
    2,
    0,
    8,
    8,
    9,
    7,
    0,
    7,
    6,
    9,
    4,
    8,
    7,
    9,
    6,
    6,
    6
  ],
  "boxes": [
    {
      "char": "四",
      "bbox": {
        "x_min": 0.30078125,
        "y_min": 0.77734375,
        "x_max": 0.400390625,
        "y_max": 0.951171875
      }
    },
    {
      "char": "二",
      "bbox": {
        "x_min": 0.623046875,
        "y_min": 0.79296875,
        "x_max": 0.84765625,
        "y_max": 0.9609375
      }
    }
  ]
}