{
  "image_filename": "00095.png",
  "visualization_filename": "00095_vis.png",
  "mnist_digits": [
    2,
    4,
    2,
    6,
    0,
    4,
    7,
    5,
    2,
    6,
    6,
    1,
    6,
    3,
    3,
    4,
    1
  ],
  "boxes": [
    {
      "char": "一",
      "bbox": {
        "x_min": 0.33203125,
        "y_min": 0.732421875,
        "x_max": 0.458984375,
        "y_max": 0.763671875
      }
    },
    {
      "char": "零",
      "bbox": {
        "x_min": 0.732421875,
        "y_min": 0.75390625,
        "x_max": 0.810546875,
        "y_max": 0.90234375
      }
    },
    {
      "char": "二",
      "bbox": {
        "x_min": 0.08203125,
        "y_min": 0.79296875,
        "x_max": 0.3203125,
        "y_max": 0.951171875
      }
    },
    {
      "char": "八",
      "bbox": {
        "x_min": 0.416015625,
        "y_min": 0.20703125,
        "x_max": 0.626953125,
        "y_max": 0.42578125
      }
    },
    {
      "char": "亿",
      "bbox": {
        "x_min": 0.12890625,
        "y_min": 0.1875,
        "x_max": 0.263671875,
        "y_max": 0.353515625
      }
    }
  ]
}