{
  "image_filename": "00094.png",
  "visualization_filename": "00094_vis.png",
  "mnist_digits": [
    4,
    9,
    7,
    3,
    5,
    4,
    7,
    9,
    1,
    4,
    7,
    8,
    8,
    3,
    6,
    7,
    1,
    7,
    7,
    8,
    0,
    9,
    6,
    2,
    1,
    8,
    0,
    7,
    5,
    0,
    6,
    1,
    2,
    3,
    1,
    8,
    3
  ],
  "boxes": [
    {
      "char": "五",
      "bbox": {
        "x_min": 0.802734375,
        "y_min": 0.552734375,
        "x_max": 0.978515625,
        "y_max": 0.775390625
      }
    },
    {
      "char": "三",
      "bbox": {
        "x_min": 0.10546875,
        "y_min": 0.599609375,
        "x_max": 0.26171875,
        "y_max": 0.720703125
      }
    }
  ]
}