{
  "image_filename": "00096.png",
  "visualization_filename": "00096_vis.png",
  "mnist_digits": [
    8,
    5,
    1,
    0,
    9,
    4,
    6,
    8,
    3,
    8,
    8,
    4,
    4,
    0,
    4,
    1,
    3
  ],
  "boxes": [
    {
      "char": "万",
      "bbox": {
        "x_min": 0.333984375,
        "y_min": 0.71484375,
        "x_max": 0.40625,
        "y_max": 0.84375
      }
    },
    {
      "char": "亿",
      "bbox": {
        "x_min": 0.41796875,
        "y_min": 0.083984375,
        "x_max": 0.54296875,
        "y_max": 0.216796875
      }
    },
    {
      "char": "十",
      "bbox": {
        "x_min": 0.09375,
        "y_min": 0.115234375,
        "x_max": 0.3828125,
        "y_max": 0.537109375
      }
    },
    {
      "char": "三",
      "bbox": {
        "x_min": 0.177734375,
        "y_min": 0.599609375,
        "x_max": 0.208984375,
        "y_max": 0.625
      }
    },
    {
      "char": "二",
      "bbox": {
        "x_min": 0.396484375,
        "y_min": 0.6484375,
        "x_max": 0.494140625,
        "y_max": 0.734375
      }
    },
    {
      "char": "九",
      "bbox": {
        "x_min": 0.45703125,
        "y_min": 0.4140625,
        "x_max": 0.638671875,
        "y_max": 0.630859375
      }
    },
    {
      "char": "四",
      "bbox": {
        "x_min": 0.794921875,
        "y_min": 0.69140625,
        "x_max": 0.958984375,
        "y_max": 0.86328125
      }
    }
  ]
}