{
  "image_filename": "00108.png",
  "visualization_filename": "00108_vis.png",
  "mnist_digits": [
    6,
    3,
    0,
    3,
    4,
    3,
    1,
    2,
    7,
    3,
    3,
    1,
    7,
    1,
    9,
    7,
    0,
    0,
    4,
    6,
    1,
    9,
    5,
    4,
    9,
    1,
    6,
    1,
    5,
    6,
    6
  ],
  "boxes": [
    {
      "char": "万",
      "bbox": {
        "x_min": 0.318359375,
        "y_min": 0.1015625,
        "x_max": 0.61328125,
        "y_max": 0.4609375
      }
    },
    {
      "char": "三",
      "bbox": {
        "x_min": 0.064453125,
        "y_min": 0.783203125,
        "x_max": 0.115234375,
        "y_max": 0.833984375
      }
    }
  ]
}