{
  "image_filename": "00106.png",
  "visualization_filename": "00106_vis.png",
  "mnist_digits": [
    2,
    1,
    8,
    3,
    3,
    8,
    0,
    8,
    5,
    7,
    2,
    1,
    7,
    6,
    9,
    7,
    2,
    5,
    7,
    6
  ],
  "boxes": [
    {
      "char": "十",
      "bbox": {
        "x_min": 0.185546875,
        "y_min": 0.654296875,
        "x_max": 0.302734375,
        "y_max": 0.859375
      }
    },
    {
      "char": "五",
      "bbox": {
        "x_min": 0.78125,
        "y_min": 0.3359375,
        "x_max": 0.8515625,
        "y_max": 0.4296875
      }
    },
    {
      "char": "八",
      "bbox": {
        "x_min": 0.484375,
        "y_min": 0.27734375,
        "x_max": 0.533203125,
        "y_max": 0.32421875
      }
    },
    {
      "char": "二",
      "bbox": {
        "x_min": 0.4296875,
        "y_min": 0.4453125,
        "x_max": 0.654296875,
        "y_max": 0.6015625
      }
    },
    {
      "char": "一",
      "bbox": {
        "x_min": 0.40625,
        "y_min": 0.361328125,
        "x_max": 0.484375,
        "y_max": 0.376953125
      }
    },
    {
      "char": "九",
      "bbox": {
        "x_min": 0.865234375,
        "y_min": 0.8515625,
        "x_max": 0.892578125,
        "y_max": 0.87890625
      }
    },
    {
      "char": "一",
      "bbox": {
        "x_min": 0.712890625,
        "y_min": 0.46484375,
        "x_max": 0.775390625,
        "y_max": 0.4921875
      }
    },
    {
      "char": "八",
      "bbox": {
        "x_min": 0.841796875,
        "y_min": 0.607421875,
        "x_max": 0.931640625,
        "y_max": 0.681640625
      }
    }
  ]
}