{
  "image_filename": "00109.png",
  "visualization_filename": "00109_vis.png",
  "mnist_digits": [
    4,
    3,
    8,
    8,
    6,
    5,
    9,
    5,
    3,
    3,
    3,
    3,
    8,
    8,
    0
  ],
  "boxes": [
    {
      "char": "八",
      "bbox": {
        "x_min": 0.228515625,
        "y_min": 0.162109375,
        "x_max": 0.77734375,
        "y_max": 0.66796875
      }
    },
    {
      "char": "百",
      "bbox": {
        "x_min": 0.07421875,
        "y_min": 0.02734375,
        "x_max": 0.140625,
        "y_max": 0.14453125
      }
    },
    {
      "char": "八",
      "bbox": {
        "x_min": 0,
        "y_min": 0.6875,
        "x_max": 0.158203125,
        "y_max": 0.880859375
      }
    },
    {
      "char": "七",
      "bbox": {
        "x_min": 0.3671875,
        "y_min": 0.8125,
        "x_max": 0.44140625,
        "y_max": 0.90234375
      }
    },
    {
      "char": "五",
      "bbox": {
        "x_min": 0.8515625,
        "y_min": 0.373046875,
        "x_max": 0.986328125,
        "y_max": 0.525390625
      }
    }
  ]
}