{
  "image_filename": "00105.png",
  "visualization_filename": "00105_vis.png",
  "mnist_digits": [
    2,
    1,
    4,
    7,
    9,
    9,
    5
  ],
  "boxes": [
    {
      "char": "八",
      "bbox": {
        "x_min": 0.833984375,
        "y_min": 0.53125,
        "x_max": 0.990234375,
        "y_max": 0.7734375
      }
    },
    {
      "char": "千",
      "bbox": {
        "x_min": 0.10546875,
        "y_min": 0.63671875,
        "x_max": 0.37109375,
        "y_max": 0.94921875
      }
    },
    {
      "char": "七",
      "bbox": {
        "x_min": 0.384765625,
        "y_min": 0.724609375,
        "x_max": 0.51953125,
        "y_max": 0.912109375
      }
    },
    {
      "char": "万",
      "bbox": {
        "x_min": 0.0703125,
        "y_min": 0.15234375,
        "x_max": 0.14453125,
        "y_max": 0.2421875
      }
    },
    {
      "char": "二",
      "bbox": {
        "x_min": 0.55859375,
        "y_min": 0.3203125,
        "x_max": 0.646484375,
        "y_max": 0.39453125
      }
    },
    {
      "char": "百",
      "bbox": {
        "x_min": 0.62109375,
        "y_min": 0.35546875,
        "x_max": 0.76171875,
        "y_max": 0.54296875
      }
    }
  ]
}