{
  "image_filename": "00103.png",
  "visualization_filename": "00103_vis.png",
  "mnist_digits": [
    2,
    3,
    2,
    6,
    9,
    1,
    1,
    0,
    7,
    7,
    6,
    1,
    7,
    1,
    5,
    0,
    2,
    2,
    6,
    6,
    4,
    6,
    4,
    0,
    1,
    6,
    7,
    2,
    4,
    7,
    5,
    7,
    4
  ],
  "boxes": [
    {
      "char": "七",
      "bbox": {
        "x_min": 0.0625,
        "y_min": 0.423828125,
        "x_max": 0.17578125,
        "y_max": 0.552734375
      }
    },
    {
      "char": "十",
      "bbox": {
        "x_min": 0.603515625,
        "y_min": 0.71484375,
        "x_max": 0.767578125,
        "y_max": 0.947265625
      }
    }
  ]
}