{
  "image_filename": "00100.png",
  "visualization_filename": "00100_vis.png",
  "mnist_digits": [
    1,
    9,
    1,
    8,
    8,
    2,
    3,
    2,
    4,
    9,
    0,
    8,
    7,
    4,
    8,
    2,
    5,
    4
  ],
  "boxes": [
    {
      "char": "四",
      "bbox": {
        "x_min": 0,
        "y_min": 0.064453125,
        "x_max": 0.140625,
        "y_max": 0.216796875
      }
    },
    {
      "char": "十",
      "bbox": {
        "x_min": 0.021484375,
        "y_min": 0.2890625,
        "x_max": 0.255859375,
        "y_max": 0.5625
      }
    },
    {
      "char": "百",
      "bbox": {
        "x_min": 0.453125,
        "y_min": 0.62890625,
        "x_max": 0.58203125,
        "y_max": 0.76953125
      }
    },
    {
      "char": "四",
      "bbox": {
        "x_min": 0.26171875,
        "y_min": 0.115234375,
        "x_max": 0.64453125,
        "y_max": 0.57421875
      }
    },
    {
      "char": "四",
      "bbox": {
        "x_min": 0.771484375,
        "y_min": 0.796875,
        "x_max": 0.919921875,
        "y_max": 0.9296875
      }
    },
    {
      "char": "一",
      "bbox": {
        "x_min": 0.783203125,
        "y_min": 0.123046875,
        "x_max": 0.876953125,
        "y_max": 0.201171875
      }
    },
    {
      "char": "十",
      "bbox": {
        "x_min": 0.80859375,
        "y_min": 0.458984375,
        "x_max": 0.90234375,
        "y_max": 0.564453125
      }
    }
  ]
}