{
  "image_filename": "00104.png",
  "visualization_filename": "00104_vis.png",
  "mnist_digits": [
    0,
    4,
    9,
    1,
    0,
    4,
    1,
    4,
    7,
    0,
    6,
    5
  ],
  "boxes": [
    {
      "char": "零",
      "bbox": {
        "x_min": 0.033203125,
        "y_min": 0.349609375,
        "x_max": 0.111328125,
        "y_max": 0.4453125
      }
    },
    {
      "char": "一",
      "bbox": {
        "x_min": 0.0625,
        "y_min": 0.080078125,
        "x_max": 0.140625,
        "y_max": 0.150390625
      }
    },
    {
      "char": "三",
      "bbox": {
        "x_min": 0.6171875,
        "y_min": 0.71875,
        "x_max": 0.876953125,
        "y_max": 0.923828125
      }
    },
    {
      "char": "亿",
      "bbox": {
        "x_min": 0.40234375,
        "y_min": 0.056640625,
        "x_max": 0.919921875,
        "y_max": 0.494140625
      }
    }
  ]
}