{
  "image_filename": "00102.png",
  "visualization_filename": "00102_vis.png",
  "mnist_digits": [
    8,
    2,
    5,
    8,
    7,
    3,
    6,
    7,
    4,
    4,
    8,
    8,
    4,
    4,
    0,
    2,
    9,
    6,
    3,
    6,
    1,
    3,
    0
  ],
  "boxes": [
    {
      "char": "万",
      "bbox": {
        "x_min": 0.150390625,
        "y_min": 0.388671875,
        "x_max": 0.244140625,
        "y_max": 0.509765625
      }
    },
    {
      "char": "千",
      "bbox": {
        "x_min": 0.662109375,
        "y_min": 0.310546875,
        "x_max": 0.826171875,
        "y_max": 0.619140625
      }
    },
    {
      "char": "千",
      "bbox": {
        "x_min": 0.359375,
        "y_min": 0.671875,
        "x_max": 0.39453125,
        "y_max": 0.734375
      }
    },
    {
      "char": "二",
      "bbox": {
        "x_min": 0.388671875,
        "y_min": 0.751953125,
        "x_max": 0.529296875,
        "y_max": 0.88671875
      }
    },
    {
      "char": "四",
      "bbox": {
        "x_min": 0.19921875,
        "y_min": 0.546875,
        "x_max": 0.28125,
        "y_max": 0.6328125
      }
    },
    {
      "char": "一",
      "bbox": {
        "x_min": 0.419921875,
        "y_min": 0.279296875,
        "x_max": 0.5390625,
        "y_max": 0.34375
      }
    }
  ]
}