{
  "image_filename": "00111.png",
  "visualization_filename": "00111_vis.png",
  "mnist_digits": [
    6,
    9,
    1,
    8,
    9,
    0,
    8,
    6,
    2,
    6,
    9,
    2,
    2,
    0,
    7,
    7,
    6,
    2,
    1,
    2,
    6,
    1,
    2,
    6,
    9
  ],
  "boxes": [
    {
      "char": "三",
      "bbox": {
        "x_min": 0.96484375,
        "y_min": 0.15234375,
        "x_max": 0.99609375,
        "y_max": 0.1875
      }
    },
    {
      "char": "亿",
      "bbox": {
        "x_min": 0.01953125,
        "y_min": 0.75390625,
        "x_max": 0.23046875,
        "y_max": 0.99609375
      }
    },
    {
      "char": "七",
      "bbox": {
        "x_min": 0.7578125,
        "y_min": 0.7109375,
        "x_max": 0.798828125,
        "y_max": 0.755859375
      }
    },
    {
      "char": "三",
      "bbox": {
        "x_min": 0.447265625,
        "y_min": 0.619140625,
        "x_max": 0.50390625,
        "y_max": 0.6796875
      }
    },
    {
      "char": "亿",
      "bbox": {
        "x_min": 0.029296875,
        "y_min": 0.134765625,
        "x_max": 0.5078125,
        "y_max": 0.505859375
      }
    }
  ]
}