{
  "image_filename": "00115.png",
  "visualization_filename": "00115_vis.png",
  "mnist_digits": [
    8,
    6,
    7,
    9,
    7,
    9,
    1,
    3,
    4,
    1,
    2,
    3,
    1,
    3,
    9,
    6,
    7,
    0,
    9,
    2,
    4,
    3,
    8
  ],
  "boxes": [
    {
      "char": "百",
      "bbox": {
        "x_min": 0.328125,
        "y_min": 0.1015625,
        "x_max": 0.4453125,
        "y_max": 0.318359375
      }
    },
    {
      "char": "千",
      "bbox": {
        "x_min": 0.65625,
        "y_min": 0.42578125,
        "x_max": 0.921875,
        "y_max": 0.880859375
      }
    },
    {
      "char": "百",
      "bbox": {
        "x_min": 0.4609375,
        "y_min": 0.66796875,
        "x_max": 0.53125,
        "y_max": 0.779296875
      }
    },
    {
      "char": "十",
      "bbox": {
        "x_min": 0.015625,
        "y_min": 0.203125,
        "x_max": 0.1953125,
        "y_max": 0.515625
      }
    },
    {
      "char": "七",
      "bbox": {
        "x_min": 0.111328125,
        "y_min": 0.517578125,
        "x_max": 0.22265625,
        "y_max": 0.611328125
      }
    },
    {
      "char": "十",
      "bbox": {
        "x_min": 0.521484375,
        "y_min": 0.09765625,
        "x_max": 0.734375,
        "y_max": 0.4453125
      }
    },
    {
      "char": "二",
      "bbox": {
        "x_min": 0.103515625,
        "y_min": 0.921875,
        "x_max": 0.185546875,
        "y_max": 0.998046875
      }
    }
  ]
}