{
  "image_filename": "00118.png",
  "visualization_filename": "00118_vis.png",
  "mnist_digits": [
    9,
    8,
    3,
    6,
    3,
    8,
    1,
    0,
    4,
    9,
    1,
    3,
    7,
    1,
    3,
    4,
    2,
    6,
    6,
    8,
    5,
    9,
    7,
    1,
    7,
    6
  ],
  "boxes": [
    {
      "char": "三",
      "bbox": {
        "x_min": 0.009765625,
        "y_min": 0.134765625,
        "x_max": 0.099609375,
        "y_max": 0.220703125
      }
    },
    {
      "char": "一",
      "bbox": {
        "x_min": 0.80859375,
        "y_min": 0.51953125,
        "x_max": 0.962890625,
        "y_max": 0.591796875
      }
    },
    {
      "char": "亿",
      "bbox": {
        "x_min": 0.57421875,
        "y_min": 0.625,
        "x_max": 0.794921875,
        "y_max": 0.8359375
      }
    },
    {
      "char": "五",
      "bbox": {
        "x_min": 0.736328125,
        "y_min": 0.228515625,
        "x_max": 0.849609375,
        "y_max": 0.353515625
      }
    },
    {
      "char": "二",
      "bbox": {
        "x_min": 0.466796875,
        "y_min": 0.841796875,
        "x_max": 0.591796875,
        "y_max": 0.943359375
      }
    },
    {
      "char": "千",
      "bbox": {
        "x_min": 0.494140625,
        "y_min": 0.4609375,
        "x_max": 0.580078125,
        "y_max": 0.58984375
      }
    }
  ]
}