{
  "image_filename": "00116.png",
  "visualization_filename": "00116_vis.png",
  "mnist_digits": [
    1,
    4,
    9,
    7,
    1,
    0,
    3,
    5,
    7,
    7,
    2,
    7,
    0,
    4,
    1,
    5,
    8,
    6,
    1,
    3,
    1,
    1
  ],
  "boxes": [
    {
      "char": "九",
      "bbox": {
        "x_min": 0.37109375,
        "y_min": 0.6640625,
        "x_max": 0.43359375,
        "y_max": 0.7265625
      }
    },
    {
      "char": "九",
      "bbox": {
        "x_min": 0.62109375,
        "y_min": 0.216796875,
        "x_max": 0.71484375,
        "y_max": 0.333984375
      }
    },
    {
      "char": "四",
      "bbox": {
        "x_min": 0.66015625,
        "y_min": 0.76953125,
        "x_max": 0.86328125,
        "y_max": 0.98828125
      }
    },
    {
      "char": "亿",
      "bbox": {
        "x_min": 0.267578125,
        "y_min": 0.8125,
        "x_max": 0.400390625,
        "y_max": 0.9453125
      }
    },
    {
      "char": "零",
      "bbox": {
        "x_min": 0.267578125,
        "y_min": 0.017578125,
        "x_max": 0.591796875,
        "y_max": 0.51171875
      }
    },
    {
      "char": "亿",
      "bbox": {
        "x_min": 0.634765625,
        "y_min": 0.353515625,
        "x_max": 0.822265625,
        "y_max": 0.595703125
      }
    }
  ]
}