{
  "image_filename": "00112.png",
  "visualization_filename": "00112_vis.png",
  "mnist_digits": [
    1,
    3,
    8,
    1,
    3,
    1,
    5,
    8,
    4,
    4,
    6,
    4,
    9,
    5
  ],
  "boxes": [
    {
      "char": "五",
      "bbox": {
        "x_min": 0.005859375,
        "y_min": 0.044921875,
        "x_max": 0.341796875,
        "y_max": 0.349609375
      }
    },
    {
      "char": "千",
      "bbox": {
        "x_min": 0.1328125,
        "y_min": 0.80859375,
        "x_max": 0.21875,
        "y_max": 0.9296875
      }
    }
  ]
}