{
  "image_filename": "00119.png",
  "visualization_filename": "00119_vis.png",
  "mnist_digits": [
    7,
    3,
    8,
    5,
    8,
    5,
    4,
    1,
    5,
    5
  ],
  "boxes": [
    {
      "char": "七",
      "bbox": {
        "x_min": 0.5078125,
        "y_min": 0.00390625,
        "x_max": 0.736328125,
        "y_max": 0.28125
      }
    },
    {
      "char": "八",
      "bbox": {
        "x_min": 0.662109375,
        "y_min": 0.533203125,
        "x_max": 0.775390625,
        "y_max": 0.626953125
      }
    }
  ]
}