{
  "image_filename": "00110.png",
  "visualization_filename": "00110_vis.png",
  "mnist_digits": [
    7,
    1,
    1,
    1,
    6,
    3,
    1
  ],
  "boxes": [
    {
      "char": "五",
      "bbox": {
        "x_min": 0.83203125,
        "y_min": 0.244140625,
        "x_max": 0.96484375,
        "y_max": 0.369140625
      }
    },
    {
      "char": "亿",
      "bbox": {
        "x_min": 0.19921875,
        "y_min": 0.748046875,
        "x_max": 0.43359375,
        "y_max": 0.98828125
      }
    },
    {
      "char": "一",
      "bbox": {
        "x_min": 0.337890625,
        "y_min": 0.705078125,
        "x_max": 0.517578125,
        "y_max": 0.744140625
      }
    },
    {
      "char": "千",
      "bbox": {
        "x_min": 0.22265625,
        "y_min": 0.392578125,
        "x_max": 0.38671875,
        "y_max": 0.6171875
      }
    },
    {
      "char": "九",
      "bbox": {
        "x_min": 0.68359375,
        "y_min": 0.42578125,
        "x_max": 0.8828125,
        "y_max": 0.65234375
      }
    },
    {
      "char": "六",
      "bbox": {
        "x_min": 0.74609375,
        "y_min": 0.65625,
        "x_max": 0.97265625,
        "y_max": 0.99609375
      }
    },
    {
      "char": "九",
      "bbox": {
        "x_min": 0.248046875,
        "y_min": 0.29296875,
        "x_max": 0.314453125,
        "y_max": 0.390625
      }
    },
    {
      "char": "二",
      "bbox": {
        "x_min": 0.806640625,
        "y_min": 0.392578125,
        "x_max": 0.853515625,
        "y_max": 0.416015625
      }
    }
  ]
}