{
  "image_filename": "00114.png",
  "visualization_filename": "00114_vis.png",
  "mnist_digits": [
    2,
    0,
    0,
    3,
    0,
    3,
    6,
    6,
    5,
    1,
    4
  ],
  "boxes": [
    {
      "char": "六",
      "bbox": {
        "x_min": 0.05859375,
        "y_min": 0.666015625,
        "x_max": 0.240234375,
        "y_max": 0.853515625
      }
    },
    {
      "char": "九",
      "bbox": {
        "x_min": 0.66015625,
        "y_min": 0.48046875,
        "x_max": 0.7421875,
        "y_max": 0.5625
      }
    },
    {
      "char": "四",
      "bbox": {
        "x_min": 0.306640625,
        "y_min": 0.455078125,
        "x_max": 0.564453125,
        "y_max": 0.705078125
      }
    },
    {
      "char": "亿",
      "bbox": {
        "x_min": 0.783203125,
        "y_min": 0.6640625,
        "x_max": 0.96484375,
        "y_max": 0.845703125
      }
    }
  ]
}