{
  "image_filename": "00121.png",
  "visualization_filename": "00121_vis.png",
  "mnist_digits": [
    1,
    4,
    9,
    3,
    5,
    7,
    3,
    5
  ],
  "boxes": [
    {
      "char": "五",
      "bbox": {
        "x_min": 0.02734375,
        "y_min": 0.041015625,
        "x_max": 0.994140625,
        "y_max": 0.8984375
      }
    },
    {
      "char": "七",
      "bbox": {
        "x_min": 0.177734375,
        "y_min": 0.8984375,
        "x_max": 0.259765625,
        "y_max": 0.95703125
      }
    },
    {
      "char": "百",
      "bbox": {
        "x_min": 0.83984375,
        "y_min": 0.43359375,
        "x_max": 0.869140625,
        "y_max": 0.486328125
      }
    }
  ]
}