{
  "image_filename": "00128.png",
  "visualization_filename": "00128_vis.png",
  "mnist_digits": [
    0,
    5,
    2,
    7,
    5,
    0,
    1,
    0,
    2,
    2,
    0,
    9,
    2,
    4,
    6,
    9,
    6,
    4,
    5,
    3
  ],
  "boxes": [
    {
      "char": "零",
      "bbox": {
        "x_min": 0.03515625,
        "y_min": 0.03515625,
        "x_max": 0.19140625,
        "y_max": 0.21484375
      }
    },
    {
      "char": "百",
      "bbox": {
        "x_min": 0.541015625,
        "y_min": 0.70703125,
        "x_max": 0.712890625,
        "y_max": 0.98828125
      }
    },
    {
      "char": "零",
      "bbox": {
        "x_min": 0.732421875,
        "y_min": 0.46875,
        "x_max": 0.890625,
        "y_max": 0.69140625
      }
    },
    {
      "char": "六",
      "bbox": {
        "x_min": 0.19140625,
        "y_min": 0.556640625,
        "x_max": 0.421875,
        "y_max": 0.869140625
      }
    },
    {
      "char": "十",
      "bbox": {
        "x_min": 0.19921875,
        "y_min": 0.369140625,
        "x_max": 0.30859375,
        "y_max": 0.521484375
      }
    },
    {
      "char": "三",
      "bbox": {
        "x_min": 0.00390625,
        "y_min": 0.755859375,
        "x_max": 0.21484375,
        "y_max": 0.982421875
      }
    }
  ]
}