{
  "image_filename": "00122.png",
  "visualization_filename": "00122_vis.png",
  "mnist_digits": [
    3,
    1,
    4,
    7,
    9,
    0,
    3,
    1,
    8,
    5,
    0,
    4
  ],
  "boxes": [
    {
      "char": "三",
      "bbox": {
        "x_min": 0.59375,
        "y_min": 0.236328125,
        "x_max": 0.76953125,
        "y_max": 0.376953125
      }
    },
    {
      "char": "五",
      "bbox": {
        "x_min": 0.181640625,
        "y_min": 0.1484375,
        "x_max": 0.36328125,
        "y_max": 0.32421875
      }
    },
    {
      "char": "七",
      "bbox": {
        "x_min": 0.60546875,
        "y_min": 0.810546875,
        "x_max": 0.76953125,
        "y_max": 0.998046875
      }
    },
    {
      "char": "八",
      "bbox": {
        "x_min": 0.189453125,
        "y_min": 0.4765625,
        "x_max": 0.44140625,
        "y_max": 0.646484375
      }
    },
    {
      "char": "千",
      "bbox": {
        "x_min": 0.251953125,
        "y_min": 0.681640625,
        "x_max": 0.341796875,
        "y_max": 0.82421875
      }
    },
    {
      "char": "千",
      "bbox": {
        "x_min": 0.626953125,
        "y_min": 0.37890625,
        "x_max": 0.80859375,
        "y_max": 0.654296875
      }
    },
    {
      "char": "八",
      "bbox": {
        "x_min": 0.859375,
        "y_min": 0.001953125,
        "x_max": 0.90625,
        "y_max": 0.0390625
      }
    },
    {
      "char": "九",
      "bbox": {
        "x_min": 0.5390625,
        "y_min": 0.876953125,
        "x_max": 0.58984375,
        "y_max": 0.943359375
      }
    }
  ]
}