{
  "image_filename": "00120.png",
  "visualization_filename": "00120_vis.png",
  "mnist_digits": [
    7,
    3,
    7,
    9,
    9,
    6,
    8,
    1,
    2,
    2,
    0,
    7,
    7,
    7,
    4,
    5,
    1,
    0,
    9,
    9,
    1
  ],
  "boxes": [
    {
      "char": "零",
      "bbox": {
        "x_min": 0.033203125,
        "y_min": 0.515625,
        "x_max": 0.123046875,
        "y_max": 0.63671875
      }
    },
    {
      "char": "五",
      "bbox": {
        "x_min": 0.37109375,
        "y_min": 0.62890625,
        "x_max": 0.41796875,
        "y_max": 0.669921875
      }
    },
    {
      "char": "亿",
      "bbox": {
        "x_min": 0.6796875,
        "y_min": 0.013671875,
        "x_max": 0.85546875,
        "y_max": 0.189453125
      }
    },
    {
      "char": "八",
      "bbox": {
        "x_min": 0.802734375,
        "y_min": 0.58984375,
        "x_max": 0.869140625,
        "y_max": 0.662109375
      }
    },
    {
      "char": "二",
      "bbox": {
        "x_min": 0.0078125,
        "y_min": 0.080078125,
        "x_max": 0.109375,
        "y_max": 0.197265625
      }
    },
    {
      "char": "百",
      "bbox": {
        "x_min": 0.650390625,
        "y_min": 0.869140625,
        "x_max": 0.705078125,
        "y_max": 0.970703125
      }
    },
    {
      "char": "四",
      "bbox": {
        "x_min": 0.41796875,
        "y_min": 0.390625,
        "x_max": 0.54296875,
        "y_max": 0.484375
      }
    }
  ]
}