{
  "image_filename": "00129.png",
  "visualization_filename": "00129_vis.png",
  "mnist_digits": [
    9,
    2,
    6,
    8
  ],
  "boxes": [
    {
      "char": "二",
      "bbox": {
        "x_min": 0.501953125,
        "y_min": 0.232421875,
        "x_max": 0.728515625,
        "y_max": 0.41796875
      }
    },
    {
      "char": "零",
      "bbox": {
        "x_min": 0.33984375,
        "y_min": 0.12890625,
        "x_max": 0.48046875,
        "y_max": 0.36328125
      }
    },
    {
      "char": "九",
      "bbox": {
        "x_min": 0.265625,
        "y_min": 0.552734375,
        "x_max": 0.39453125,
        "y_max": 0.751953125
      }
    },
    {
      "char": "亿",
      "bbox": {
        "x_min": 0.71484375,
        "y_min": 0.216796875,
        "x_max": 0.787109375,
        "y_max": 0.279296875
      }
    },
    {
      "char": "七",
      "bbox": {
        "x_min": 0.421875,
        "y_min": 0.462890625,
        "x_max": 0.73828125,
        "y_max": 0.82421875
      }
    },
    {
      "char": "九",
      "bbox": {
        "x_min": 0.234375,
        "y_min": 0.431640625,
        "x_max": 0.33984375,
        "y_max": 0.521484375
      }
    },
    {
      "char": "三",
      "bbox": {
        "x_min": 0.865234375,
        "y_min": 0.1953125,
        "x_max": 0.998046875,
        "y_max": 0.33984375
      }
    },
    {
      "char": "万",
      "bbox": {
        "x_min": 0.037109375,
        "y_min": 0.03125,
        "x_max": 0.365234375,
        "y_max": 0.390625
      }
    }
  ]
}