{
  "image_filename": "00125.png",
  "visualization_filename": "00125_vis.png",
  "mnist_digits": [
    1,
    9,
    4,
    4,
    9,
    1,
    2,
    6,
    2,
    4,
    8,
    3,
    8,
    8,
    7,
    7,
    2,
    5,
    4,
    4,
    7,
    1,
    2,
    1,
    0,
    4,
    9,
    2
  ],
  "boxes": [
    {
      "char": "万",
      "bbox": {
        "x_min": 0.107421875,
        "y_min": 0.857421875,
        "x_max": 0.138671875,
        "y_max": 0.900390625
      }
    },
    {
      "char": "千",
      "bbox": {
        "x_min": 0.51953125,
        "y_min": 0.224609375,
        "x_max": 0.603515625,
        "y_max": 0.353515625
      }
    },
    {
      "char": "零",
      "bbox": {
        "x_min": 0.412109375,
        "y_min": 0.83984375,
        "x_max": 0.490234375,
        "y_max": 0.98828125
      }
    },
    {
      "char": "千",
      "bbox": {
        "x_min": 0.572265625,
        "y_min": 0.34375,
        "x_max": 0.814453125,
        "y_max": 0.6328125
      }
    },
    {
      "char": "二",
      "bbox": {
        "x_min": 0.650390625,
        "y_min": 0.201171875,
        "x_max": 0.744140625,
        "y_max": 0.283203125
      }
    }
  ]
}