{
  "image_filename": "00126.png",
  "visualization_filename": "00126_vis.png",
  "mnist_digits": [
    1,
    5,
    5,
    3,
    3,
    6,
    6,
    7,
    3,
    3,
    4,
    1,
    1,
    8,
    0,
    7,
    3,
    5,
    4,
    4,
    9,
    6,
    4,
    4,
    0,
    0,
    1,
    4,
    9
  ],
  "boxes": [
    {
      "char": "六",
      "bbox": {
        "x_min": 0.390625,
        "y_min": 0.162109375,
        "x_max": 0.44921875,
        "y_max": 0.28515625
      }
    },
    {
      "char": "万",
      "bbox": {
        "x_min": 0.462890625,
        "y_min": 0.33984375,
        "x_max": 0.841796875,
        "y_max": 0.859375
      }
    }
  ]
}