{
  "image_filename": "00123.png",
  "visualization_filename": "00123_vis.png",
  "mnist_digits": [
    2,
    9,
    7,
    2,
    1,
    5,
    0,
    5
  ],
  "boxes": [
    {
      "char": "万",
      "bbox": {
        "x_min": 0.544921875,
        "y_min": 0.525390625,
        "x_max": 0.80859375,
        "y_max": 0.83203125
      }
    },
    {
      "char": "二",
      "bbox": {
        "x_min": 0.11328125,
        "y_min": 0.130859375,
        "x_max": 0.16015625,
        "y_max": 0.169921875
      }
    },
    {
      "char": "五",
      "bbox": {
        "x_min": 0.029296875,
        "y_min": 0.09375,
        "x_max": 0.10546875,
        "y_max": 0.158203125
      }
    },
    {
      "char": "五",
      "bbox": {
        "x_min": 0.30859375,
        "y_min": 0.150390625,
        "x_max": 0.49609375,
        "y_max": 0.369140625
      }
    },
    {
      "char": "二",
      "bbox": {
        "x_min": 0.443359375,
        "y_min": 0.490234375,
        "x_max": 0.568359375,
        "y_max": 0.572265625
      }
    }
  ]
}