{
  "image_filename": "00139.png",
  "visualization_filename": "00139_vis.png",
  "mnist_digits": [
    6,
    9,
    4,
    8,
    3,
    7,
    4,
    3,
    7,
    5,
    6,
    2,
    0,
    1,
    5,
    0,
    0,
    4,
    3,
    9,
    6,
    6,
    3,
    5,
    8,
    4,
    3,
    9,
    1
  ],
  "boxes": [
    {
      "char": "七",
      "bbox": {
        "x_min": 0.6015625,
        "y_min": 0.302734375,
        "x_max": 0.70703125,
        "y_max": 0.396484375
      }
    },
    {
      "char": "万",
      "bbox": {
        "x_min": 0.16796875,
        "y_min": 0.408203125,
        "x_max": 0.310546875,
        "y_max": 0.6328125
      }
    },
    {
      "char": "九",
      "bbox": {
        "x_min": 0.44921875,
        "y_min": 0.630859375,
        "x_max": 0.583984375,
        "y_max": 0.8125
      }
    },
    {
      "char": "九",
      "bbox": {
        "x_min": 0.193359375,
        "y_min": 0.212890625,
        "x_max": 0.275390625,
        "y_max": 0.30078125
      }
    },
    {
      "char": "零",
      "bbox": {
        "x_min": 0.69140625,
        "y_min": 0.06640625,
        "x_max": 0.7421875,
        "y_max": 0.158203125
      }
    }
  ]
}