{
  "image_filename": "00135.png",
  "visualization_filename": "00135_vis.png",
  "mnist_digits": [
    7,
    5,
    2,
    3
  ],
  "boxes": [
    {
      "char": "二",
      "bbox": {
        "x_min": 0.205078125,
        "y_min": 0.708984375,
        "x_max": 0.232421875,
        "y_max": 0.744140625
      }
    },
    {
      "char": "亿",
      "bbox": {
        "x_min": 0.353515625,
        "y_min": 0.04296875,
        "x_max": 0.95703125,
        "y_max": 0.78515625
      }
    }
  ]
}