{
  "image_filename": "00136.png",
  "visualization_filename": "00136_vis.png",
  "mnist_digits": [
    4,
    9,
    0,
    8,
    1,
    3,
    7,
    0,
    6,
    3,
    2,
    8,
    6,
    1,
    0,
    7,
    5,
    6,
    0,
    8,
    2,
    4,
    8,
    0,
    5,
    5,
    3,
    3,
    7,
    0,
    5
  ],
  "boxes": [
    {
      "char": "七",
      "bbox": {
        "x_min": 0.673828125,
        "y_min": 0.30859375,
        "x_max": 0.892578125,
        "y_max": 0.55078125
      }
    }
  ]
}