{
  "image_filename": "00133.png",
  "visualization_filename": "00133_vis.png",
  "mnist_digits": [
    8,
    0,
    8,
    7,
    3,
    3,
    1,
    9,
    5,
    3,
    2,
    4,
    8,
    1,
    9,
    7,
    6,
    1,
    8,
    2,
    1,
    6
  ],
  "boxes": [
    {
      "char": "三",
      "bbox": {
        "x_min": 0.623046875,
        "y_min": 0.736328125,
        "x_max": 0.65625,
        "y_max": 0.76953125
      }
    },
    {
      "char": "九",
      "bbox": {
        "x_min": 0.34375,
        "y_min": 0.84375,
        "x_max": 0.40625,
        "y_max": 0.8984375
      }
    },
    {
      "char": "一",
      "bbox": {
        "x_min": 0.083984375,
        "y_min": 0.22265625,
        "x_max": 0.201171875,
        "y_max": 0.251953125
      }
    },
    {
      "char": "六",
      "bbox": {
        "x_min": 0.384765625,
        "y_min": 0.34765625,
        "x_max": 0.6484375,
        "y_max": 0.599609375
      }
    },
    {
      "char": "亿",
      "bbox": {
        "x_min": 0.162109375,
        "y_min": 0.552734375,
        "x_max": 0.302734375,
        "y_max": 0.6875
      }
    },
    {
      "char": "百",
      "bbox": {
        "x_min": 0.689453125,
        "y_min": 0.419921875,
        "x_max": 0.728515625,
        "y_max": 0.521484375
      }
    },
    {
      "char": "亿",
      "bbox": {
        "x_min": 0.75390625,
        "y_min": 0.3671875,
        "x_max": 0.9765625,
        "y_max": 0.58984375
      }
    },
    {
      "char": "一",
      "bbox": {
        "x_min": 0.23828125,
        "y_min": 0.203125,
        "x_max": 0.283203125,
        "y_max": 0.244140625
      }
    },
    {
      "char": "七",
      "bbox": {
        "x_min": 0.701171875,
        "y_min": 0.318359375,
        "x_max": 0.744140625,
        "y_max": 0.369140625
      }
    }
  ]
}