{
  "image_filename": "00131.png",
  "visualization_filename": "00131_vis.png",
  "mnist_digits": [
    1,
    1,
    0,
    2,
    1,
    5,
    5,
    4,
    1,
    1,
    4,
    6,
    6,
    2,
    7,
    5,
    3,
    7,
    2,
    6,
    9,
    2,
    4,
    1,
    5,
    9,
    2
  ],
  "boxes": [
    {
      "char": "百",
      "bbox": {
        "x_min": 0.34765625,
        "y_min": 0.744140625,
        "x_max": 0.373046875,
        "y_max": 0.7890625
      }
    },
    {
      "char": "十",
      "bbox": {
        "x_min": 0.705078125,
        "y_min": 0.130859375,
        "x_max": 0.921875,
        "y_max": 0.41796875
      }
    },
    {
      "char": "八",
      "bbox": {
        "x_min": 0.06640625,
        "y_min": 0.111328125,
        "x_max": 0.41796875,
        "y_max": 0.462890625
      }
    }
  ]
}