{
  "image_filename": "00130.png",
  "visualization_filename": "00130_vis.png",
  "mnist_digits": [
    7,
    1,
    4,
    8,
    3,
    7,
    5,
    5,
    3,
    9,
    1,
    0,
    0,
    5,
    4,
    7,
    2,
    7,
    1,
    2,
    0,
    5,
    1,
    4,
    0,
    7,
    9,
    1,
    3,
    3,
    7,
    7,
    0
  ],
  "boxes": [
    {
      "char": "十",
      "bbox": {
        "x_min": 0.61328125,
        "y_min": 0.138671875,
        "x_max": 0.998046875,
        "y_max": 0.599609375
      }
    }
  ]
}