{
  "image_filename": "00137.png",
  "visualization_filename": "00137_vis.png",
  "mnist_digits": [
    9,
    4,
    1,
    1
  ],
  "boxes": [
    {
      "char": "零",
      "bbox": {
        "x_min": 0.404296875,
        "y_min": 0.474609375,
        "x_max": 0.435546875,
        "y_max": 0.53515625
      }
    },
    {
      "char": "万",
      "bbox": {
        "x_min": 0.57421875,
        "y_min": 0.814453125,
        "x_max": 0.619140625,
        "y_max": 0.875
      }
    },
    {
      "char": "九",
      "bbox": {
        "x_min": 0.224609375,
        "y_min": 0.107421875,
        "x_max": 0.2734375,
        "y_max": 0.171875
      }
    },
    {
      "char": "亿",
      "bbox": {
        "x_min": 0.58203125,
        "y_min": 0.732421875,
        "x_max": 0.642578125,
        "y_max": 0.791015625
      }
    },
    {
      "char": "零",
      "bbox": {
        "x_min": 0.099609375,
        "y_min": 0.62109375,
        "x_max": 0.341796875,
        "y_max": 0.99609375
      }
    },
    {
      "char": "六",
      "bbox": {
        "x_min": 0.384765625,
        "y_min": 0.1484375,
        "x_max": 0.626953125,
        "y_max": 0.4609375
      }
    },
    {
      "char": "零",
      "bbox": {
        "x_min": 0.173828125,
        "y_min": 0.193359375,
        "x_max": 0.314453125,
        "y_max": 0.443359375
      }
    },
    {
      "char": "五",
      "bbox": {
        "x_min": 0.416015625,
        "y_min": 0.75390625,
        "x_max": 0.541015625,
        "y_max": 0.87890625
      }
    }
  ]
}