{
  "image_filename": "00138.png",
  "visualization_filename": "00138_vis.png",
  "mnist_digits": [
    9,
    0,
    9,
    9,
    4,
    0,
    8,
    6,
    9,
    3,
    5,
    6,
    0,
    1,
    3,
    8,
    2
  ],
  "boxes": [
    {
      "char": "五",
      "bbox": {
        "x_min": 0.154296875,
        "y_min": 0.353515625,
        "x_max": 0.244140625,
        "y_max": 0.458984375
      }
    },
    {
      "char": "八",
      "bbox": {
        "x_min": 0.294921875,
        "y_min": 0.658203125,
        "x_max": 0.40625,
        "y_max": 0.822265625
      }
    },
    {
      "char": "三",
      "bbox": {
        "x_min": 0.537109375,
        "y_min": 0.455078125,
        "x_max": 0.91015625,
        "y_max": 0.75
      }
    },
    {
      "char": "一",
      "bbox": {
        "x_min": 0.203125,
        "y_min": 0.619140625,
        "x_max": 0.25,
        "y_max": 0.6328125
      }
    },
    {
      "char": "万",
      "bbox": {
        "x_min": 0.84375,
        "y_min": 0.58203125,
        "x_max": 0.9609375,
        "y_max": 0.67578125
      }
    },
    {
      "char": "七",
      "bbox": {
        "x_min": 0.91015625,
        "y_min": 0.029296875,
        "x_max": 0.978515625,
        "y_max": 0.119140625
      }
    },
    {
      "char": "四",
      "bbox": {
        "x_min": 0.185546875,
        "y_min": 0.8984375,
        "x_max": 0.310546875,
        "y_max": 0.98828125
      }
    },
    {
      "char": "八",
      "bbox": {
        "x_min": 0.072265625,
        "y_min": 0.12109375,
        "x_max": 0.169921875,
        "y_max": 0.23828125
      }
    },
    {
      "char": "四",
      "bbox": {
        "x_min": 0.41015625,
        "y_min": 0.900390625,
        "x_max": 0.466796875,
        "y_max": 0.94921875
      }
    }
  ]
}