{
  "image_filename": "00145.png",
  "visualization_filename": "00145_vis.png",
  "mnist_digits": [
    2,
    7,
    7,
    3,
    6,
    6,
    0,
    3,
    5,
    2,
    0,
    3,
    0,
    1,
    0
  ],
  "boxes": [
    {
      "char": "亿",
      "bbox": {
        "x_min": 0.1171875,
        "y_min": 0.294921875,
        "x_max": 0.341796875,
        "y_max": 0.4609375
      }
    },
    {
      "char": "六",
      "bbox": {
        "x_min": 0.412109375,
        "y_min": 0.306640625,
        "x_max": 0.689453125,
        "y_max": 0.697265625
      }
    },
    {
      "char": "三",
      "bbox": {
        "x_min": 0.904296875,
        "y_min": 0.02734375,
        "x_max": 0.998046875,
        "y_max": 0.119140625
      }
    },
    {
      "char": "五",
      "bbox": {
        "x_min": 0.2578125,
        "y_min": 0.923828125,
        "x_max": 0.3046875,
        "y_max": 0.966796875
      }
    }
  ]
}