{
  "image_filename": "00141.png",
  "visualization_filename": "00141_vis.png",
  "mnist_digits": [
    9,
    3,
    5,
    3,
    0,
    8,
    9,
    1
  ],
  "boxes": [
    {
      "char": "千",
      "bbox": {
        "x_min": 0.150390625,
        "y_min": 0.59375,
        "x_max": 0.244140625,
        "y_max": 0.69921875
      }
    },
    {
      "char": "九",
      "bbox": {
        "x_min": 0.359375,
        "y_min": 0.515625,
        "x_max": 0.5546875,
        "y_max": 0.658203125
      }
    },
    {
      "char": "一",
      "bbox": {
        "x_min": 0.640625,
        "y_min": 0.93359375,
        "x_max": 0.72265625,
        "y_max": 0.96484375
      }
    },
    {
      "char": "八",
      "bbox": {
        "x_min": 0.228515625,
        "y_min": 0.142578125,
        "x_max": 0.4140625,
        "y_max": 0.34375
      }
    }
  ]
}