{
  "image_filename": "00149.png",
  "visualization_filename": "00149_vis.png",
  "mnist_digits": [
    4,
    6,
    0,
    9,
    2,
    1,
    6,
    6,
    9,
    7,
    4,
    0,
    2,
    4,
    3,
    6,
    4,
    7,
    1,
    6,
    9,
    8,
    1,
    1,
    0,
    2,
    9,
    8,
    0,
    1,
    5,
    8,
    7
  ],
  "boxes": [
    {
      "char": "二",
      "bbox": {
        "x_min": 0.47265625,
        "y_min": 0.2265625,
        "x_max": 0.595703125,
        "y_max": 0.3203125
      }
    },
    {
      "char": "百",
      "bbox": {
        "x_min": 0.4609375,
        "y_min": 0.591796875,
        "x_max": 0.490234375,
        "y_max": 0.646484375
      }
    },
    {
      "char": "亿",
      "bbox": {
        "x_min": 0.140625,
        "y_min": 0.33203125,
        "x_max": 0.21484375,
        "y_max": 0.42578125
      }
    },
    {
      "char": "四",
      "bbox": {
        "x_min": 0.494140625,
        "y_min": 0.7578125,
        "x_max": 0.681640625,
        "y_max": 0.9453125
      }
    },
    {
      "char": "七",
      "bbox": {
        "x_min": 0.720703125,
        "y_min": 0.60546875,
        "x_max": 0.921875,
        "y_max": 0.806640625
      }
    },
    {
      "char": "百",
      "bbox": {
        "x_min": 0.0078125,
        "y_min": 0.734375,
        "x_max": 0.044921875,
        "y_max": 0.787109375
      }
    }
  ]
}