{
  "image_filename": "00147.png",
  "visualization_filename": "00147_vis.png",
  "mnist_digits": [
    2,
    9,
    1,
    0,
    0,
    1,
    6,
    7,
    8,
    3,
    7,
    9,
    2,
    2,
    6,
    6,
    7,
    5,
    7,
    1,
    5,
    9
  ],
  "boxes": [
    {
      "char": "三",
      "bbox": {
        "x_min": 0.255859375,
        "y_min": 0.28125,
        "x_max": 0.521484375,
        "y_max": 0.5078125
      }
    },
    {
      "char": "五",
      "bbox": {
        "x_min": 0.349609375,
        "y_min": 0.50390625,
        "x_max": 0.451171875,
        "y_max": 0.67578125
      }
    },
    {
      "char": "百",
      "bbox": {
        "x_min": 0.724609375,
        "y_min": 0.185546875,
        "x_max": 0.787109375,
        "y_max": 0.326171875
      }
    },
    {
      "char": "五",
      "bbox": {
        "x_min": 0.6171875,
        "y_min": 0.73828125,
        "x_max": 0.775390625,
        "y_max": 0.919921875
      }
    },
    {
      "char": "二",
      "bbox": {
        "x_min": 0.1328125,
        "y_min": 0.69921875,
        "x_max": 0.23828125,
        "y_max": 0.765625
      }
    }
  ]
}