{
  "image_filename": "00142.png",
  "visualization_filename": "00142_vis.png",
  "mnist_digits": [
    0,
    7,
    9,
    3,
    5,
    8,
    4,
    1,
    5,
    1,
    4,
    9,
    3,
    1,
    2
  ],
  "boxes": [
    {
      "char": "四",
      "bbox": {
        "x_min": 0.119140625,
        "y_min": 0.619140625,
        "x_max": 0.498046875,
        "y_max": 0.89453125
      }
    },
    {
      "char": "万",
      "bbox": {
        "x_min": 0.583984375,
        "y_min": 0.296875,
        "x_max": 0.61328125,
        "y_max": 0.33984375
      }
    }
  ]
}