{
  "image_filename": "00143.png",
  "visualization_filename": "00143_vis.png",
  "mnist_digits": [
    1,
    7,
    3,
    9,
    7
  ],
  "boxes": [
    {
      "char": "百",
      "bbox": {
        "x_min": 0.75,
        "y_min": 0.50390625,
        "x_max": 0.9609375,
        "y_max": 0.81640625
      }
    },
    {
      "char": "九",
      "bbox": {
        "x_min": 0.2265625,
        "y_min": 0.24609375,
        "x_max": 0.453125,
        "y_max": 0.51171875
      }
    },
    {
      "char": "二",
      "bbox": {
        "x_min": 0.01953125,
        "y_min": 0.30078125,
        "x_max": 0.09375,
        "y_max": 0.361328125
      }
    },
    {
      "char": "千",
      "bbox": {
        "x_min": 0.33203125,
        "y_min": 0.046875,
        "x_max": 0.4375,
        "y_max": 0.1640625
      }
    },
    {
      "char": "零",
      "bbox": {
        "x_min": 0.01953125,
        "y_min": 0.697265625,
        "x_max": 0.08984375,
        "y_max": 0.787109375
      }
    },
    {
      "char": "六",
      "bbox": {
        "x_min": 0.138671875,
        "y_min": 0.048828125,
        "x_max": 0.259765625,
        "y_max": 0.169921875
      }
    }
  ]
}