{
  "image_filename": "00146.png",
  "visualization_filename": "00146_vis.png",
  "mnist_digits": [
    2,
    9,
    2,
    2,
    0,
    4,
    1,
    9,
    7,
    8,
    7,
    2,
    3,
    1
  ],
  "boxes": [
    {
      "char": "五",
      "bbox": {
        "x_min": 0.177734375,
        "y_min": 0.611328125,
        "x_max": 0.349609375,
        "y_max": 0.744140625
      }
    },
    {
      "char": "二",
      "bbox": {
        "x_min": 0.791015625,
        "y_min": 0.806640625,
        "x_max": 0.857421875,
        "y_max": 0.892578125
      }
    },
    {
      "char": "二",
      "bbox": {
        "x_min": 0.28515625,
        "y_min": 0.3359375,
        "x_max": 0.60546875,
        "y_max": 0.5859375
      }
    },
    {
      "char": "八",
      "bbox": {
        "x_min": 0.640625,
        "y_min": 0.755859375,
        "x_max": 0.755859375,
        "y_max": 0.841796875
      }
    },
    {
      "char": "六",
      "bbox": {
        "x_min": 0.646484375,
        "y_min": 0.396484375,
        "x_max": 0.708984375,
        "y_max": 0.4453125
      }
    },
    {
      "char": "千",
      "bbox": {
        "x_min": 0.0234375,
        "y_min": 0.041015625,
        "x_max": 0.33984375,
        "y_max": 0.40234375
      }
    }
  ]
}