{
  "image_filename": "00144.png",
  "visualization_filename": "00144_vis.png",
  "mnist_digits": [
    7,
    8,
    7,
    5,
    3,
    0,
    8,
    0,
    6,
    2,
    5,
    4,
    3,
    8,
    0,
    6,
    1,
    7
  ],
  "boxes": [
    {
      "char": "四",
      "bbox": {
        "x_min": 0.181640625,
        "y_min": 0.3125,
        "x_max": 0.525390625,
        "y_max": 0.65625
      }
    },
    {
      "char": "十",
      "bbox": {
        "x_min": 0.83984375,
        "y_min": 0.0859375,
        "x_max": 0.87109375,
        "y_max": 0.134765625
      }
    },
    {
      "char": "五",
      "bbox": {
        "x_min": 0.681640625,
        "y_min": 0.0234375,
        "x_max": 0.89453125,
        "y_max": 0.37109375
      }
    },
    {
      "char": "亿",
      "bbox": {
        "x_min": 0.65234375,
        "y_min": 0.48828125,
        "x_max": 0.94921875,
        "y_max": 0.65234375
      }
    },
    {
      "char": "八",
      "bbox": {
        "x_min": 0.15625,
        "y_min": 0.900390625,
        "x_max": 0.236328125,
        "y_max": 0.962890625
      }
    },
    {
      "char": "三",
      "bbox": {
        "x_min": 0.18359375,
        "y_min": 0.689453125,
        "x_max": 0.3125,
        "y_max": 0.818359375
      }
    },
    {
      "char": "千",
      "bbox": {
        "x_min": 0.08984375,
        "y_min": 0.75390625,
        "x_max": 0.17578125,
        "y_max": 0.91015625
      }
    }
  ]
}