{
  "image_filename": "00155.png",
  "visualization_filename": "00155_vis.png",
  "mnist_digits": [
    6,
    8,
    5,
    8,
    4,
    4,
    0,
    1,
    9,
    2,
    6,
    8,
    6,
    7,
    5,
    0,
    0,
    0,
    6,
    5,
    5,
    9,
    2,
    3,
    0,
    4
  ],
  "boxes": [
    {
      "char": "零",
      "bbox": {
        "x_min": 0.109375,
        "y_min": 0.13671875,
        "x_max": 0.455078125,
        "y_max": 0.84765625
      }
    },
    {
      "char": "千",
      "bbox": {
        "x_min": 0.451171875,
        "y_min": 0.603515625,
        "x_max": 0.5859375,
        "y_max": 0.779296875
      }
    }
  ]
}