{
  "image_filename": "00152.png",
  "visualization_filename": "00152_vis.png",
  "mnist_digits": [
    1,
    8,
    5,
    3,
    7,
    1,
    7,
    6,
    3,
    8,
    0,
    6,
    8,
    8,
    9,
    1,
    6,
    1,
    7,
    0,
    7,
    3,
    4,
    5,
    5,
    8,
    6,
    9
  ],
  "boxes": [
    {
      "char": "亿",
      "bbox": {
        "x_min": 0.16015625,
        "y_min": 0.36328125,
        "x_max": 0.24609375,
        "y_max": 0.443359375
      }
    },
    {
      "char": "八",
      "bbox": {
        "x_min": 0.1953125,
        "y_min": 0.10546875,
        "x_max": 0.28515625,
        "y_max": 0.20703125
      }
    },
    {
      "char": "一",
      "bbox": {
        "x_min": 0.08984375,
        "y_min": 0.01171875,
        "x_max": 0.12109375,
        "y_max": 0.0390625
      }
    },
    {
      "char": "六",
      "bbox": {
        "x_min": 0.634765625,
        "y_min": 0.02734375,
        "x_max": 0.712890625,
        "y_max": 0.125
      }
    },
    {
      "char": "万",
      "bbox": {
        "x_min": 0.361328125,
        "y_min": 0.458984375,
        "x_max": 0.529296875,
        "y_max": 0.6640625
      }
    },
    {
      "char": "亿",
      "bbox": {
        "x_min": 0.056640625,
        "y_min": 0.267578125,
        "x_max": 0.166015625,
        "y_max": 0.388671875
      }
    },
    {
      "char": "七",
      "bbox": {
        "x_min": 0.14453125,
        "y_min": 0.119140625,
        "x_max": 0.171875,
        "y_max": 0.1484375
      }
    },
    {
      "char": "六",
      "bbox": {
        "x_min": 0.888671875,
        "y_min": 0.107421875,
        "x_max": 0.98046875,
        "y_max": 0.22265625
      }
    }
  ]
}