{
  "image_filename": "00153.png",
  "visualization_filename": "00153_vis.png",
  "mnist_digits": [
    9,
    1,
    5,
    5,
    0,
    8,
    1,
    6,
    2,
    5,
    7,
    5,
    5,
    5,
    7,
    6,
    1,
    7,
    6,
    9,
    4,
    6,
    1,
    6,
    2,
    1,
    8
  ],
  "boxes": [
    {
      "char": "二",
      "bbox": {
        "x_min": 0.017578125,
        "y_min": 0.42578125,
        "x_max": 0.1171875,
        "y_max": 0.529296875
      }
    },
    {
      "char": "五",
      "bbox": {
        "x_min": 0.23828125,
        "y_min": 0.544921875,
        "x_max": 0.361328125,
        "y_max": 0.703125
      }
    },
    {
      "char": "四",
      "bbox": {
        "x_min": 0.111328125,
        "y_min": 0.095703125,
        "x_max": 0.361328125,
        "y_max": 0.283203125
      }
    },
    {
      "char": "四",
      "bbox": {
        "x_min": 0.796875,
        "y_min": 0.033203125,
        "x_max": 0.9140625,
        "y_max": 0.134765625
      }
    },
    {
      "char": "百",
      "bbox": {
        "x_min": 0.732421875,
        "y_min": 0.490234375,
        "x_max": 0.919921875,
        "y_max": 0.771484375
      }
    },
    {
      "char": "十",
      "bbox": {
        "x_min": 0.267578125,
        "y_min": 0.435546875,
        "x_max": 0.345703125,
        "y_max": 0.513671875
      }
    }
  ]
}