{
  "image_filename": "00150.png",
  "visualization_filename": "00150_vis.png",
  "mnist_digits": [
    4,
    7,
    0,
    4,
    6,
    2
  ],
  "boxes": [
    {
      "char": "十",
      "bbox": {
        "x_min": 0.734375,
        "y_min": 0.37890625,
        "x_max": 0.875,
        "y_max": 0.578125
      }
    },
    {
      "char": "万",
      "bbox": {
        "x_min": 0.875,
        "y_min": 0.20703125,
        "x_max": 0.919921875,
        "y_max": 0.314453125
      }
    },
    {
      "char": "四",
      "bbox": {
        "x_min": 0.796875,
        "y_min": 0.673828125,
        "x_max": 0.95703125,
        "y_max": 0.82421875
      }
    },
    {
      "char": "四",
      "bbox": {
        "x_min": 0.0625,
        "y_min": 0.966796875,
        "x_max": 0.109375,
        "y_max": 0.998046875
      }
    },
    {
      "char": "六",
      "bbox": {
        "x_min": 0.50390625,
        "y_min": 0.79296875,
        "x_max": 0.64453125,
        "y_max": 0.986328125
      }
    },
    {
      "char": "百",
      "bbox": {
        "x_min": 0.220703125,
        "y_min": 0.318359375,
        "x_max": 0.337890625,
        "y_max": 0.455078125
      }
    },
    {
      "char": "零",
      "bbox": {
        "x_min": 0.208984375,
        "y_min": 0.091796875,
        "x_max": 0.322265625,
        "y_max": 0.248046875
      }
    }
  ]
}