{
  "image_filename": "00151.png",
  "visualization_filename": "00151_vis.png",
  "mnist_digits": [
    0,
    4,
    1,
    6,
    4,
    9,
    3,
    8,
    8,
    7,
    9,
    2,
    6,
    7,
    2,
    0,
    2
  ],
  "boxes": [
    {
      "char": "七",
      "bbox": {
        "x_min": 0.283203125,
        "y_min": 0.857421875,
        "x_max": 0.314453125,
        "y_max": 0.904296875
      }
    },
    {
      "char": "二",
      "bbox": {
        "x_min": 0.279296875,
        "y_min": 0.345703125,
        "x_max": 0.7265625,
        "y_max": 0.6875
      }
    },
    {
      "char": "千",
      "bbox": {
        "x_min": 0.185546875,
        "y_min": 0.62109375,
        "x_max": 0.275390625,
        "y_max": 0.76171875
      }
    },
    {
      "char": "三",
      "bbox": {
        "x_min": 0.30859375,
        "y_min": 0.763671875,
        "x_max": 0.443359375,
        "y_max": 0.892578125
      }
    },
    {
      "char": "二",
      "bbox": {
        "x_min": 0.8046875,
        "y_min": 0.326171875,
        "x_max": 0.86328125,
        "y_max": 0.380859375
      }
    }
  ]
}