{
  "image_filename": "00157.png",
  "visualization_filename": "00157_vis.png",
  "mnist_digits": [
    2,
    3,
    7,
    1,
    0,
    5,
    9,
    9,
    3,
    2,
    0,
    1
  ],
  "boxes": [
    {
      "char": "八",
      "bbox": {
        "x_min": 0.0546875,
        "y_min": 0.734375,
        "x_max": 0.099609375,
        "y_max": 0.771484375
      }
    },
    {
      "char": "万",
      "bbox": {
        "x_min": 0.828125,
        "y_min": 0.396484375,
        "x_max": 0.875,
        "y_max": 0.458984375
      }
    },
    {
      "char": "三",
      "bbox": {
        "x_min": 0.65625,
        "y_min": 0.455078125,
        "x_max": 0.990234375,
        "y_max": 0.90234375
      }
    },
    {
      "char": "一",
      "bbox": {
        "x_min": 0.28125,
        "y_min": 0.080078125,
        "x_max": 0.703125,
        "y_max": 0.396484375
      }
    },
    {
      "char": "三",
      "bbox": {
        "x_min": 0.091796875,
        "y_min": 0.751953125,
        "x_max": 0.404296875,
        "y_max": 0.970703125
      }
    },
    {
      "char": "八",
      "bbox": {
        "x_min": 0.36328125,
        "y_min": 0.451171875,
        "x_max": 0.54296875,
        "y_max": 0.615234375
      }
    }
  ]
}