{
  "image_filename": "00156.png",
  "visualization_filename": "00156_vis.png",
  "mnist_digits": [
    2,
    1,
    1,
    3,
    5,
    2,
    6,
    4,
    6,
    9,
    1,
    4,
    8,
    3,
    3,
    6
  ],
  "boxes": [
    {
      "char": "九",
      "bbox": {
        "x_min": 0.1328125,
        "y_min": 0.705078125,
        "x_max": 0.33203125,
        "y_max": 0.931640625
      }
    },
    {
      "char": "三",
      "bbox": {
        "x_min": 0.791015625,
        "y_min": 0.26171875,
        "x_max": 0.826171875,
        "y_max": 0.296875
      }
    },
    {
      "char": "万",
      "bbox": {
        "x_min": 0.123046875,
        "y_min": 0.00390625,
        "x_max": 0.244140625,
        "y_max": 0.171875
      }
    },
    {
      "char": "三",
      "bbox": {
        "x_min": 0.2734375,
        "y_min": 0.486328125,
        "x_max": 0.498046875,
        "y_max": 0.66015625
      }
    },
    {
      "char": "九",
      "bbox": {
        "x_min": 0.111328125,
        "y_min": 0.697265625,
        "x_max": 0.138671875,
        "y_max": 0.73828125
      }
    },
    {
      "char": "九",
      "bbox": {
        "x_min": 0.7265625,
        "y_min": 0.3828125,
        "x_max": 0.8203125,
        "y_max": 0.5
      }
    }
  ]
}