{
  "image_filename": "00163.png",
  "visualization_filename": "00163_vis.png",
  "mnist_digits": [
    4,
    3,
    0,
    6,
    0,
    8,
    2,
    8,
    8,
    0,
    8,
    0,
    8,
    6,
    3,
    9
  ],
  "boxes": [
    {
      "char": "七",
      "bbox": {
        "x_min": 0.455078125,
        "y_min": 0.138671875,
        "x_max": 0.951171875,
        "y_max": 0.634765625
      }
    },
    {
      "char": "十",
      "bbox": {
        "x_min": 0.28125,
        "y_min": 0.408203125,
        "x_max": 0.328125,
        "y_max": 0.44921875
      }
    },
    {
      "char": "二",
      "bbox": {
        "x_min": 0.8515625,
        "y_min": 0.66796875,
        "x_max": 0.91796875,
        "y_max": 0.72265625
      }
    }
  ]
}