{
  "image_filename": "00161.png",
  "visualization_filename": "00161_vis.png",
  "mnist_digits": [
    5,
    0,
    5,
    6,
    1,
    7,
    0,
    8,
    0,
    1,
    4,
    9,
    4
  ],
  "boxes": [
    {
      "char": "五",
      "bbox": {
        "x_min": 0.21484375,
        "y_min": 0.23046875,
        "x_max": 0.7109375,
        "y_max": 0.7265625
      }
    },
    {
      "char": "二",
      "bbox": {
        "x_min": 0.73828125,
        "y_min": 0.5390625,
        "x_max": 0.80078125,
        "y_max": 0.580078125
      }
    },
    {
      "char": "十",
      "bbox": {
        "x_min": 0.42578125,
        "y_min": 0.7265625,
        "x_max": 0.48046875,
        "y_max": 0.8125
      }
    },
    {
      "char": "万",
      "bbox": {
        "x_min": 0.578125,
        "y_min": 0.02734375,
        "x_max": 0.6640625,
        "y_max": 0.17578125
      }
    },
    {
      "char": "亿",
      "bbox": {
        "x_min": 0.791015625,
        "y_min": 0.7890625,
        "x_max": 0.9921875,
        "y_max": 0.990234375
      }
    },
    {
      "char": "亿",
      "bbox": {
        "x_min": 0.60546875,
        "y_min": 0.5546875,
        "x_max": 0.638671875,
        "y_max": 0.591796875
      }
    }
  ]
}