{
  "image_filename": "00167.png",
  "visualization_filename": "00167_vis.png",
  "mnist_digits": [
    6,
    7,
    0,
    8,
    5,
    4,
    4,
    3,
    2,
    6,
    3,
    5,
    1,
    5,
    2,
    7,
    7,
    7
  ],
  "boxes": [
    {
      "char": "五",
      "bbox": {
        "x_min": 0.01171875,
        "y_min": 0.01171875,
        "x_max": 0.36328125,
        "y_max": 0.3515625
      }
    },
    {
      "char": "万",
      "bbox": {
        "x_min": 0.8984375,
        "y_min": 0.685546875,
        "x_max": 0.986328125,
        "y_max": 0.791015625
      }
    },
    {
      "char": "六",
      "bbox": {
        "x_min": 0.634765625,
        "y_min": 0.01171875,
        "x_max": 0.759765625,
        "y_max": 0.19921875
      }
    }
  ]
}