{
  "image_filename": "00160.png",
  "visualization_filename": "00160_vis.png",
  "mnist_digits": [
    9,
    7,
    8,
    9,
    1,
    6,
    4,
    3,
    4,
    4,
    7,
    6,
    7,
    7,
    5,
    3,
    8,
    8,
    0,
    1,
    3,
    9,
    5,
    3,
    9,
    3,
    8,
    9,
    0,
    1,
    9
  ],
  "boxes": [
    {
      "char": "四",
      "bbox": {
        "x_min": 0.4921875,
        "y_min": 0.58984375,
        "x_max": 0.703125,
        "y_max": 0.765625
      }
    }
  ]
}