{
  "image_filename": "00162.png",
  "visualization_filename": "00162_vis.png",
  "mnist_digits": [
    4,
    1,
    2,
    2,
    1,
    7,
    3,
    2,
    4,
    9,
    3,
    3,
    8,
    3,
    3,
    7,
    9,
    5,
    2,
    9,
    3,
    4,
    9,
    7,
    9,
    8,
    2,
    4,
    6,
    6,
    0
  ],
  "boxes": [
    {
      "char": "一",
      "bbox": {
        "x_min": 0.5234375,
        "y_min": 0.056640625,
        "x_max": 0.802734375,
        "y_max": 0.123046875
      }
    },
    {
      "char": "八",
      "bbox": {
        "x_min": 0.056640625,
        "y_min": 0.6015625,
        "x_max": 0.173828125,
        "y_max": 0.72265625
      }
    }
  ]
}