{
  "image_filename": "00169.png",
  "visualization_filename": "00169_vis.png",
  "mnist_digits": [
    8,
    7,
    2,
    2,
    4,
    6,
    2,
    0,
    1,
    4,
    9,
    5,
    1
  ],
  "boxes": [
    {
      "char": "九",
      "bbox": {
        "x_min": 0.435546875,
        "y_min": 0.828125,
        "x_max": 0.583984375,
        "y_max": 0.9609375
      }
    },
    {
      "char": "百",
      "bbox": {
        "x_min": 0.4296875,
        "y_min": 0.216796875,
        "x_max": 0.658203125,
        "y_max": 0.484375
      }
    },
    {
      "char": "十",
      "bbox": {
        "x_min": 0.787109375,
        "y_min": 0.765625,
        "x_max": 0.81640625,
        "y_max": 0.82421875
      }
    },
    {
      "char": "九",
      "bbox": {
        "x_min": 0.01953125,
        "y_min": 0.349609375,
        "x_max": 0.44921875,
        "y_max": 0.814453125
      }
    },
    {
      "char": "一",
      "bbox": {
        "x_min": 0.703125,
        "y_min": 0.81640625,
        "x_max": 0.76953125,
        "y_max": 0.84375
      }
    },
    {
      "char": "一",
      "bbox": {
        "x_min": 0.67578125,
        "y_min": 0.083984375,
        "x_max": 0.810546875,
        "y_max": 0.171875
      }
    }
  ]
}