{
  "image_filename": "00164.png",
  "visualization_filename": "00164_vis.png",
  "mnist_digits": [
    6,
    6,
    4,
    2,
    8,
    1,
    1
  ],
  "boxes": [
    {
      "char": "亿",
      "bbox": {
        "x_min": 0.064453125,
        "y_min": 0.0390625,
        "x_max": 0.96875,
        "y_max": 0.90625
      }
    },
    {
      "char": "五",
      "bbox": {
        "x_min": 0.04296875,
        "y_min": 0.224609375,
        "x_max": 0.09375,
        "y_max": 0.28125
      }
    }
  ]
}