{
  "image_filename": "00165.png",
  "visualization_filename": "00165_vis.png",
  "mnist_digits": [
    0,
    7,
    3,
    3,
    6,
    8,
    9,
    5,
    6,
    2,
    9,
    5,
    3,
    7,
    6,
    8,
    1,
    7,
    0,
    3,
    0,
    6,
    9,
    5,
    2,
    5,
    4,
    0,
    4,
    0,
    2,
    6,
    5,
    7
  ],
  "boxes": [
    {
      "char": "九",
      "bbox": {
        "x_min": 0.65625,
        "y_min": 0.759765625,
        "x_max": 0.74609375,
        "y_max": 0.830078125
      }
    }
  ]
}