{
  "image_filename": "00166.png",
  "visualization_filename": "00166_vis.png",
  "mnist_digits": [
    4,
    4,
    7,
    6,
    6,
    7,
    4,
    5,
    5,
    2,
    1,
    8,
    8,
    7,
    8,
    8,
    1,
    4,
    3,
    6,
    6,
    6,
    3,
    5,
    4,
    5
  ],
  "boxes": [
    {
      "char": "九",
      "bbox": {
        "x_min": 0.087890625,
        "y_min": 0.662109375,
        "x_max": 0.314453125,
        "y_max": 0.935546875
      }
    },
    {
      "char": "六",
      "bbox": {
        "x_min": 0.4375,
        "y_min": 0.173828125,
        "x_max": 0.625,
        "y_max": 0.361328125
      }
    },
    {
      "char": "一",
      "bbox": {
        "x_min": 0.56640625,
        "y_min": 0.458984375,
        "x_max": 0.79296875,
        "y_max": 0.576171875
      }
    },
    {
      "char": "九",
      "bbox": {
        "x_min": 0.09765625,
        "y_min": 0.06640625,
        "x_max": 0.16015625,
        "y_max": 0.15625
      }
    }
  ]
}