{
  "image_filename": "00168.png",
  "visualization_filename": "00168_vis.png",
  "mnist_digits": [
    9,
    5,
    4,
    0,
    8,
    9,
    5,
    6,
    8,
    2,
    8,
    3,
    6,
    2,
    7,
    4,
    3,
    5,
    9,
    1,
    9,
    5,
    9,
    2
  ],
  "boxes": [
    {
      "char": "零",
      "bbox": {
        "x_min": 0.76171875,
        "y_min": 0.625,
        "x_max": 0.8828125,
        "y_max": 0.77734375
      }
    },
    {
      "char": "五",
      "bbox": {
        "x_min": 0.3984375,
        "y_min": 0.064453125,
        "x_max": 0.7265625,
        "y_max": 0.357421875
      }
    },
    {
      "char": "一",
      "bbox": {
        "x_min": 0.1328125,
        "y_min": 0.017578125,
        "x_max": 0.19140625,
        "y_max": 0.033203125
      }
    },
    {
      "char": "四",
      "bbox": {
        "x_min": 0.32421875,
        "y_min": 0.359375,
        "x_max": 0.607421875,
        "y_max": 0.650390625
      }
    }
  ]
}