{
  "image_filename": "00171.png",
  "visualization_filename": "00171_vis.png",
  "mnist_digits": [
    0,
    6,
    2,
    5,
    8,
    1,
    6,
    8,
    4,
    4,
    1,
    7,
    4,
    7,
    0,
    6,
    6,
    1,
    5,
    7,
    3,
    7,
    9,
    2,
    6,
    4,
    1,
    1,
    5,
    5
  ],
  "boxes": [
    {
      "char": "亿",
      "bbox": {
        "x_min": 0.412109375,
        "y_min": 0.265625,
        "x_max": 0.83203125,
        "y_max": 0.619140625
      }
    },
    {
      "char": "十",
      "bbox": {
        "x_min": 0.5703125,
        "y_min": 0.212890625,
        "x_max": 0.6015625,
        "y_max": 0.24609375
      }
    },
    {
      "char": "七",
      "bbox": {
        "x_min": 0.775390625,
        "y_min": 0.80859375,
        "x_max": 0.869140625,
        "y_max": 0.896484375
      }
    },
    {
      "char": "百",
      "bbox": {
        "x_min": 0.044921875,
        "y_min": 0.359375,
        "x_max": 0.2265625,
        "y_max": 0.587890625
      }
    }
  ]
}