{
  "image_filename": "00172.png",
  "visualization_filename": "00172_vis.png",
  "mnist_digits": [
    4,
    4,
    1,
    1,
    2,
    4,
    3,
    9,
    3,
    5,
    4,
    6,
    2,
    2,
    5,
    2,
    8,
    6,
    3,
    7,
    8,
    8
  ],
  "boxes": [
    {
      "char": "百",
      "bbox": {
        "x_min": 0.595703125,
        "y_min": 0.71875,
        "x_max": 0.642578125,
        "y_max": 0.78125
      }
    },
    {
      "char": "三",
      "bbox": {
        "x_min": 0.861328125,
        "y_min": 0.439453125,
        "x_max": 0.97265625,
        "y_max": 0.533203125
      }
    },
    {
      "char": "千",
      "bbox": {
        "x_min": 0.572265625,
        "y_min": 0.318359375,
        "x_max": 0.64453125,
        "y_max": 0.45703125
      }
    },
    {
      "char": "千",
      "bbox": {
        "x_min": 0.341796875,
        "y_min": 0.46875,
        "x_max": 0.408203125,
        "y_max": 0.546875
      }
    }
  ]
}