{
  "image_filename": "00175.png",
  "visualization_filename": "00175_vis.png",
  "mnist_digits": [
    3,
    2,
    9,
    6,
    9,
    1,
    1,
    0,
    7,
    1,
    7,
    5,
    6,
    3,
    5,
    5,
    6,
    0,
    8,
    8,
    9,
    4,
    2,
    9
  ],
  "boxes": [
    {
      "char": "万",
      "bbox": {
        "x_min": 0.5,
        "y_min": 0.63671875,
        "x_max": 0.62890625,
        "y_max": 0.818359375
      }
    },
    {
      "char": "一",
      "bbox": {
        "x_min": 0.466796875,
        "y_min": 0.392578125,
        "x_max": 0.505859375,
        "y_max": 0.40234375
      }
    },
    {
      "char": "亿",
      "bbox": {
        "x_min": 0.4375,
        "y_min": 0.771484375,
        "x_max": 0.490234375,
        "y_max": 0.818359375
      }
    },
    {
      "char": "八",
      "bbox": {
        "x_min": 0.634765625,
        "y_min": 0.099609375,
        "x_max": 0.947265625,
        "y_max": 0.423828125
      }
    },
    {
      "char": "八",
      "bbox": {
        "x_min": 0.185546875,
        "y_min": 0.65234375,
        "x_max": 0.4140625,
        "y_max": 0.859375
      }
    },
    {
      "char": "十",
      "bbox": {
        "x_min": 0.44140625,
        "y_min": 0.08984375,
        "x_max": 0.48828125,
        "y_max": 0.154296875
      }
    }
  ]
}