{
  "image_filename": "00177.png",
  "visualization_filename": "00177_vis.png",
  "mnist_digits": [
    9,
    7,
    6,
    7,
    5,
    1,
    5,
    9,
    9,
    4,
    6,
    6,
    2,
    7,
    0,
    9,
    7,
    7,
    5,
    1,
    3,
    0,
    3,
    2
  ],
  "boxes": [
    {
      "char": "千",
      "bbox": {
        "x_min": 0.568359375,
        "y_min": 0.1484375,
        "x_max": 0.734375,
        "y_max": 0.470703125
      }
    },
    {
      "char": "二",
      "bbox": {
        "x_min": 0.783203125,
        "y_min": 0.75,
        "x_max": 0.908203125,
        "y_max": 0.83984375
      }
    }
  ]
}