{
  "image_filename": "00178.png",
  "visualization_filename": "00178_vis.png",
  "mnist_digits": [
    4,
    4,
    6,
    4,
    7,
    0,
    2,
    9
  ],
  "boxes": [
    {
      "char": "十",
      "bbox": {
        "x_min": 0.8203125,
        "y_min": 0.8125,
        "x_max": 0.92578125,
        "y_max": 0.982421875
      }
    },
    {
      "char": "万",
      "bbox": {
        "x_min": 0.232421875,
        "y_min": 0.515625,
        "x_max": 0.419921875,
        "y_max": 0.75
      }
    },
    {
      "char": "二",
      "bbox": {
        "x_min": 0.1953125,
        "y_min": 0.4375,
        "x_max": 0.26171875,
        "y_max": 0.48828125
      }
    },
    {
      "char": "二",
      "bbox": {
        "x_min": 0.220703125,
        "y_min": 0.865234375,
        "x_max": 0.447265625,
        "y_max": 0.990234375
      }
    },
    {
      "char": "二",
      "bbox": {
        "x_min": 0.22265625,
        "y_min": 0.189453125,
        "x_max": 0.45703125,
        "y_max": 0.361328125
      }
    },
    {
      "char": "二",
      "bbox": {
        "x_min": 0.880859375,
        "y_min": 0.41796875,
        "x_max": 0.986328125,
        "y_max": 0.546875
      }
    }
  ]
}