{
  "image_filename": "00174.png",
  "visualization_filename": "00174_vis.png",
  "mnist_digits": [
    4,
    4,
    6,
    4,
    7,
    9,
    0,
    8,
    6,
    1,
    1,
    0,
    2,
    8,
    8,
    9,
    2,
    8,
    1,
    8,
    1,
    1,
    5,
    5,
    3
  ],
  "boxes": [
    {
      "char": "九",
      "bbox": {
        "x_min": 0.62890625,
        "y_min": 0.318359375,
        "x_max": 0.673828125,
        "y_max": 0.3671875
      }
    },
    {
      "char": "百",
      "bbox": {
        "x_min": 0.201171875,
        "y_min": 0.287109375,
        "x_max": 0.5390625,
        "y_max": 0.845703125
      }
    },
    {
      "char": "二",
      "bbox": {
        "x_min": 0.5,
        "y_min": 0.900390625,
        "x_max": 0.595703125,
        "y_max": 0.96875
      }
    },
    {
      "char": "七",
      "bbox": {
        "x_min": 0.86328125,
        "y_min": 0.45703125,
        "x_max": 0.9296875,
        "y_max": 0.5234375
      }
    },
    {
      "char": "四",
      "bbox": {
        "x_min": 0.03125,
        "y_min": 0.453125,
        "x_max": 0.12890625,
        "y_max": 0.546875
      }
    }
  ]
}