{
  "image_filename": "00180.png",
  "visualization_filename": "00180_vis.png",
  "mnist_digits": [
    0,
    6,
    8,
    0,
    9,
    1,
    3,
    9,
    5,
    7,
    4,
    2,
    9,
    6
  ],
  "boxes": [
    {
      "char": "亿",
      "bbox": {
        "x_min": 0.3046875,
        "y_min": 0.380859375,
        "x_max": 0.734375,
        "y_max": 0.83984375
      }
    },
    {
      "char": "八",
      "bbox": {
        "x_min": 0.23046875,
        "y_min": 0.2578125,
        "x_max": 0.259765625,
        "y_max": 0.287109375
      }
    },
    {
      "char": "二",
      "bbox": {
        "x_min": 0.130859375,
        "y_min": 0.701171875,
        "x_max": 0.259765625,
        "y_max": 0.759765625
      }
    },
    {
      "char": "四",
      "bbox": {
        "x_min": 0.384765625,
        "y_min": 0.044921875,
        "x_max": 0.564453125,
        "y_max": 0.232421875
      }
    }
  ]
}