{
  "image_filename": "00185.png",
  "visualization_filename": "00185_vis.png",
  "mnist_digits": [
    1,
    0,
    7,
    1,
    3,
    8,
    2,
    3,
    8,
    6
  ],
  "boxes": [
    {
      "char": "万",
      "bbox": {
        "x_min": 0.173828125,
        "y_min": 0.650390625,
        "x_max": 0.23828125,
        "y_max": 0.765625
      }
    },
    {
      "char": "亿",
      "bbox": {
        "x_min": 0.404296875,
        "y_min": 0.2890625,
        "x_max": 0.46875,
        "y_max": 0.361328125
      }
    },
    {
      "char": "二",
      "bbox": {
        "x_min": 0.626953125,
        "y_min": 0.04296875,
        "x_max": 0.685546875,
        "y_max": 0.09375
      }
    },
    {
      "char": "七",
      "bbox": {
        "x_min": 0.6953125,
        "y_min": 0.201171875,
        "x_max": 0.7890625,
        "y_max": 0.341796875
      }
    },
    {
      "char": "七",
      "bbox": {
        "x_min": 0.53515625,
        "y_min": 0.759765625,
        "x_max": 0.66015625,
        "y_max": 0.884765625
      }
    },
    {
      "char": "三",
      "bbox": {
        "x_min": 0.75390625,
        "y_min": 0.732421875,
        "x_max": 0.8359375,
        "y_max": 0.818359375
      }
    },
    {
      "char": "零",
      "bbox": {
        "x_min": 0.275390625,
        "y_min": 0.38671875,
        "x_max": 0.462890625,
        "y_max": 0.662109375
      }
    }
  ]
}