{
  "image_filename": "00183.png",
  "visualization_filename": "00183_vis.png",
  "mnist_digits": [
    5,
    0,
    6,
    3,
    9,
    4,
    1,
    3,
    1,
    1,
    7,
    1,
    7,
    8,
    8,
    2,
    2,
    1,
    0,
    0,
    3,
    1
  ],
  "boxes": [
    {
      "char": "四",
      "bbox": {
        "x_min": 0.4296875,
        "y_min": 0.212890625,
        "x_max": 0.595703125,
        "y_max": 0.357421875
      }
    },
    {
      "char": "四",
      "bbox": {
        "x_min": 0.556640625,
        "y_min": 0.6953125,
        "x_max": 0.80859375,
        "y_max": 0.9296875
      }
    },
    {
      "char": "百",
      "bbox": {
        "x_min": 0.904296875,
        "y_min": 0.388671875,
        "x_max": 0.966796875,
        "y_max": 0.509765625
      }
    },
    {
      "char": "千",
      "bbox": {
        "x_min": 0.31640625,
        "y_min": 0.828125,
        "x_max": 0.43359375,
        "y_max": 0.9921875
      }
    }
  ]
}