{
  "image_filename": "00187.png",
  "visualization_filename": "00187_vis.png",
  "mnist_digits": [
    7,
    1,
    8,
    9,
    1,
    5,
    7,
    3,
    3,
    6,
    8,
    0,
    3,
    7,
    4
  ],
  "boxes": [
    {
      "char": "十",
      "bbox": {
        "x_min": 0.0703125,
        "y_min": 0.748046875,
        "x_max": 0.2109375,
        "y_max": 0.92578125
      }
    },
    {
      "char": "六",
      "bbox": {
        "x_min": 0.607421875,
        "y_min": 0.642578125,
        "x_max": 0.884765625,
        "y_max": 1
      }
    },
    {
      "char": "零",
      "bbox": {
        "x_min": 0.33984375,
        "y_min": 0.216796875,
        "x_max": 0.5390625,
        "y_max": 0.45703125
      }
    },
    {
      "char": "六",
      "bbox": {
        "x_min": 0.5625,
        "y_min": 0.193359375,
        "x_max": 0.650390625,
        "y_max": 0.298828125
      }
    },
    {
      "char": "二",
      "bbox": {
        "x_min": 0.583984375,
        "y_min": 0.845703125,
        "x_max": 0.642578125,
        "y_max": 0.904296875
      }
    }
  ]
}