{
  "image_filename": "00186.png",
  "visualization_filename": "00186_vis.png",
  "mnist_digits": [
    0,
    9,
    9,
    7,
    8,
    6,
    0,
    2,
    2,
    1,
    7,
    5,
    0,
    4,
    2,
    9,
    5,
    7,
    3,
    8,
    0,
    0,
    1,
    7,
    1,
    6
  ],
  "boxes": [
    {
      "char": "万",
      "bbox": {
        "x_min": 0.619140625,
        "y_min": 0.244140625,
        "x_max": 0.798828125,
        "y_max": 0.509765625
      }
    },
    {
      "char": "亿",
      "bbox": {
        "x_min": 0.48046875,
        "y_min": 0.51953125,
        "x_max": 0.662109375,
        "y_max": 0.70703125
      }
    },
    {
      "char": "六",
      "bbox": {
        "x_min": 0.109375,
        "y_min": 0.283203125,
        "x_max": 0.2734375,
        "y_max": 0.548828125
      }
    },
    {
      "char": "六",
      "bbox": {
        "x_min": 0.48828125,
        "y_min": 0.15625,
        "x_max": 0.58203125,
        "y_max": 0.30859375
      }
    },
    {
      "char": "百",
      "bbox": {
        "x_min": 0.962890625,
        "y_min": 0.244140625,
        "x_max": 0.990234375,
        "y_max": 0.291015625
      }
    },
    {
      "char": "六",
      "bbox": {
        "x_min": 0.337890625,
        "y_min": 0.158203125,
        "x_max": 0.3671875,
        "y_max": 0.1953125
      }
    },
    {
      "char": "三",
      "bbox": {
        "x_min": 0.75,
        "y_min": 0.41796875,
        "x_max": 1,
        "y_max": 0.615234375
      }
    }
  ]
}