{
  "image_filename": "00188.png",
  "visualization_filename": "00188_vis.png",
  "mnist_digits": [
    2,
    8,
    1,
    7,
    3
  ],
  "boxes": [
    {
      "char": "千",
      "bbox": {
        "x_min": 0.59765625,
        "y_min": 0.271484375,
        "x_max": 0.68359375,
        "y_max": 0.43359375
      }
    },
    {
      "char": "八",
      "bbox": {
        "x_min": 0.017578125,
        "y_min": 0.4296875,
        "x_max": 0.3359375,
        "y_max": 0.728515625
      }
    },
    {
      "char": "五",
      "bbox": {
        "x_min": 0.443359375,
        "y_min": 0.65625,
        "x_max": 0.802734375,
        "y_max": 0.9296875
      }
    },
    {
      "char": "九",
      "bbox": {
        "x_min": 0.068359375,
        "y_min": 0.021484375,
        "x_max": 0.287109375,
        "y_max": 0.201171875
      }
    },
    {
      "char": "四",
      "bbox": {
        "x_min": 0.65625,
        "y_min": 0.447265625,
        "x_max": 0.75,
        "y_max": 0.541015625
      }
    }
  ]
}