{
  "image_filename": "00181.png",
  "visualization_filename": "00181_vis.png",
  "mnist_digits": [
    4,
    9,
    0,
    4,
    2,
    3,
    1,
    1,
    9,
    6,
    8,
    1,
    1,
    7,
    6,
    4,
    3,
    2,
    0,
    5,
    7,
    9,
    1,
    1,
    7,
    9,
    9,
    1,
    5,
    6
  ],
  "boxes": [
    {
      "char": "五",
      "bbox": {
        "x_min": 0.783203125,
        "y_min": 0.5703125,
        "x_max": 0.818359375,
        "y_max": 0.615234375
      }
    },
    {
      "char": "三",
      "bbox": {
        "x_min": 0.625,
        "y_min": 0.619140625,
        "x_max": 0.703125,
        "y_max": 0.69140625
      }
    },
    {
      "char": "亿",
      "bbox": {
        "x_min": 0.142578125,
        "y_min": 0.447265625,
        "x_max": 0.2421875,
        "y_max": 0.564453125
      }
    },
    {
      "char": "五",
      "bbox": {
        "x_min": 0.37109375,
        "y_min": 0.318359375,
        "x_max": 0.58203125,
        "y_max": 0.521484375
      }
    }
  ]
}