{
  "image_filename": "00184.png",
  "visualization_filename": "00184_vis.png",
  "mnist_digits": [
    4,
    3,
    5,
    9,
    8,
    5,
    0,
    0,
    8,
    2,
    5,
    3,
    7,
    4,
    2,
    4,
    1,
    0,
    0,
    7,
    5,
    2,
    0,
    3,
    7,
    9
  ],
  "boxes": [
    {
      "char": "零",
      "bbox": {
        "x_min": 0.345703125,
        "y_min": 0.431640625,
        "x_max": 0.556640625,
        "y_max": 0.751953125
      }
    },
    {
      "char": "十",
      "bbox": {
        "x_min": 0.84765625,
        "y_min": 0.70703125,
        "x_max": 0.921875,
        "y_max": 0.83203125
      }
    }
  ]
}