{
  "image_filename": "00182.png",
  "visualization_filename": "00182_vis.png",
  "mnist_digits": [
    6,
    2,
    7,
    1,
    9,
    5,
    9,
    5,
    1,
    9,
    9,
    0,
    1,
    3,
    8,
    2,
    6,
    5,
    6,
    1,
    3,
    0,
    4,
    7,
    5
  ],
  "boxes": [
    {
      "char": "四",
      "bbox": {
        "x_min": 0.615234375,
        "y_min": 0.0234375,
        "x_max": 0.65625,
        "y_max": 0.068359375
      }
    },
    {
      "char": "五",
      "bbox": {
        "x_min": 0.373046875,
        "y_min": 0.263671875,
        "x_max": 0.560546875,
        "y_max": 0.43359375
      }
    },
    {
      "char": "亿",
      "bbox": {
        "x_min": 0.62890625,
        "y_min": 0.673828125,
        "x_max": 0.740234375,
        "y_max": 0.771484375
      }
    },
    {
      "char": "七",
      "bbox": {
        "x_min": 0.443359375,
        "y_min": 0.724609375,
        "x_max": 0.599609375,
        "y_max": 0.912109375
      }
    },
    {
      "char": "百",
      "bbox": {
        "x_min": 0.833984375,
        "y_min": 0.2109375,
        "x_max": 0.966796875,
        "y_max": 0.375
      }
    }
  ]
}