{
  "image_filename": "00191.png",
  "visualization_filename": "00191_vis.png",
  "mnist_digits": [
    2,
    2,
    5,
    6,
    7,
    5,
    9,
    1,
    2,
    7,
    8,
    8,
    5,
    3,
    7,
    9,
    4,
    6,
    4,
    9,
    8,
    1,
    5,
    1,
    5,
    3,
    4,
    5,
    7,
    4,
    6,
    2
  ],
  "boxes": [
    {
      "char": "一",
      "bbox": {
        "x_min": 0.705078125,
        "y_min": 0.7578125,
        "x_max": 0.916015625,
        "y_max": 0.818359375
      }
    },
    {
      "char": "零",
      "bbox": {
        "x_min": 0.314453125,
        "y_min": 0.359375,
        "x_max": 0.392578125,
        "y_max": 0.5234375
      }
    },
    {
      "char": "四",
      "bbox": {
        "x_min": 0.109375,
        "y_min": 0.57421875,
        "x_max": 0.244140625,
        "y_max": 0.75
      }
    },
    {
      "char": "八",
      "bbox": {
        "x_min": 0.55078125,
        "y_min": 0.552734375,
        "x_max": 0.69921875,
        "y_max": 0.677734375
      }
    },
    {
      "char": "十",
      "bbox": {
        "x_min": 0.76171875,
        "y_min": 0.28515625,
        "x_max": 0.833984375,
        "y_max": 0.4140625
      }
    }
  ]
}