{
  "image_filename": "00198.png",
  "visualization_filename": "00198_vis.png",
  "mnist_digits": [
    4,
    1,
    3,
    9,
    7,
    6,
    1,
    5,
    6,
    8,
    5,
    8,
    2,
    9,
    0,
    8,
    7,
    8,
    6,
    8
  ],
  "boxes": [
    {
      "char": "九",
      "bbox": {
        "x_min": 0.533203125,
        "y_min": 0.587890625,
        "x_max": 0.603515625,
        "y_max": 0.640625
      }
    },
    {
      "char": "五",
      "bbox": {
        "x_min": 0.0703125,
        "y_min": 0.73046875,
        "x_max": 0.2734375,
        "y_max": 0.96484375
      }
    }
  ]
}