{
  "image_filename": "00196.png",
  "visualization_filename": "00196_vis.png",
  "mnist_digits": [
    1,
    1,
    3,
    7,
    7,
    5,
    1,
    0,
    2,
    2,
    8,
    6,
    7,
    1,
    9,
    2
  ],
  "boxes": [
    {
      "char": "二",
      "bbox": {
        "x_min": 0.18359375,
        "y_min": 0.197265625,
        "x_max": 0.353515625,
        "y_max": 0.3203125
      }
    },
    {
      "char": "千",
      "bbox": {
        "x_min": 0.78515625,
        "y_min": 0.404296875,
        "x_max": 0.98046875,
        "y_max": 0.677734375
      }
    },
    {
      "char": "万",
      "bbox": {
        "x_min": 0.4453125,
        "y_min": 0.154296875,
        "x_max": 0.625,
        "y_max": 0.373046875
      }
    },
    {
      "char": "六",
      "bbox": {
        "x_min": 0.1171875,
        "y_min": 0.8203125,
        "x_max": 0.2265625,
        "y_max": 0.9765625
      }
    },
    {
      "char": "万",
      "bbox": {
        "x_min": 0.642578125,
        "y_min": 0.369140625,
        "x_max": 0.697265625,
        "y_max": 0.490234375
      }
    },
    {
      "char": "六",
      "bbox": {
        "x_min": 0.7109375,
        "y_min": 0.64453125,
        "x_max": 0.75390625,
        "y_max": 0.685546875
      }
    }
  ]
}