{
  "image_filename": "00197.png",
  "visualization_filename": "00197_vis.png",
  "mnist_digits": [
    4,
    5,
    1,
    2,
    6,
    7,
    0,
    0,
    3,
    8,
    4,
    8,
    1,
    3,
    3,
    2,
    8,
    8,
    0,
    4,
    3
  ],
  "boxes": [
    {
      "char": "四",
      "bbox": {
        "x_min": 0.63671875,
        "y_min": 0.48828125,
        "x_max": 0.78125,
        "y_max": 0.71484375
      }
    },
    {
      "char": "五",
      "bbox": {
        "x_min": 0.466796875,
        "y_min": 0.205078125,
        "x_max": 0.548828125,
        "y_max": 0.294921875
      }
    },
    {
      "char": "一",
      "bbox": {
        "x_min": 0.76171875,
        "y_min": 0.837890625,
        "x_max": 0.9296875,
        "y_max": 0.880859375
      }
    },
    {
      "char": "十",
      "bbox": {
        "x_min": 0.318359375,
        "y_min": 0.20703125,
        "x_max": 0.380859375,
        "y_max": 0.30859375
      }
    }
  ]
}