{
  "image_filename": "00199.png",
  "visualization_filename": "00199_vis.png",
  "mnist_digits": [
    5,
    3,
    9,
    2,
    7,
    5,
    4,
    3,
    1,
    3,
    8,
    5,
    7,
    1,
    2,
    9,
    7,
    3,
    7,
    6,
    7,
    2,
    1,
    2,
    7,
    0,
    9
  ],
  "boxes": [
    {
      "char": "零",
      "bbox": {
        "x_min": 0.619140625,
        "y_min": 0.0625,
        "x_max": 0.8125,
        "y_max": 0.349609375
      }
    },
    {
      "char": "百",
      "bbox": {
        "x_min": 0.642578125,
        "y_min": 0.365234375,
        "x_max": 0.73046875,
        "y_max": 0.5
      }
    }
  ]
}