{
  "image_filename": "00194.png",
  "visualization_filename": "00194_vis.png",
  "mnist_digits": [
    1,
    9,
    5,
    2,
    8,
    1,
    8,
    5,
    5
  ],
  "boxes": [
    {
      "char": "万",
      "bbox": {
        "x_min": 0.15234375,
        "y_min": 0.341796875,
        "x_max": 0.33203125,
        "y_max": 0.490234375
      }
    },
    {
      "char": "四",
      "bbox": {
        "x_min": 0.10546875,
        "y_min": 0.7265625,
        "x_max": 0.1953125,
        "y_max": 0.80859375
      }
    },
    {
      "char": "万",
      "bbox": {
        "x_min": 0.400390625,
        "y_min": 0.11328125,
        "x_max": 0.572265625,
        "y_max": 0.30859375
      }
    },
    {
      "char": "七",
      "bbox": {
        "x_min": 0.81640625,
        "y_min": 0.443359375,
        "x_max": 0.9453125,
        "y_max": 0.56640625
      }
    }
  ]
}