{
  "image_filename": "00192.png",
  "visualization_filename": "00192_vis.png",
  "mnist_digits": [
    5,
    6,
    2,
    1,
    8,
    3,
    0,
    8,
    2,
    5,
    3,
    0,
    6,
    1,
    1,
    6,
    6,
    0,
    4,
    5,
    2,
    0,
    9,
    3,
    0,
    2,
    6,
    2,
    7
  ],
  "boxes": [
    {
      "char": "二",
      "bbox": {
        "x_min": 0.130859375,
        "y_min": 0.2421875,
        "x_max": 0.294921875,
        "y_max": 0.3359375
      }
    },
    {
      "char": "七",
      "bbox": {
        "x_min": 0.869140625,
        "y_min": 0.005859375,
        "x_max": 0.923828125,
        "y_max": 0.04296875
      }
    },
    {
      "char": "八",
      "bbox": {
        "x_min": 0.38671875,
        "y_min": 0.482421875,
        "x_max": 0.587890625,
        "y_max": 0.658203125
      }
    },
    {
      "char": "五",
      "bbox": {
        "x_min": 0.716796875,
        "y_min": 0.46875,
        "x_max": 0.912109375,
        "y_max": 0.640625
      }
    },
    {
      "char": "千",
      "bbox": {
        "x_min": 0.771484375,
        "y_min": 0.759765625,
        "x_max": 0.82421875,
        "y_max": 0.83203125
      }
    }
  ]
}