{
  "image_filename": "00193.png",
  "visualization_filename": "00193_vis.png",
  "mnist_digits": [
    4,
    3,
    3,
    4,
    2,
    4,
    3,
    7,
    5
  ],
  "boxes": [
    {
      "char": "二",
      "bbox": {
        "x_min": 0.064453125,
        "y_min": 0.54296875,
        "x_max": 0.251953125,
        "y_max": 0.66015625
      }
    },
    {
      "char": "百",
      "bbox": {
        "x_min": 0.62109375,
        "y_min": 0.072265625,
        "x_max": 0.908203125,
        "y_max": 0.560546875
      }
    },
    {
      "char": "六",
      "bbox": {
        "x_min": 0.9140625,
        "y_min": 0.14453125,
        "x_max": 0.984375,
        "y_max": 0.2421875
      }
    }
  ]
}