{
  "image_filename": "00195.png",
  "visualization_filename": "00195_vis.png",
  "mnist_digits": [
    1,
    9,
    6,
    1,
    6,
    9,
    3,
    2,
    6,
    4,
    0,
    1,
    0,
    6,
    1,
    1,
    0,
    4,
    5,
    8,
    4,
    6,
    2,
    8,
    9
  ],
  "boxes": [
    {
      "char": "七",
      "bbox": {
        "x_min": 0.216796875,
        "y_min": 0.03125,
        "x_max": 0.794921875,
        "y_max": 0.609375
      }
    },
    {
      "char": "三",
      "bbox": {
        "x_min": 0.22265625,
        "y_min": 0.109375,
        "x_max": 0.279296875,
        "y_max": 0.154296875
      }
    },
    {
      "char": "四",
      "bbox": {
        "x_min": 0.890625,
        "y_min": 0.357421875,
        "x_max": 0.927734375,
        "y_max": 0.390625
      }
    }
  ]
}