{
  "image_filename": "00208.png",
  "visualization_filename": "00208_vis.png",
  "mnist_digits": [
    4,
    6,
    1,
    8,
    1,
    4,
    9,
    3,
    5,
    1,
    8,
    1,
    4,
    4,
    9,
    6,
    1,
    7,
    6,
    8,
    9,
    1,
    5,
    0,
    1,
    1,
    7
  ],
  "boxes": [
    {
      "char": "十",
      "bbox": {
        "x_min": 0.564453125,
        "y_min": 0.787109375,
        "x_max": 0.609375,
        "y_max": 0.8359375
      }
    },
    {
      "char": "二",
      "bbox": {
        "x_min": 0.658203125,
        "y_min": 0.240234375,
        "x_max": 0.8828125,
        "y_max": 0.37109375
      }
    },
    {
      "char": "一",
      "bbox": {
        "x_min": 0.3828125,
        "y_min": 0.630859375,
        "x_max": 0.53515625,
        "y_max": 0.736328125
      }
    },
    {
      "char": "三",
      "bbox": {
        "x_min": 0.1953125,
        "y_min": 0.291015625,
        "x_max": 0.2578125,
        "y_max": 0.380859375
      }
    },
    {
      "char": "八",
      "bbox": {
        "x_min": 0.646484375,
        "y_min": 0.880859375,
        "x_max": 0.705078125,
        "y_max": 0.939453125
      }
    }
  ]
}