{
  "image_filename": "00209.png",
  "visualization_filename": "00209_vis.png",
  "mnist_digits": [
    3,
    7,
    8,
    2,
    9,
    6,
    5,
    7,
    4,
    9,
    5,
    1,
    2,
    4,
    9,
    3,
    1,
    2,
    4
  ],
  "boxes": [
    {
      "char": "四",
      "bbox": {
        "x_min": 0.8828125,
        "y_min": 0.673828125,
        "x_max": 1,
        "y_max": 0.798828125
      }
    },
    {
      "char": "九",
      "bbox": {
        "x_min": 0.416015625,
        "y_min": 0.53125,
        "x_max": 0.603515625,
        "y_max": 0.7578125
      }
    },
    {
      "char": "六",
      "bbox": {
        "x_min": 0.16796875,
        "y_min": 0.119140625,
        "x_max": 0.447265625,
        "y_max": 0.3984375
      }
    }
  ]
}