{
  "image_filename": "00201.png",
  "visualization_filename": "00201_vis.png",
  "mnist_digits": [
    9,
    2,
    1,
    9,
    8,
    6,
    6,
    2,
    4,
    2,
    0,
    2,
    6,
    2,
    8,
    3,
    3,
    1,
    3,
    6,
    4
  ],
  "boxes": [
    {
      "char": "千",
      "bbox": {
        "x_min": 0.0390625,
        "y_min": 0.552734375,
        "x_max": 0.38671875,
        "y_max": 0.921875
      }
    },
    {
      "char": "二",
      "bbox": {
        "x_min": 0.7890625,
        "y_min": 0.576171875,
        "x_max": 0.833984375,
        "y_max": 0.603515625
      }
    },
    {
      "char": "九",
      "bbox": {
        "x_min": 0.515625,
        "y_min": 0.12109375,
        "x_max": 0.724609375,
        "y_max": 0.330078125
      }
    },
    {
      "char": "三",
      "bbox": {
        "x_min": 0,
        "y_min": 0.099609375,
        "x_max": 0.158203125,
        "y_max": 0.234375
      }
    },
    {
      "char": "六",
      "bbox": {
        "x_min": 0.697265625,
        "y_min": 0.828125,
        "x_max": 0.767578125,
        "y_max": 0.93359375
      }
    }
  ]
}