{
  "image_filename": "00207.png",
  "visualization_filename": "00207_vis.png",
  "mnist_digits": [
    1,
    6,
    0,
    6,
    4,
    1,
    8,
    0,
    3,
    1,
    1,
    6
  ],
  "boxes": [
    {
      "char": "七",
      "bbox": {
        "x_min": 0.6015625,
        "y_min": 0.02734375,
        "x_max": 0.6328125,
        "y_max": 0.056640625
      }
    },
    {
      "char": "千",
      "bbox": {
        "x_min": 0.015625,
        "y_min": 0.580078125,
        "x_max": 0.1796875,
        "y_max": 0.798828125
      }
    },
    {
      "char": "十",
      "bbox": {
        "x_min": 0.453125,
        "y_min": 0.638671875,
        "x_max": 0.5859375,
        "y_max": 0.880859375
      }
    },
    {
      "char": "九",
      "bbox": {
        "x_min": 0.248046875,
        "y_min": 0.2578125,
        "x_max": 0.291015625,
        "y_max": 0.30859375
      }
    }
  ]
}