{
  "image_filename": "00204.png",
  "visualization_filename": "00204_vis.png",
  "mnist_digits": [
    4,
    1,
    7,
    6,
    9,
    2,
    1,
    8,
    5,
    3,
    1,
    3,
    3,
    3,
    9
  ],
  "boxes": [
    {
      "char": "二",
      "bbox": {
        "x_min": 0.66015625,
        "y_min": 0.02734375,
        "x_max": 0.80859375,
        "y_max": 0.11328125
      }
    },
    {
      "char": "一",
      "bbox": {
        "x_min": 0.51171875,
        "y_min": 0.099609375,
        "x_max": 0.57421875,
        "y_max": 0.126953125
      }
    },
    {
      "char": "千",
      "bbox": {
        "x_min": 0.228515625,
        "y_min": 0.765625,
        "x_max": 0.322265625,
        "y_max": 0.90234375
      }
    }
  ]
}