{
  "image_filename": "00205.png",
  "visualization_filename": "00205_vis.png",
  "mnist_digits": [
    7,
    6,
    0,
    4,
    3,
    0,
    6,
    7,
    3,
    4,
    3,
    7,
    5
  ],
  "boxes": [
    {
      "char": "八",
      "bbox": {
        "x_min": 0.357421875,
        "y_min": 0.3359375,
        "x_max": 0.3984375,
        "y_max": 0.3984375
      }
    },
    {
      "char": "亿",
      "bbox": {
        "x_min": 0.759765625,
        "y_min": 0.650390625,
        "x_max": 0.900390625,
        "y_max": 0.78515625
      }
    },
    {
      "char": "九",
      "bbox": {
        "x_min": 0.17578125,
        "y_min": 0.54296875,
        "x_max": 0.275390625,
        "y_max": 0.677734375
      }
    },
    {
      "char": "一",
      "bbox": {
        "x_min": 0.74609375,
        "y_min": 0.357421875,
        "x_max": 0.982421875,
        "y_max": 0.443359375
      }
    },
    {
      "char": "零",
      "bbox": {
        "x_min": 0.037109375,
        "y_min": 0.2578125,
        "x_max": 0.259765625,
        "y_max": 0.53515625
      }
    },
    {
      "char": "六",
      "bbox": {
        "x_min": 0.30859375,
        "y_min": 0.693359375,
        "x_max": 0.33984375,
        "y_max": 0.736328125
      }
    },
    {
      "char": "零",
      "bbox": {
        "x_min": 0.36328125,
        "y_min": 0.720703125,
        "x_max": 0.3984375,
        "y_max": 0.779296875
      }
    }
  ]
}