{
  "image_filename": "00200.png",
  "visualization_filename": "00200_vis.png",
  "mnist_digits": [
    0,
    5,
    7,
    4,
    1,
    8,
    2,
    5,
    4,
    9,
    1,
    6,
    3,
    1,
    1,
    4,
    2,
    7,
    6,
    4,
    8,
    8,
    4,
    8,
    7,
    8,
    8,
    4,
    4,
    0,
    7,
    4,
    1,
    5,
    6
  ],
  "boxes": [
    {
      "char": "千",
      "bbox": {
        "x_min": 0.099609375,
        "y_min": 0.517578125,
        "x_max": 0.302734375,
        "y_max": 0.775390625
      }
    },
    {
      "char": "十",
      "bbox": {
        "x_min": 0.333984375,
        "y_min": 0.34375,
        "x_max": 0.47265625,
        "y_max": 0.51953125
      }
    }
  ]
}