{
  "image_filename": "00214.png",
  "visualization_filename": "00214_vis.png",
  "mnist_digits": [
    0,
    8,
    7,
    1,
    0,
    0,
    7,
    9,
    0,
    1,
    9,
    5,
    7,
    6,
    5,
    8,
    8,
    6,
    2,
    4,
    8,
    3,
    5,
    1,
    9,
    5,
    1,
    3,
    9
  ],
  "boxes": [
    {
      "char": "一",
      "bbox": {
        "x_min": 0.923828125,
        "y_min": 0.158203125,
        "x_max": 0.982421875,
        "y_max": 0.181640625
      }
    }
  ]
}