{
  "image_filename": "00212.png",
  "visualization_filename": "00212_vis.png",
  "mnist_digits": [
    6,
    6,
    8,
    3,
    0,
    2,
    9,
    7,
    4,
    1
  ],
  "boxes": [
    {
      "char": "三",
      "bbox": {
        "x_min": 0.65234375,
        "y_min": 0.654296875,
        "x_max": 0.875,
        "y_max": 0.849609375
      }
    },
    {
      "char": "七",
      "bbox": {
        "x_min": 0.29296875,
        "y_min": 0.341796875,
        "x_max": 0.634765625,
        "y_max": 0.556640625
      }
    },
    {
      "char": "十",
      "bbox": {
        "x_min": 0.697265625,
        "y_min": 0.107421875,
        "x_max": 0.7578125,
        "y_max": 0.193359375
      }
    }
  ]
}