{
  "image_filename": "00213.png",
  "visualization_filename": "00213_vis.png",
  "mnist_digits": [
    6,
    8,
    1,
    5,
    5,
    2,
    4,
    3,
    6,
    4,
    3,
    6,
    2,
    0,
    8,
    1,
    6,
    1,
    4,
    8,
    4,
    2,
    4,
    2
  ],
  "boxes": [
    {
      "char": "四",
      "bbox": {
        "x_min": 0.43359375,
        "y_min": 0.5859375,
        "x_max": 0.68359375,
        "y_max": 0.796875
      }
    },
    {
      "char": "一",
      "bbox": {
        "x_min": 0.828125,
        "y_min": 0.849609375,
        "x_max": 0.953125,
        "y_max": 0.904296875
      }
    },
    {
      "char": "二",
      "bbox": {
        "x_min": 0.1875,
        "y_min": 0.5859375,
        "x_max": 0.375,
        "y_max": 0.7109375
      }
    }
  ]
}