{
  "image_filename": "00218.png",
  "visualization_filename": "00218_vis.png",
  "mnist_digits": [
    0,
    4,
    8,
    7,
    9,
    6,
    4,
    5
  ],
  "boxes": [
    {
      "char": "千",
      "bbox": {
        "x_min": 0.44140625,
        "y_min": 0.75,
        "x_max": 0.484375,
        "y_max": 0.814453125
      }
    },
    {
      "char": "三",
      "bbox": {
        "x_min": 0.0546875,
        "y_min": 0.142578125,
        "x_max": 0.232421875,
        "y_max": 0.296875
      }
    },
    {
      "char": "一",
      "bbox": {
        "x_min": 0.22265625,
        "y_min": 0.712890625,
        "x_max": 0.345703125,
        "y_max": 0.794921875
      }
    },
    {
      "char": "七",
      "bbox": {
        "x_min": 0.2890625,
        "y_min": 0.419921875,
        "x_max": 0.359375,
        "y_max": 0.478515625
      }
    }
  ]
}