{
  "image_filename": "00211.png",
  "visualization_filename": "00211_vis.png",
  "mnist_digits": [
    9,
    5,
    1,
    5,
    2,
    2,
    4,
    6,
    1,
    2,
    7,
    1,
    2,
    8,
    6,
    3,
    4,
    6
  ],
  "boxes": [
    {
      "char": "百",
      "bbox": {
        "x_min": 0.84765625,
        "y_min": 0.205078125,
        "x_max": 0.97265625,
        "y_max": 0.376953125
      }
    },
    {
      "char": "零",
      "bbox": {
        "x_min": 0.046875,
        "y_min": 0.388671875,
        "x_max": 0.15625,
        "y_max": 0.537109375
      }
    },
    {
      "char": "一",
      "bbox": {
        "x_min": 0.16796875,
        "y_min": 0.248046875,
        "x_max": 0.21484375,
        "y_max": 0.271484375
      }
    },
    {
      "char": "三",
      "bbox": {
        "x_min": 0.21875,
        "y_min": 0.533203125,
        "x_max": 0.259765625,
        "y_max": 0.5625
      }
    },
    {
      "char": "七",
      "bbox": {
        "x_min": 0.16015625,
        "y_min": 0.359375,
        "x_max": 0.25390625,
        "y_max": 0.470703125
      }
    },
    {
      "char": "七",
      "bbox": {
        "x_min": 0.41796875,
        "y_min": 0.458984375,
        "x_max": 0.46875,
        "y_max": 0.505859375
      }
    }
  ]
}