{
  "image_filename": "00215.png",
  "visualization_filename": "00215_vis.png",
  "mnist_digits": [
    7,
    1,
    6,
    6,
    2
  ],
  "boxes": [
    {
      "char": "千",
      "bbox": {
        "x_min": 0.396484375,
        "y_min": 0.150390625,
        "x_max": 0.421875,
        "y_max": 0.197265625
      }
    },
    {
      "char": "二",
      "bbox": {
        "x_min": 0.384765625,
        "y_min": 0.345703125,
        "x_max": 0.443359375,
        "y_max": 0.416015625
      }
    },
    {
      "char": "零",
      "bbox": {
        "x_min": 0.048828125,
        "y_min": 0.798828125,
        "x_max": 0.091796875,
        "y_max": 0.890625
      }
    },
    {
      "char": "九",
      "bbox": {
        "x_min": 0.013671875,
        "y_min": 0.349609375,
        "x_max": 0.125,
        "y_max": 0.505859375
      }
    }
  ]
}