{
  "image_filename": "00216.png",
  "visualization_filename": "00216_vis.png",
  "mnist_digits": [
    8,
    8,
    7,
    4,
    8,
    1,
    7,
    1,
    7,
    3,
    5,
    8,
    7,
    4,
    6
  ],
  "boxes": [
    {
      "char": "十",
      "bbox": {
        "x_min": 0.44140625,
        "y_min": 0.4609375,
        "x_max": 0.5546875,
        "y_max": 0.6015625
      }
    },
    {
      "char": "万",
      "bbox": {
        "x_min": 0.064453125,
        "y_min": 0.326171875,
        "x_max": 0.12109375,
        "y_max": 0.404296875
      }
    },
    {
      "char": "亿",
      "bbox": {
        "x_min": 0.576171875,
        "y_min": 0.337890625,
        "x_max": 0.705078125,
        "y_max": 0.478515625
      }
    },
    {
      "char": "五",
      "bbox": {
        "x_min": 0.03515625,
        "y_min": 0.1796875,
        "x_max": 0.171875,
        "y_max": 0.30078125
      }
    },
    {
      "char": "七",
      "bbox": {
        "x_min": 0.083984375,
        "y_min": 0.5390625,
        "x_max": 0.4765625,
        "y_max": 0.75
      }
    },
    {
      "char": "六",
      "bbox": {
        "x_min": 0.736328125,
        "y_min": 0.517578125,
        "x_max": 0.900390625,
        "y_max": 0.720703125
      }
    },
    {
      "char": "七",
      "bbox": {
        "x_min": 0.916015625,
        "y_min": 0.068359375,
        "x_max": 0.994140625,
        "y_max": 0.142578125
      }
    },
    {
      "char": "六",
      "bbox": {
        "x_min": 0.03125,
        "y_min": 0.689453125,
        "x_max": 0.07421875,
        "y_max": 0.740234375
      }
    },
    {
      "char": "零",
      "bbox": {
        "x_min": 0.56640625,
        "y_min": 0.6640625,
        "x_max": 0.70703125,
        "y_max": 0.8984375
      }
    }
  ]
}