{
  "image_filename": "00210.png",
  "visualization_filename": "00210_vis.png",
  "mnist_digits": [
    8,
    2,
    7,
    1,
    2,
    6,
    9,
    1,
    3,
    3,
    6,
    1,
    4
  ],
  "boxes": [
    {
      "char": "三",
      "bbox": {
        "x_min": 0.193359375,
        "y_min": 0.38671875,
        "x_max": 0.388671875,
        "y_max": 0.62109375
      }
    },
    {
      "char": "八",
      "bbox": {
        "x_min": 0.515625,
        "y_min": 0.43359375,
        "x_max": 0.6328125,
        "y_max": 0.63671875
      }
    },
    {
      "char": "千",
      "bbox": {
        "x_min": 0.103515625,
        "y_min": 0.076171875,
        "x_max": 0.169921875,
        "y_max": 0.181640625
      }
    }
  ]
}