{
  "image_filename": "00221.png",
  "visualization_filename": "00221_vis.png",
  "mnist_digits": [
    7,
    7,
    6,
    7,
    0,
    1,
    0,
    4,
    0,
    3,
    5,
    8,
    8,
    1,
    1,
    1,
    7,
    8,
    6
  ],
  "boxes": [
    {
      "char": "五",
      "bbox": {
        "x_min": 0.09765625,
        "y_min": 0.623046875,
        "x_max": 0.21875,
        "y_max": 0.728515625
      }
    },
    {
      "char": "零",
      "bbox": {
        "x_min": 0.57421875,
        "y_min": 0.080078125,
        "x_max": 0.611328125,
        "y_max": 0.15625
      }
    },
    {
      "char": "十",
      "bbox": {
        "x_min": 0.041015625,
        "y_min": 0.501953125,
        "x_max": 0.103515625,
        "y_max": 0.576171875
      }
    },
    {
      "char": "九",
      "bbox": {
        "x_min": 0.87890625,
        "y_min": 0.171875,
        "x_max": 0.99609375,
        "y_max": 0.3359375
      }
    }
  ]
}