{
  "image_filename": "00227.png",
  "visualization_filename": "00227_vis.png",
  "mnist_digits": [
    2,
    8,
    4,
    0,
    3,
    2,
    3,
    4,
    7,
    4,
    5,
    2,
    0,
    3,
    6,
    9,
    7
  ],
  "boxes": [
    {
      "char": "千",
      "bbox": {
        "x_min": 0.705078125,
        "y_min": 0.34765625,
        "x_max": 0.86328125,
        "y_max": 0.548828125
      }
    },
    {
      "char": "万",
      "bbox": {
        "x_min": 0.365234375,
        "y_min": 0.68359375,
        "x_max": 0.529296875,
        "y_max": 0.90234375
      }
    },
    {
      "char": "一",
      "bbox": {
        "x_min": 0.181640625,
        "y_min": 0.66015625,
        "x_max": 0.298828125,
        "y_max": 0.71484375
      }
    }
  ]
}