{
  "image_filename": "00226.png",
  "visualization_filename": "00226_vis.png",
  "mnist_digits": [
    0,
    4,
    6,
    0,
    7,
    8,
    5,
    8,
    5,
    7,
    1,
    8,
    9,
    2,
    4
  ],
  "boxes": [
    {
      "char": "万",
      "bbox": {
        "x_min": 0.55859375,
        "y_min": 0.22265625,
        "x_max": 0.994140625,
        "y_max": 0.732421875
      }
    },
    {
      "char": "三",
      "bbox": {
        "x_min": 0.34375,
        "y_min": 0.634765625,
        "x_max": 0.525390625,
        "y_max": 0.8046875
      }
    },
    {
      "char": "二",
      "bbox": {
        "x_min": 0.251953125,
        "y_min": 0.248046875,
        "x_max": 0.515625,
        "y_max": 0.369140625
      }
    }
  ]
}