{
  "image_filename": "00220.png",
  "visualization_filename": "00220_vis.png",
  "mnist_digits": [
    1,
    7,
    0,
    4,
    8,
    9,
    9,
    4,
    0,
    2,
    8,
    9,
    6,
    2,
    8,
    3,
    8,
    2,
    0,
    9
  ],
  "boxes": [
    {
      "char": "五",
      "bbox": {
        "x_min": 0.453125,
        "y_min": 0.44140625,
        "x_max": 0.89453125,
        "y_max": 0.7578125
      }
    },
    {
      "char": "九",
      "bbox": {
        "x_min": 0.19140625,
        "y_min": 0.52734375,
        "x_max": 0.224609375,
        "y_max": 0.578125
      }
    },
    {
      "char": "八",
      "bbox": {
        "x_min": 0.72265625,
        "y_min": 0.138671875,
        "x_max": 0.904296875,
        "y_max": 0.326171875
      }
    }
  ]
}