{
  "image_filename": "00223.png",
  "visualization_filename": "00223_vis.png",
  "mnist_digits": [
    0,
    3,
    7,
    1,
    3,
    9,
    5,
    2,
    4,
    6,
    4,
    2,
    3,
    3,
    1,
    1,
    5,
    7,
    7,
    3,
    5,
    7,
    8,
    8,
    6,
    1,
    9
  ],
  "boxes": [
    {
      "char": "六",
      "bbox": {
        "x_min": 0.07421875,
        "y_min": 0.162109375,
        "x_max": 0.14453125,
        "y_max": 0.244140625
      }
    },
    {
      "char": "四",
      "bbox": {
        "x_min": 0.0859375,
        "y_min": 0.451171875,
        "x_max": 0.189453125,
        "y_max": 0.583984375
      }
    },
    {
      "char": "九",
      "bbox": {
        "x_min": 0.345703125,
        "y_min": 0.572265625,
        "x_max": 0.439453125,
        "y_max": 0.697265625
      }
    },
    {
      "char": "六",
      "bbox": {
        "x_min": 0.666015625,
        "y_min": 0.357421875,
        "x_max": 0.876953125,
        "y_max": 0.62109375
      }
    },
    {
      "char": "二",
      "bbox": {
        "x_min": 0.369140625,
        "y_min": 0.23828125,
        "x_max": 0.494140625,
        "y_max": 0.30859375
      }
    }
  ]
}