{
  "image_filename": "00225.png",
  "visualization_filename": "00225_vis.png",
  "mnist_digits": [
    5,
    1,
    7,
    2,
    8,
    2,
    8,
    9,
    3,
    5,
    7,
    2,
    3,
    5,
    4,
    4,
    9,
    0,
    0,
    3,
    5,
    8,
    5,
    2,
    7,
    5
  ],
  "boxes": [
    {
      "char": "五",
      "bbox": {
        "x_min": 0.25390625,
        "y_min": 0.296875,
        "x_max": 0.298828125,
        "y_max": 0.337890625
      }
    },
    {
      "char": "五",
      "bbox": {
        "x_min": 0.169921875,
        "y_min": 0.521484375,
        "x_max": 0.357421875,
        "y_max": 0.69140625
      }
    }
  ]
}