{
  "image_filename": "00229.png",
  "visualization_filename": "00229_vis.png",
  "mnist_digits": [
    1,
    3,
    9,
    6,
    6,
    5,
    1,
    5,
    1,
    3,
    0,
    7,
    2,
    7,
    5,
    8,
    2,
    9,
    2,
    8,
    2
  ],
  "boxes": [
    {
      "char": "万",
      "bbox": {
        "x_min": 0.875,
        "y_min": 0.4453125,
        "x_max": 0.9375,
        "y_max": 0.625
      }
    },
    {
      "char": "四",
      "bbox": {
        "x_min": 0.373046875,
        "y_min": 0.16796875,
        "x_max": 0.62109375,
        "y_max": 0.509765625
      }
    },
    {
      "char": "万",
      "bbox": {
        "x_min": 0.64453125,
        "y_min": 0.40625,
        "x_max": 0.732421875,
        "y_max": 0.517578125
      }
    },
    {
      "char": "九",
      "bbox": {
        "x_min": 0.314453125,
        "y_min": 0.748046875,
        "x_max": 0.580078125,
        "y_max": 0.982421875
      }
    }
  ]
}