{
  "image_filename": "00228.png",
  "visualization_filename": "00228_vis.png",
  "mnist_digits": [
    1,
    0,
    9,
    6,
    7,
    2,
    6,
    4,
    7,
    2,
    8,
    9,
    7,
    3,
    4,
    3,
    4,
    0,
    4,
    1,
    7
  ],
  "boxes": [
    {
      "char": "七",
      "bbox": {
        "x_min": 0.677734375,
        "y_min": 0.017578125,
        "x_max": 0.763671875,
        "y_max": 0.103515625
      }
    },
    {
      "char": "四",
      "bbox": {
        "x_min": 0.2265625,
        "y_min": 0.76171875,
        "x_max": 0.259765625,
        "y_max": 0.822265625
      }
    }
  ]
}