{
  "image_filename": "00224.png",
  "visualization_filename": "00224_vis.png",
  "mnist_digits": [
    7,
    2,
    7,
    3,
    8,
    3,
    3,
    6,
    2,
    6,
    0,
    5,
    1,
    7,
    9,
    0,
    3,
    6,
    7,
    6,
    3,
    4,
    0,
    9,
    7,
    3,
    5,
    9,
    4,
    9,
    1,
    1,
    2
  ],
  "boxes": [
    {
      "char": "千",
      "bbox": {
        "x_min": 0.859375,
        "y_min": 0.19140625,
        "x_max": 0.9609375,
        "y_max": 0.3203125
      }
    },
    {
      "char": "百",
      "bbox": {
        "x_min": 0.7109375,
        "y_min": 0.357421875,
        "x_max": 0.8359375,
        "y_max": 0.607421875
      }
    },
    {
      "char": "九",
      "bbox": {
        "x_min": 0.576171875,
        "y_min": 0.431640625,
        "x_max": 0.705078125,
        "y_max": 0.583984375
      }
    },
    {
      "char": "千",
      "bbox": {
        "x_min": 0.404296875,
        "y_min": 0.033203125,
        "x_max": 0.435546875,
        "y_max": 0.078125
      }
    },
    {
      "char": "二",
      "bbox": {
        "x_min": 0.27734375,
        "y_min": 0.384765625,
        "x_max": 0.3359375,
        "y_max": 0.421875
      }
    }
  ]
}