{
  "image_filename": "00233.png",
  "visualization_filename": "00233_vis.png",
  "mnist_digits": [
    7,
    7,
    2,
    8,
    6,
    9,
    9,
    1,
    8,
    0,
    0,
    4,
    6,
    3,
    3,
    8,
    5,
    4,
    6,
    7
  ],
  "boxes": [
    {
      "char": "六",
      "bbox": {
        "x_min": 0.623046875,
        "y_min": 0.220703125,
        "x_max": 0.6640625,
        "y_max": 0.263671875
      }
    },
    {
      "char": "零",
      "bbox": {
        "x_min": 0.376953125,
        "y_min": 0.25390625,
        "x_max": 0.470703125,
        "y_max": 0.44140625
      }
    },
    {
      "char": "零",
      "bbox": {
        "x_min": 0.771484375,
        "y_min": 0.482421875,
        "x_max": 0.935546875,
        "y_max": 0.724609375
      }
    },
    {
      "char": "三",
      "bbox": {
        "x_min": 0.294921875,
        "y_min": 0.359375,
        "x_max": 0.326171875,
        "y_max": 0.40234375
      }
    },
    {
      "char": "四",
      "bbox": {
        "x_min": 0.5546875,
        "y_min": 0.359375,
        "x_max": 0.78125,
        "y_max": 0.546875
      }
    }
  ]
}