{
  "image_filename": "00238.png",
  "visualization_filename": "00238_vis.png",
  "mnist_digits": [
    9,
    7,
    1,
    8,
    2,
    5,
    5,
    5,
    0,
    0,
    1,
    2,
    9,
    6,
    0,
    0,
    9,
    6,
    3,
    8,
    8,
    9,
    6,
    7,
    9,
    6,
    1
  ],
  "boxes": [
    {
      "char": "八",
      "bbox": {
        "x_min": 0.103515625,
        "y_min": 0.66796875,
        "x_max": 0.23828125,
        "y_max": 0.744140625
      }
    },
    {
      "char": "十",
      "bbox": {
        "x_min": 0.5859375,
        "y_min": 0.494140625,
        "x_max": 0.7109375,
        "y_max": 0.615234375
      }
    },
    {
      "char": "六",
      "bbox": {
        "x_min": 0.337890625,
        "y_min": 0.384765625,
        "x_max": 0.484375,
        "y_max": 0.560546875
      }
    }
  ]
}