{
  "image_filename": "00235.png",
  "visualization_filename": "00235_vis.png",
  "mnist_digits": [
    3,
    1,
    2,
    0,
    6,
    9,
    0,
    1,
    7,
    0,
    2,
    3,
    0,
    0,
    7,
    5,
    5
  ],
  "boxes": [
    {
      "char": "百",
      "bbox": {
        "x_min": 0.552734375,
        "y_min": 0.623046875,
        "x_max": 0.677734375,
        "y_max": 0.865234375
      }
    },
    {
      "char": "一",
      "bbox": {
        "x_min": 0.53125,
        "y_min": 0.087890625,
        "x_max": 0.625,
        "y_max": 0.150390625
      }
    },
    {
      "char": "七",
      "bbox": {
        "x_min": 0.22265625,
        "y_min": 0.734375,
        "x_max": 0.3046875,
        "y_max": 0.8359375
      }
    },
    {
      "char": "六",
      "bbox": {
        "x_min": 0.796875,
        "y_min": 0.802734375,
        "x_max": 0.92578125,
        "y_max": 0.97265625
      }
    },
    {
      "char": "六",
      "bbox": {
        "x_min": 0.076171875,
        "y_min": 0.6328125,
        "x_max": 0.21875,
        "y_max": 0.865234375
      }
    }
  ]
}