{
  "image_filename": "00236.png",
  "visualization_filename": "00236_vis.png",
  "mnist_digits": [
    9,
    5,
    5,
    6,
    8,
    4,
    7,
    1,
    0,
    8,
    3,
    9,
    0,
    6,
    3,
    5,
    7,
    9,
    2,
    5,
    9,
    9
  ],
  "boxes": [
    {
      "char": "二",
      "bbox": {
        "x_min": 0.27734375,
        "y_min": 0.634765625,
        "x_max": 0.49609375,
        "y_max": 0.791015625
      }
    },
    {
      "char": "千",
      "bbox": {
        "x_min": 0.625,
        "y_min": 0.5703125,
        "x_max": 0.7109375,
        "y_max": 0.71875
      }
    },
    {
      "char": "八",
      "bbox": {
        "x_min": 0.423828125,
        "y_min": 0.224609375,
        "x_max": 0.537109375,
        "y_max": 0.337890625
      }
    },
    {
      "char": "五",
      "bbox": {
        "x_min": 0.76953125,
        "y_min": 0.451171875,
        "x_max": 0.859375,
        "y_max": 0.533203125
      }
    },
    {
      "char": "八",
      "bbox": {
        "x_min": 0.267578125,
        "y_min": 0.46875,
        "x_max": 0.333984375,
        "y_max": 0.578125
      }
    }
  ]
}