{
  "image_filename": "00239.png",
  "visualization_filename": "00239_vis.png",
  "mnist_digits": [
    7,
    4,
    8,
    9,
    3,
    1,
    9,
    4,
    6,
    4,
    0,
    0,
    6,
    1,
    1,
    2,
    0,
    1,
    8,
    7,
    8,
    4,
    9,
    2,
    4,
    9,
    4,
    7,
    5,
    5
  ],
  "boxes": [
    {
      "char": "零",
      "bbox": {
        "x_min": 0.6171875,
        "y_min": 0.6796875,
        "x_max": 0.74609375,
        "y_max": 0.90234375
      }
    },
    {
      "char": "九",
      "bbox": {
        "x_min": 0.71875,
        "y_min": 0.11328125,
        "x_max": 0.8125,
        "y_max": 0.25
      }
    },
    {
      "char": "千",
      "bbox": {
        "x_min": 0.1328125,
        "y_min": 0.33984375,
        "x_max": 0.30078125,
        "y_max": 0.583984375
      }
    },
    {
      "char": "十",
      "bbox": {
        "x_min": 0.244140625,
        "y_min": 0.037109375,
        "x_max": 0.306640625,
        "y_max": 0.150390625
      }
    },
    {
      "char": "万",
      "bbox": {
        "x_min": 0.0703125,
        "y_min": 0.6796875,
        "x_max": 0.2734375,
        "y_max": 0.9453125
      }
    },
    {
      "char": "百",
      "bbox": {
        "x_min": 0.388671875,
        "y_min": 0.853515625,
        "x_max": 0.46484375,
        "y_max": 0.95703125
      }
    },
    {
      "char": "一",
      "bbox": {
        "x_min": 0.02734375,
        "y_min": 0.296875,
        "x_max": 0.06640625,
        "y_max": 0.306640625
      }
    }
  ]
}