{
  "image_filename": "00234.png",
  "visualization_filename": "00234_vis.png",
  "mnist_digits": [
    1,
    8,
    9,
    6,
    4,
    6,
    1,
    6,
    8,
    9,
    3
  ],
  "boxes": [
    {
      "char": "千",
      "bbox": {
        "x_min": 0.509765625,
        "y_min": 0.416015625,
        "x_max": 0.728515625,
        "y_max": 0.736328125
      }
    },
    {
      "char": "七",
      "bbox": {
        "x_min": 0.69140625,
        "y_min": 0.451171875,
        "x_max": 0.72265625,
        "y_max": 0.494140625
      }
    },
    {
      "char": "五",
      "bbox": {
        "x_min": 0.09375,
        "y_min": 0.767578125,
        "x_max": 0.298828125,
        "y_max": 0.919921875
      }
    },
    {
      "char": "零",
      "bbox": {
        "x_min": 0.41796875,
        "y_min": 0.341796875,
        "x_max": 0.484375,
        "y_max": 0.462890625
      }
    }
  ]
}