{
  "image_filename": "00230.png",
  "visualization_filename": "00230_vis.png",
  "mnist_digits": [
    9,
    9,
    8,
    5,
    6,
    7,
    9,
    9,
    0,
    0,
    2,
    4,
    1,
    7,
    2
  ],
  "boxes": [
    {
      "char": "万",
      "bbox": {
        "x_min": 0.802734375,
        "y_min": 0.693359375,
        "x_max": 0.951171875,
        "y_max": 0.935546875
      }
    },
    {
      "char": "四",
      "bbox": {
        "x_min": 0.404296875,
        "y_min": 0.306640625,
        "x_max": 0.8203125,
        "y_max": 0.65625
      }
    },
    {
      "char": "七",
      "bbox": {
        "x_min": 0.08984375,
        "y_min": 0.19140625,
        "x_max": 0.2890625,
        "y_max": 0.35546875
      }
    },
    {
      "char": "六",
      "bbox": {
        "x_min": 0.109375,
        "y_min": 0.720703125,
        "x_max": 0.154296875,
        "y_max": 0.765625
      }
    },
    {
      "char": "九",
      "bbox": {
        "x_min": 0.505859375,
        "y_min": 0.23828125,
        "x_max": 0.560546875,
        "y_max": 0.310546875
      }
    }
  ]
}