{
  "image_filename": "00244.png",
  "visualization_filename": "00244_vis.png",
  "mnist_digits": [
    3,
    2,
    4,
    1,
    3,
    1,
    1,
    1,
    9,
    1,
    7,
    1,
    6,
    2,
    1,
    2,
    6,
    5,
    2,
    0,
    1
  ],
  "boxes": [
    {
      "char": "四",
      "bbox": {
        "x_min": 0.435546875,
        "y_min": 0.7109375,
        "x_max": 0.498046875,
        "y_max": 0.80078125
      }
    },
    {
      "char": "八",
      "bbox": {
        "x_min": 0.173828125,
        "y_min": 0.15234375,
        "x_max": 0.365234375,
        "y_max": 0.369140625
      }
    },
    {
      "char": "零",
      "bbox": {
        "x_min": 0.22265625,
        "y_min": 0.39453125,
        "x_max": 0.42578125,
        "y_max": 0.69921875
      }
    },
    {
      "char": "百",
      "bbox": {
        "x_min": 0.517578125,
        "y_min": 0.662109375,
        "x_max": 0.607421875,
        "y_max": 0.802734375
      }
    },
    {
      "char": "零",
      "bbox": {
        "x_min": 0.03515625,
        "y_min": 0.400390625,
        "x_max": 0.11328125,
        "y_max": 0.4765625
      }
    },
    {
      "char": "百",
      "bbox": {
        "x_min": 0.109375,
        "y_min": 0.291015625,
        "x_max": 0.1640625,
        "y_max": 0.408203125
      }
    },
    {
      "char": "十",
      "bbox": {
        "x_min": 0.404296875,
        "y_min": 0.04296875,
        "x_max": 0.486328125,
        "y_max": 0.171875
      }
    }
  ]
}