{
  "image_filename": "00249.png",
  "visualization_filename": "00249_vis.png",
  "mnist_digits": [
    9,
    4,
    8,
    6,
    2,
    2,
    2,
    9,
    7,
    2,
    1,
    2,
    7
  ],
  "boxes": [
    {
      "char": "亿",
      "bbox": {
        "x_min": 0.126953125,
        "y_min": 0.513671875,
        "x_max": 0.2265625,
        "y_max": 0.6015625
      }
    },
    {
      "char": "亿",
      "bbox": {
        "x_min": 0.32421875,
        "y_min": 0.0390625,
        "x_max": 0.9453125,
        "y_max": 0.759765625
      }
    },
    {
      "char": "亿",
      "bbox": {
        "x_min": 0.423828125,
        "y_min": 0.822265625,
        "x_max": 0.640625,
        "y_max": 0.998046875
      }
    }
  ]
}