{
  "image_filename": "00242.png",
  "visualization_filename": "00242_vis.png",
  "mnist_digits": [
    2,
    3,
    6,
    9,
    5,
    8,
    8,
    9
  ],
  "boxes": [
    {
      "char": "六",
      "bbox": {
        "x_min": 0.05859375,
        "y_min": 0.185546875,
        "x_max": 0.119140625,
        "y_max": 0.248046875
      }
    },
    {
      "char": "四",
      "bbox": {
        "x_min": 0.646484375,
        "y_min": 0.609375,
        "x_max": 0.826171875,
        "y_max": 0.7890625
      }
    },
    {
      "char": "八",
      "bbox": {
        "x_min": 0.859375,
        "y_min": 0.609375,
        "x_max": 0.94140625,
        "y_max": 0.70703125
      }
    },
    {
      "char": "三",
      "bbox": {
        "x_min": 0.552734375,
        "y_min": 0.283203125,
        "x_max": 0.716796875,
        "y_max": 0.423828125
      }
    },
    {
      "char": "一",
      "bbox": {
        "x_min": 0.318359375,
        "y_min": 0.826171875,
        "x_max": 0.353515625,
        "y_max": 0.849609375
      }
    },
    {
      "char": "千",
      "bbox": {
        "x_min": 0.267578125,
        "y_min": 0.11328125,
        "x_max": 0.35546875,
        "y_max": 0.283203125
      }
    },
    {
      "char": "十",
      "bbox": {
        "x_min": 0.4921875,
        "y_min": 0.6640625,
        "x_max": 0.5625,
        "y_max": 0.76953125
      }
    }
  ]
}