{
  "image_filename": "00241.png",
  "visualization_filename": "00241_vis.png",
  "mnist_digits": [
    1,
    1,
    6,
    3,
    3,
    0
  ],
  "boxes": [
    {
      "char": "四",
      "bbox": {
        "x_min": 0.466796875,
        "y_min": 0.0703125,
        "x_max": 0.654296875,
        "y_max": 0.2421875
      }
    },
    {
      "char": "三",
      "bbox": {
        "x_min": 0.326171875,
        "y_min": 0.51953125,
        "x_max": 0.607421875,
        "y_max": 0.69140625
      }
    },
    {
      "char": "十",
      "bbox": {
        "x_min": 0.62890625,
        "y_min": 0.30859375,
        "x_max": 0.91796875,
        "y_max": 0.818359375
      }
    },
    {
      "char": "一",
      "bbox": {
        "x_min": 0.279296875,
        "y_min": 0.173828125,
        "x_max": 0.388671875,
        "y_max": 0.228515625
      }
    }
  ]
}