{
  "image_filename": "00248.png",
  "visualization_filename": "00248_vis.png",
  "mnist_digits": [
    3,
    8,
    4,
    1,
    1,
    5,
    8,
    7,
    8,
    6,
    2,
    0,
    9,
    6,
    2
  ],
  "boxes": [
    {
      "char": "三",
      "bbox": {
        "x_min": 0.740234375,
        "y_min": 0.701171875,
        "x_max": 0.853515625,
        "y_max": 0.7890625
      }
    },
    {
      "char": "一",
      "bbox": {
        "x_min": 0.66015625,
        "y_min": 0.185546875,
        "x_max": 0.701171875,
        "y_max": 0.21484375
      }
    },
    {
      "char": "零",
      "bbox": {
        "x_min": 0.251953125,
        "y_min": 0.4140625,
        "x_max": 0.376953125,
        "y_max": 0.578125
      }
    },
    {
      "char": "二",
      "bbox": {
        "x_min": 0.1328125,
        "y_min": 0.09765625,
        "x_max": 0.4140625,
        "y_max": 0.25390625
      }
    },
    {
      "char": "四",
      "bbox": {
        "x_min": 0.455078125,
        "y_min": 0.41796875,
        "x_max": 0.548828125,
        "y_max": 0.48828125
      }
    },
    {
      "char": "千",
      "bbox": {
        "x_min": 0.41796875,
        "y_min": 0.8515625,
        "x_max": 0.474609375,
        "y_max": 0.947265625
      }
    },
    {
      "char": "千",
      "bbox": {
        "x_min": 0.560546875,
        "y_min": 0.431640625,
        "x_max": 0.630859375,
        "y_max": 0.560546875
      }
    }
  ]
}