{
  "image_filename": "00245.png",
  "visualization_filename": "00245_vis.png",
  "mnist_digits": [
    0,
    1,
    7,
    3,
    1,
    9,
    5,
    7,
    3,
    9,
    3,
    5,
    1,
    3,
    0,
    1,
    4,
    2,
    8,
    2,
    2,
    7
  ],
  "boxes": [
    {
      "char": "八",
      "bbox": {
        "x_min": 0.85546875,
        "y_min": 0.654296875,
        "x_max": 0.97265625,
        "y_max": 0.765625
      }
    },
    {
      "char": "四",
      "bbox": {
        "x_min": 0.373046875,
        "y_min": 0.1796875,
        "x_max": 0.681640625,
        "y_max": 0.48828125
      }
    },
    {
      "char": "百",
      "bbox": {
        "x_min": 0,
        "y_min": 0.26171875,
        "x_max": 0.134765625,
        "y_max": 0.44921875
      }
    },
    {
      "char": "八",
      "bbox": {
        "x_min": 0.837890625,
        "y_min": 0.484375,
        "x_max": 0.87109375,
        "y_max": 0.5390625
      }
    },
    {
      "char": "八",
      "bbox": {
        "x_min": 0.85546875,
        "y_min": 0.13671875,
        "x_max": 0.900390625,
        "y_max": 0.18359375
      }
    }
  ]
}