{
  "image_filename": "00240.png",
  "visualization_filename": "00240_vis.png",
  "mnist_digits": [
    3,
    2,
    3,
    9,
    2,
    7,
    8,
    6,
    8,
    4,
    2,
    7,
    1,
    7,
    1,
    0,
    4,
    1,
    0,
    3,
    3
  ],
  "boxes": [
    {
      "char": "千",
      "bbox": {
        "x_min": 0.197265625,
        "y_min": 0.681640625,
        "x_max": 0.271484375,
        "y_max": 0.798828125
      }
    },
    {
      "char": "万",
      "bbox": {
        "x_min": 0.62109375,
        "y_min": 0.75390625,
        "x_max": 0.7265625,
        "y_max": 0.923828125
      }
    },
    {
      "char": "九",
      "bbox": {
        "x_min": 0.0546875,
        "y_min": 0.158203125,
        "x_max": 0.33984375,
        "y_max": 0.43359375
      }
    },
    {
      "char": "九",
      "bbox": {
        "x_min": 0.50390625,
        "y_min": 0.376953125,
        "x_max": 0.62109375,
        "y_max": 0.494140625
      }
    }
  ]
}