{
  "image_filename": "00246.png",
  "visualization_filename": "00246_vis.png",
  "mnist_digits": [
    4,
    5,
    1,
    5,
    6,
    7,
    7,
    5,
    3,
    5,
    9
  ],
  "boxes": [
    {
      "char": "九",
      "bbox": {
        "x_min": 0.189453125,
        "y_min": 0.37109375,
        "x_max": 0.37109375,
        "y_max": 0.55859375
      }
    },
    {
      "char": "二",
      "bbox": {
        "x_min": 0.052734375,
        "y_min": 0.080078125,
        "x_max": 0.169921875,
        "y_max": 0.15625
      }
    },
    {
      "char": "二",
      "bbox": {
        "x_min": 0.548828125,
        "y_min": 0.236328125,
        "x_max": 0.619140625,
        "y_max": 0.283203125
      }
    },
    {
      "char": "六",
      "bbox": {
        "x_min": 0.177734375,
        "y_min": 0.083984375,
        "x_max": 0.427734375,
        "y_max": 0.333984375
      }
    },
    {
      "char": "九",
      "bbox": {
        "x_min": 0.072265625,
        "y_min": 0.224609375,
        "x_max": 0.1484375,
        "y_max": 0.333984375
      }
    }
  ]
}