{
  "image_filename": "00247.png",
  "visualization_filename": "00247_vis.png",
  "mnist_digits": [
    8,
    1,
    5,
    8,
    9,
    6,
    2,
    5,
    3,
    9,
    1,
    9,
    6,
    6,
    2
  ],
  "boxes": [
    {
      "char": "亿",
      "bbox": {
        "x_min": 0.400390625,
        "y_min": 0.138671875,
        "x_max": 0.681640625,
        "y_max": 0.365234375
      }
    },
    {
      "char": "十",
      "bbox": {
        "x_min": 0,
        "y_min": 0.654296875,
        "x_max": 0.033203125,
        "y_max": 0.701171875
      }
    },
    {
      "char": "三",
      "bbox": {
        "x_min": 0.693359375,
        "y_min": 0.541015625,
        "x_max": 0.828125,
        "y_max": 0.72265625
      }
    },
    {
      "char": "四",
      "bbox": {
        "x_min": 0.359375,
        "y_min": 0.521484375,
        "x_max": 0.580078125,
        "y_max": 0.689453125
      }
    },
    {
      "char": "七",
      "bbox": {
        "x_min": 0.369140625,
        "y_min": 0.40234375,
        "x_max": 0.501953125,
        "y_max": 0.5078125
      }
    },
    {
      "char": "三",
      "bbox": {
        "x_min": 0.140625,
        "y_min": 0.74609375,
        "x_max": 0.28125,
        "y_max": 0.880859375
      }
    }
  ]
}