{
  "image_filename": "00243.png",
  "visualization_filename": "00243_vis.png",
  "mnist_digits": [
    3,
    7,
    7,
    9,
    2,
    1,
    5,
    6,
    8,
    7,
    2,
    0,
    6,
    9,
    5,
    3,
    1,
    8,
    8,
    4,
    9,
    8,
    3,
    6,
    9,
    1
  ],
  "boxes": [
    {
      "char": "一",
      "bbox": {
        "x_min": 0.55078125,
        "y_min": 0.25,
        "x_max": 0.6328125,
        "y_max": 0.337890625
      }
    },
    {
      "char": "八",
      "bbox": {
        "x_min": 0.173828125,
        "y_min": 0.2890625,
        "x_max": 0.392578125,
        "y_max": 0.546875
      }
    }
  ]
}