{
  "image_filename": "00255.png",
  "visualization_filename": "00255_vis.png",
  "mnist_digits": [
    5,
    2,
    1,
    2,
    4,
    5,
    3,
    7,
    1,
    9,
    4,
    4,
    5,
    3,
    1,
    2,
    2,
    1,
    4,
    1,
    6
  ],
  "boxes": [
    {
      "char": "七",
      "bbox": {
        "x_min": 0.451171875,
        "y_min": 0.67578125,
        "x_max": 0.68359375,
        "y_max": 0.966796875
      }
    },
    {
      "char": "八",
      "bbox": {
        "x_min": 0.01953125,
        "y_min": 0.263671875,
        "x_max": 0.37109375,
        "y_max": 0.615234375
      }
    }
  ]
}