{
  "image_filename": "00256.png",
  "visualization_filename": "00256_vis.png",
  "mnist_digits": [
    2,
    2,
    1,
    0,
    6,
    5,
    1,
    8,
    0,
    0,
    7,
    1,
    4,
    7,
    7,
    8,
    6,
    1,
    4
  ],
  "boxes": [
    {
      "char": "八",
      "bbox": {
        "x_min": 0.103515625,
        "y_min": 0.640625,
        "x_max": 0.185546875,
        "y_max": 0.822265625
      }
    },
    {
      "char": "百",
      "bbox": {
        "x_min": 0.6796875,
        "y_min": 0.3515625,
        "x_max": 0.7265625,
        "y_max": 0.451171875
      }
    },
    {
      "char": "五",
      "bbox": {
        "x_min": 0.169921875,
        "y_min": 0.021484375,
        "x_max": 0.302734375,
        "y_max": 0.115234375
      }
    },
    {
      "char": "亿",
      "bbox": {
        "x_min": 0.26953125,
        "y_min": 0.115234375,
        "x_max": 0.609375,
        "y_max": 0.55078125
      }
    },
    {
      "char": "七",
      "bbox": {
        "x_min": 0.580078125,
        "y_min": 0.69921875,
        "x_max": 0.76171875,
        "y_max": 0.857421875
      }
    },
    {
      "char": "千",
      "bbox": {
        "x_min": 0.640625,
        "y_min": 0.1484375,
        "x_max": 0.703125,
        "y_max": 0.25
      }
    }
  ]
}