{
  "image_filename": "00258.png",
  "visualization_filename": "00258_vis.png",
  "mnist_digits": [
    6,
    7,
    6,
    8,
    8,
    5,
    0,
    3,
    9,
    1
  ],
  "boxes": [
    {
      "char": "五",
      "bbox": {
        "x_min": 0.455078125,
        "y_min": 0.091796875,
        "x_max": 0.654296875,
        "y_max": 0.25
      }
    },
    {
      "char": "亿",
      "bbox": {
        "x_min": 0.650390625,
        "y_min": 0.673828125,
        "x_max": 0.779296875,
        "y_max": 0.755859375
      }
    },
    {
      "char": "二",
      "bbox": {
        "x_min": 0.083984375,
        "y_min": 0.619140625,
        "x_max": 0.12109375,
        "y_max": 0.6484375
      }
    }
  ]
}