{
  "image_filename": "00254.png",
  "visualization_filename": "00254_vis.png",
  "mnist_digits": [
    0,
    5,
    6,
    9,
    1,
    5,
    8,
    0,
    4,
    2,
    2,
    8,
    7,
    1,
    3,
    1,
    8,
    7
  ],
  "boxes": [
    {
      "char": "三",
      "bbox": {
        "x_min": 0.005859375,
        "y_min": 0.796875,
        "x_max": 0.162109375,
        "y_max": 0.935546875
      }
    },
    {
      "char": "九",
      "bbox": {
        "x_min": 0.294921875,
        "y_min": 0.7421875,
        "x_max": 0.412109375,
        "y_max": 0.953125
      }
    },
    {
      "char": "零",
      "bbox": {
        "x_min": 0.568359375,
        "y_min": 0.359375,
        "x_max": 0.818359375,
        "y_max": 0.7109375
      }
    }
  ]
}