{
  "image_filename": "00259.png",
  "visualization_filename": "00259_vis.png",
  "mnist_digits": [
    4,
    9,
    1
  ],
  "boxes": [
    {
      "char": "三",
      "bbox": {
        "x_min": 0.412109375,
        "y_min": 0.40625,
        "x_max": 0.716796875,
        "y_max": 0.65625
      }
    },
    {
      "char": "万",
      "bbox": {
        "x_min": 0.720703125,
        "y_min": 0.44140625,
        "x_max": 0.97265625,
        "y_max": 0.947265625
      }
    },
    {
      "char": "万",
      "bbox": {
        "x_min": 0.205078125,
        "y_min": 0.47265625,
        "x_max": 0.345703125,
        "y_max": 0.68359375
      }
    },
    {
      "char": "亿",
      "bbox": {
        "x_min": 0.56640625,
        "y_min": 0.099609375,
        "x_max": 0.64453125,
        "y_max": 0.193359375
      }
    },
    {
      "char": "百",
      "bbox": {
        "x_min": 0.0859375,
        "y_min": 0.064453125,
        "x_max": 0.234375,
        "y_max": 0.251953125
      }
    },
    {
      "char": "三",
      "bbox": {
        "x_min": 0.484375,
        "y_min": 0.83984375,
        "x_max": 0.59375,
        "y_max": 0.93359375
      }
    },
    {
      "char": "二",
      "bbox": {
        "x_min": 0.40625,
        "y_min": 0.09765625,
        "x_max": 0.447265625,
        "y_max": 0.126953125
      }
    }
  ]
}