{
  "image_filename": "00251.png",
  "visualization_filename": "00251_vis.png",
  "mnist_digits": [
    9,
    1,
    1,
    1,
    6,
    6,
    8,
    2,
    4,
    4,
    6,
    2,
    3,
    7,
    0,
    7,
    0,
    5,
    0,
    7,
    8,
    7
  ],
  "boxes": [
    {
      "char": "六",
      "bbox": {
        "x_min": 0.31640625,
        "y_min": 0.455078125,
        "x_max": 0.744140625,
        "y_max": 0.92578125
      }
    },
    {
      "char": "零",
      "bbox": {
        "x_min": 0.771484375,
        "y_min": 0.626953125,
        "x_max": 0.943359375,
        "y_max": 0.873046875
      }
    }
  ]
}