{
  "image_filename": "00250.png",
  "visualization_filename": "00250_vis.png",
  "mnist_digits": [
    3,
    5,
    1,
    6,
    9,
    7,
    1,
    4,
    6,
    0,
    6,
    2,
    5
  ],
  "boxes": [
    {
      "char": "亿",
      "bbox": {
        "x_min": 0.4921875,
        "y_min": 0.513671875,
        "x_max": 0.59375,
        "y_max": 0.638671875
      }
    },
    {
      "char": "百",
      "bbox": {
        "x_min": 0.595703125,
        "y_min": 0.81640625,
        "x_max": 0.658203125,
        "y_max": 0.90234375
      }
    },
    {
      "char": "百",
      "bbox": {
        "x_min": 0.86328125,
        "y_min": 0.169921875,
        "x_max": 0.93359375,
        "y_max": 0.267578125
      }
    },
    {
      "char": "八",
      "bbox": {
        "x_min": 0.74609375,
        "y_min": 0.5234375,
        "x_max": 0.93359375,
        "y_max": 0.71875
      }
    },
    {
      "char": "六",
      "bbox": {
        "x_min": 0.1875,
        "y_min": 0.0234375,
        "x_max": 0.279296875,
        "y_max": 0.123046875
      }
    },
    {
      "char": "九",
      "bbox": {
        "x_min": 0.09375,
        "y_min": 0.408203125,
        "x_max": 0.3515625,
        "y_max": 0.720703125
      }
    }
  ]
}