{
  "image_filename": "00257.png",
  "visualization_filename": "00257_vis.png",
  "mnist_digits": [
    7,
    3,
    0,
    4,
    4,
    4,
    3,
    7,
    0,
    0,
    6,
    8,
    9,
    0,
    1,
    0,
    6,
    3,
    0,
    3,
    2,
    1
  ],
  "boxes": [
    {
      "char": "三",
      "bbox": {
        "x_min": 0.19140625,
        "y_min": 0.208984375,
        "x_max": 0.537109375,
        "y_max": 0.5234375
      }
    },
    {
      "char": "万",
      "bbox": {
        "x_min": 0.810546875,
        "y_min": 0.90234375,
        "x_max": 0.87109375,
        "y_max": 0.98828125
      }
    },
    {
      "char": "四",
      "bbox": {
        "x_min": 0.087890625,
        "y_min": 0.05859375,
        "x_max": 0.201171875,
        "y_max": 0.16015625
      }
    }
  ]
}