{
  "image_filename": "00268.png",
  "visualization_filename": "00268_vis.png",
  "mnist_digits": [
    8,
    1,
    3,
    3,
    0,
    0,
    6,
    7,
    7,
    8
  ],
  "boxes": [
    {
      "char": "三",
      "bbox": {
        "x_min": 0.291015625,
        "y_min": 0.212890625,
        "x_max": 0.47265625,
        "y_max": 0.3828125
      }
    },
    {
      "char": "七",
      "bbox": {
        "x_min": 0.138671875,
        "y_min": 0.453125,
        "x_max": 0.26171875,
        "y_max": 0.5390625
      }
    },
    {
      "char": "百",
      "bbox": {
        "x_min": 0.595703125,
        "y_min": 0.8203125,
        "x_max": 0.662109375,
        "y_max": 0.916015625
      }
    },
    {
      "char": "三",
      "bbox": {
        "x_min": 0.56640625,
        "y_min": 0.490234375,
        "x_max": 0.69140625,
        "y_max": 0.666015625
      }
    },
    {
      "char": "三",
      "bbox": {
        "x_min": 0.17578125,
        "y_min": 0.546875,
        "x_max": 0.607421875,
        "y_max": 0.958984375
      }
    },
    {
      "char": "二",
      "bbox": {
        "x_min": 0.728515625,
        "y_min": 0.345703125,
        "x_max": 0.787109375,
        "y_max": 0.37109375
      }
    },
    {
      "char": "一",
      "bbox": {
        "x_min": 0.77734375,
        "y_min": 0.8125,
        "x_max": 0.875,
        "y_max": 0.859375
      }
    }
  ]
}