{
  "image_filename": "00265.png",
  "visualization_filename": "00265_vis.png",
  "mnist_digits": [
    7,
    5,
    3,
    5,
    3,
    7,
    2,
    9,
    7
  ],
  "boxes": [
    {
      "char": "四",
      "bbox": {
        "x_min": 0.6171875,
        "y_min": 0.64453125,
        "x_max": 0.798828125,
        "y_max": 0.83203125
      }
    },
    {
      "char": "三",
      "bbox": {
        "x_min": 0.18359375,
        "y_min": 0.646484375,
        "x_max": 0.212890625,
        "y_max": 0.689453125
      }
    },
    {
      "char": "三",
      "bbox": {
        "x_min": 0.349609375,
        "y_min": 0.818359375,
        "x_max": 0.490234375,
        "y_max": 0.974609375
      }
    },
    {
      "char": "二",
      "bbox": {
        "x_min": 0.32421875,
        "y_min": 0.603515625,
        "x_max": 0.42578125,
        "y_max": 0.658203125
      }
    },
    {
      "char": "零",
      "bbox": {
        "x_min": 0.517578125,
        "y_min": 0.736328125,
        "x_max": 0.564453125,
        "y_max": 0.8125
      }
    },
    {
      "char": "八",
      "bbox": {
        "x_min": 0.064453125,
        "y_min": 0.736328125,
        "x_max": 0.205078125,
        "y_max": 0.865234375
      }
    }
  ]
}