{
  "image_filename": "00267.png",
  "visualization_filename": "00267_vis.png",
  "mnist_digits": [
    9,
    1,
    1,
    4,
    5,
    5,
    3,
    1,
    0,
    6,
    6,
    8,
    6,
    9,
    1,
    7,
    3,
    3,
    0,
    7,
    1,
    2,
    8,
    2,
    2,
    5
  ],
  "boxes": [
    {
      "char": "五",
      "bbox": {
        "x_min": 0.26953125,
        "y_min": 0.423828125,
        "x_max": 0.375,
        "y_max": 0.517578125
      }
    },
    {
      "char": "七",
      "bbox": {
        "x_min": 0.57421875,
        "y_min": 0.265625,
        "x_max": 0.66796875,
        "y_max": 0.33203125
      }
    },
    {
      "char": "三",
      "bbox": {
        "x_min": 0.892578125,
        "y_min": 0.462890625,
        "x_max": 0.921875,
        "y_max": 0.51953125
      }
    },
    {
      "char": "二",
      "bbox": {
        "x_min": 0.9453125,
        "y_min": 0.572265625,
        "x_max": 0.9921875,
        "y_max": 0.60546875
      }
    },
    {
      "char": "千",
      "bbox": {
        "x_min": 0.001953125,
        "y_min": 0.666015625,
        "x_max": 0.041015625,
        "y_max": 0.736328125
      }
    },
    {
      "char": "一",
      "bbox": {
        "x_min": 0.6171875,
        "y_min": 0.14453125,
        "x_max": 0.80859375,
        "y_max": 0.19921875
      }
    },
    {
      "char": "四",
      "bbox": {
        "x_min": 0.046875,
        "y_min": 0.5,
        "x_max": 0.095703125,
        "y_max": 0.546875
      }
    },
    {
      "char": "六",
      "bbox": {
        "x_min": 0.86328125,
        "y_min": 0.884765625,
        "x_max": 0.912109375,
        "y_max": 0.9375
      }
    },
    {
      "char": "四",
      "bbox": {
        "x_min": 0.154296875,
        "y_min": 0.603515625,
        "x_max": 0.330078125,
        "y_max": 0.791015625
      }
    }
  ]
}