{
  "image_filename": "00263.png",
  "visualization_filename": "00263_vis.png",
  "mnist_digits": [
    1,
    2,
    6,
    1,
    5,
    1,
    1,
    5,
    6,
    3,
    0,
    2,
    8,
    3,
    3,
    4,
    3,
    4,
    8,
    1,
    7
  ],
  "boxes": [
    {
      "char": "千",
      "bbox": {
        "x_min": 0.6875,
        "y_min": 0.640625,
        "x_max": 0.76953125,
        "y_max": 0.796875
      }
    },
    {
      "char": "五",
      "bbox": {
        "x_min": 0.734375,
        "y_min": 0.060546875,
        "x_max": 0.904296875,
        "y_max": 0.236328125
      }
    }
  ]
}