{
  "image_filename": "00260.png",
  "visualization_filename": "00260_vis.png",
  "mnist_digits": [
    0,
    1,
    7,
    4,
    5,
    2,
    2,
    1,
    0,
    9,
    3,
    7,
    3,
    7,
    9,
    3,
    3,
    3
  ],
  "boxes": [
    {
      "char": "七",
      "bbox": {
        "x_min": 0.380859375,
        "y_min": 0.216796875,
        "x_max": 0.650390625,
        "y_max": 0.6484375
      }
    },
    {
      "char": "六",
      "bbox": {
        "x_min": 0.28515625,
        "y_min": 0.80859375,
        "x_max": 0.31640625,
        "y_max": 0.853515625
      }
    },
    {
      "char": "三",
      "bbox": {
        "x_min": 0.34765625,
        "y_min": 0.72265625,
        "x_max": 0.39453125,
        "y_max": 0.765625
      }
    },
    {
      "char": "四",
      "bbox": {
        "x_min": 0.0546875,
        "y_min": 0.810546875,
        "x_max": 0.12890625,
        "y_max": 0.904296875
      }
    },
    {
      "char": "三",
      "bbox": {
        "x_min": 0.5703125,
        "y_min": 0.154296875,
        "x_max": 0.630859375,
        "y_max": 0.212890625
      }
    },
    {
      "char": "一",
      "bbox": {
        "x_min": 0.4609375,
        "y_min": 0.72265625,
        "x_max": 0.58203125,
        "y_max": 0.783203125
      }
    },
    {
      "char": "零",
      "bbox": {
        "x_min": 0.279296875,
        "y_min": 0.13671875,
        "x_max": 0.369140625,
        "y_max": 0.265625
      }
    }
  ]
}