{
  "image_filename": "00266.png",
  "visualization_filename": "00266_vis.png",
  "mnist_digits": [
    0,
    8,
    8,
    3,
    2,
    2,
    1,
    3,
    1,
    4,
    9,
    2,
    9,
    7,
    1,
    7,
    9,
    2,
    4,
    1,
    0,
    1,
    5
  ],
  "boxes": [
    {
      "char": "四",
      "bbox": {
        "x_min": 0.701171875,
        "y_min": 0.28515625,
        "x_max": 0.880859375,
        "y_max": 0.49609375
      }
    },
    {
      "char": "百",
      "bbox": {
        "x_min": 0.8671875,
        "y_min": 0.951171875,
        "x_max": 0.890625,
        "y_max": 0.998046875
      }
    },
    {
      "char": "六",
      "bbox": {
        "x_min": 0.521484375,
        "y_min": 0.72265625,
        "x_max": 0.615234375,
        "y_max": 0.81640625
      }
    },
    {
      "char": "三",
      "bbox": {
        "x_min": 0.017578125,
        "y_min": 0.17578125,
        "x_max": 0.53125,
        "y_max": 0.478515625
      }
    },
    {
      "char": "二",
      "bbox": {
        "x_min": 0.322265625,
        "y_min": 0.30078125,
        "x_max": 0.384765625,
        "y_max": 0.34765625
      }
    },
    {
      "char": "一",
      "bbox": {
        "x_min": 0.765625,
        "y_min": 0.19921875,
        "x_max": 0.84765625,
        "y_max": 0.23046875
      }
    }
  ]
}