{
  "image_filename": "00269.png",
  "visualization_filename": "00269_vis.png",
  "mnist_digits": [
    9,
    7,
    3,
    4,
    0,
    7,
    3,
    6,
    1,
    1,
    7,
    6,
    9,
    8,
    8
  ],
  "boxes": [
    {
      "char": "百",
      "bbox": {
        "x_min": 0.0078125,
        "y_min": 0.595703125,
        "x_max": 0.0625,
        "y_max": 0.65625
      }
    },
    {
      "char": "千",
      "bbox": {
        "x_min": 0.92578125,
        "y_min": 0.34765625,
        "x_max": 0.98046875,
        "y_max": 0.404296875
      }
    },
    {
      "char": "五",
      "bbox": {
        "x_min": 0.544921875,
        "y_min": 0.40234375,
        "x_max": 0.626953125,
        "y_max": 0.4609375
      }
    },
    {
      "char": "六",
      "bbox": {
        "x_min": 0.66796875,
        "y_min": 0.001953125,
        "x_max": 0.7265625,
        "y_max": 0.11328125
      }
    }
  ]
}