{
  "image_filename": "00262.png",
  "visualization_filename": "00262_vis.png",
  "mnist_digits": [
    4,
    0,
    9,
    3,
    0,
    3,
    3,
    4,
    0,
    6,
    4,
    7,
    7,
    7,
    3,
    4,
    9,
    5,
    1,
    4,
    5,
    2,
    8,
    4,
    2,
    3,
    7,
    3,
    6
  ],
  "boxes": [
    {
      "char": "亿",
      "bbox": {
        "x_min": 0.166015625,
        "y_min": 0.658203125,
        "x_max": 0.423828125,
        "y_max": 0.822265625
      }
    },
    {
      "char": "七",
      "bbox": {
        "x_min": 0.380859375,
        "y_min": 0.236328125,
        "x_max": 0.505859375,
        "y_max": 0.416015625
      }
    },
    {
      "char": "百",
      "bbox": {
        "x_min": 0.6484375,
        "y_min": 0.205078125,
        "x_max": 0.783203125,
        "y_max": 0.369140625
      }
    },
    {
      "char": "万",
      "bbox": {
        "x_min": 0.033203125,
        "y_min": 0.123046875,
        "x_max": 0.189453125,
        "y_max": 0.271484375
      }
    },
    {
      "char": "七",
      "bbox": {
        "x_min": 0.546875,
        "y_min": 0.546875,
        "x_max": 0.796875,
        "y_max": 0.7734375
      }
    },
    {
      "char": "八",
      "bbox": {
        "x_min": 0.875,
        "y_min": 0.001953125,
        "x_max": 0.990234375,
        "y_max": 0.111328125
      }
    }
  ]
}