{
  "image_filename": "00261.png",
  "visualization_filename": "00261_vis.png",
  "mnist_digits": [
    6,
    4,
    8,
    0,
    5,
    7,
    3,
    2,
    2,
    8,
    5,
    5,
    3,
    7,
    8,
    4,
    3,
    2,
    0,
    0,
    5,
    5,
    7,
    1
  ],
  "boxes": [
    {
      "char": "千",
      "bbox": {
        "x_min": 0.09765625,
        "y_min": 0.244140625,
        "x_max": 0.23828125,
        "y_max": 0.4375
      }
    },
    {
      "char": "二",
      "bbox": {
        "x_min": 0.720703125,
        "y_min": 0.5625,
        "x_max": 0.974609375,
        "y_max": 0.755859375
      }
    },
    {
      "char": "十",
      "bbox": {
        "x_min": 0.099609375,
        "y_min": 0.6640625,
        "x_max": 0.177734375,
        "y_max": 0.79296875
      }
    },
    {
      "char": "一",
      "bbox": {
        "x_min": 0.400390625,
        "y_min": 0.90625,
        "x_max": 0.525390625,
        "y_max": 0.9609375
      }
    },
    {
      "char": "七",
      "bbox": {
        "x_min": 0.23828125,
        "y_min": 0.130859375,
        "x_max": 0.3671875,
        "y_max": 0.265625
      }
    },
    {
      "char": "八",
      "bbox": {
        "x_min": 0.748046875,
        "y_min": 0.41796875,
        "x_max": 0.919921875,
        "y_max": 0.55859375
      }
    },
    {
      "char": "一",
      "bbox": {
        "x_min": 0.353515625,
        "y_min": 0.681640625,
        "x_max": 0.453125,
        "y_max": 0.734375
      }
    }
  ]
}