{
  "image_filename": "00276.png",
  "visualization_filename": "00276_vis.png",
  "mnist_digits": [
    5,
    1,
    1,
    0,
    3,
    8,
    8,
    4,
    4,
    3,
    4,
    0,
    6,
    5,
    0
  ],
  "boxes": [
    {
      "char": "千",
      "bbox": {
        "x_min": 0.232421875,
        "y_min": 0.064453125,
        "x_max": 0.294921875,
        "y_max": 0.189453125
      }
    },
    {
      "char": "九",
      "bbox": {
        "x_min": 0.23828125,
        "y_min": 0.3359375,
        "x_max": 0.537109375,
        "y_max": 0.765625
      }
    },
    {
      "char": "亿",
      "bbox": {
        "x_min": 0.666015625,
        "y_min": 0.474609375,
        "x_max": 0.939453125,
        "y_max": 0.724609375
      }
    },
    {
      "char": "万",
      "bbox": {
        "x_min": 0.6171875,
        "y_min": 0.208984375,
        "x_max": 0.802734375,
        "y_max": 0.435546875
      }
    },
    {
      "char": "七",
      "bbox": {
        "x_min": 0.82421875,
        "y_min": 0.806640625,
        "x_max": 0.919921875,
        "y_max": 0.912109375
      }
    },
    {
      "char": "十",
      "bbox": {
        "x_min": 0.0859375,
        "y_min": 0.580078125,
        "x_max": 0.115234375,
        "y_max": 0.619140625
      }
    },
    {
      "char": "五",
      "bbox": {
        "x_min": 0.67578125,
        "y_min": 0.75390625,
        "x_max": 0.7109375,
        "y_max": 0.806640625
      }
    }
  ]
}