{
  "image_filename": "00277.png",
  "visualization_filename": "00277_vis.png",
  "mnist_digits": [
    2,
    3,
    3,
    6,
    1,
    4,
    0,
    3,
    4,
    7,
    0,
    3,
    9,
    7,
    9,
    9,
    0,
    8,
    0,
    4,
    1,
    0,
    9,
    6,
    5,
    2,
    5,
    9,
    1,
    6
  ],
  "boxes": [
    {
      "char": "亿",
      "bbox": {
        "x_min": 0.71875,
        "y_min": 0.181640625,
        "x_max": 0.78125,
        "y_max": 0.234375
      }
    },
    {
      "char": "九",
      "bbox": {
        "x_min": 0.21484375,
        "y_min": 0.56640625,
        "x_max": 0.30859375,
        "y_max": 0.67578125
      }
    },
    {
      "char": "六",
      "bbox": {
        "x_min": 0.283203125,
        "y_min": 0.201171875,
        "x_max": 0.33203125,
        "y_max": 0.248046875
      }
    },
    {
      "char": "五",
      "bbox": {
        "x_min": 0.4921875,
        "y_min": 0.587890625,
        "x_max": 0.70703125,
        "y_max": 0.8125
      }
    }
  ]
}