{
  "image_filename": "00278.png",
  "visualization_filename": "00278_vis.png",
  "mnist_digits": [
    0,
    3,
    8,
    6,
    1,
    4,
    1,
    6,
    3,
    6,
    3,
    0,
    5,
    2,
    2,
    8,
    5,
    0,
    7,
    3,
    0,
    5,
    2,
    1,
    7
  ],
  "boxes": [
    {
      "char": "十",
      "bbox": {
        "x_min": 0.103515625,
        "y_min": 0.482421875,
        "x_max": 0.169921875,
        "y_max": 0.583984375
      }
    },
    {
      "char": "千",
      "bbox": {
        "x_min": 0.3359375,
        "y_min": 0.328125,
        "x_max": 0.40234375,
        "y_max": 0.4453125
      }
    },
    {
      "char": "六",
      "bbox": {
        "x_min": 0.890625,
        "y_min": 0.58984375,
        "x_max": 0.92578125,
        "y_max": 0.623046875
      }
    },
    {
      "char": "八",
      "bbox": {
        "x_min": 0.5390625,
        "y_min": 0.630859375,
        "x_max": 0.6796875,
        "y_max": 0.765625
      }
    },
    {
      "char": "四",
      "bbox": {
        "x_min": 0.267578125,
        "y_min": 0.86328125,
        "x_max": 0.384765625,
        "y_max": 0.98828125
      }
    },
    {
      "char": "九",
      "bbox": {
        "x_min": 0.34765625,
        "y_min": 0.423828125,
        "x_max": 0.44140625,
        "y_max": 0.576171875
      }
    }
  ]
}