{
  "image_filename": "00279.png",
  "visualization_filename": "00279_vis.png",
  "mnist_digits": [
    2,
    0,
    4,
    3,
    3,
    9,
    5
  ],
  "boxes": [
    {
      "char": "九",
      "bbox": {
        "x_min": 0.611328125,
        "y_min": 0.056640625,
        "x_max": 0.91796875,
        "y_max": 0.412109375
      }
    },
    {
      "char": "亿",
      "bbox": {
        "x_min": 0.181640625,
        "y_min": 0.435546875,
        "x_max": 0.443359375,
        "y_max": 0.685546875
      }
    },
    {
      "char": "千",
      "bbox": {
        "x_min": 0.052734375,
        "y_min": 0.720703125,
        "x_max": 0.140625,
        "y_max": 0.87109375
      }
    }
  ]
}