{
  "image_filename": "00270.png",
  "visualization_filename": "00270_vis.png",
  "mnist_digits": [
    3,
    2,
    8,
    4,
    3,
    0,
    3,
    5,
    1,
    6,
    0,
    6,
    9,
    6,
    3
  ],
  "boxes": [
    {
      "char": "六",
      "bbox": {
        "x_min": 0.75,
        "y_min": 0.138671875,
        "x_max": 0.78125,
        "y_max": 0.185546875
      }
    },
    {
      "char": "八",
      "bbox": {
        "x_min": 0.048828125,
        "y_min": 0.771484375,
        "x_max": 0.083984375,
        "y_max": 0.81640625
      }
    },
    {
      "char": "零",
      "bbox": {
        "x_min": 0.236328125,
        "y_min": 0.68359375,
        "x_max": 0.478515625,
        "y_max": 0.96484375
      }
    },
    {
      "char": "九",
      "bbox": {
        "x_min": 0.44140625,
        "y_min": 0.11328125,
        "x_max": 0.623046875,
        "y_max": 0.294921875
      }
    }
  ]
}