{
  "image_filename": "00273.png",
  "visualization_filename": "00273_vis.png",
  "mnist_digits": [
    1,
    6,
    6,
    3,
    1,
    0,
    5,
    8,
    4,
    2,
    6,
    0,
    8,
    1,
    6,
    6,
    1
  ],
  "boxes": [
    {
      "char": "三",
      "bbox": {
        "x_min": 0.919921875,
        "y_min": 0.380859375,
        "x_max": 0.99609375,
        "y_max": 0.4921875
      }
    },
    {
      "char": "零",
      "bbox": {
        "x_min": 0.169921875,
        "y_min": 0.033203125,
        "x_max": 0.365234375,
        "y_max": 0.3359375
      }
    }
  ]
}