{
  "image_filename": "00274.png",
  "visualization_filename": "00274_vis.png",
  "mnist_digits": [
    1,
    0,
    8,
    7,
    5,
    1,
    2,
    2,
    2,
    7,
    2,
    7,
    0,
    6,
    2,
    6,
    1,
    0,
    1,
    5,
    6,
    1,
    2,
    0
  ],
  "boxes": [
    {
      "char": "四",
      "bbox": {
        "x_min": 0.1640625,
        "y_min": 0.61328125,
        "x_max": 0.21484375,
        "y_max": 0.6484375
      }
    },
    {
      "char": "三",
      "bbox": {
        "x_min": 0.279296875,
        "y_min": 0.26953125,
        "x_max": 0.41796875,
        "y_max": 0.396484375
      }
    },
    {
      "char": "十",
      "bbox": {
        "x_min": 0.45703125,
        "y_min": 0.22265625,
        "x_max": 0.880859375,
        "y_max": 0.79296875
      }
    }
  ]
}