{
  "image_filename": "00272.png",
  "visualization_filename": "00272_vis.png",
  "mnist_digits": [
    5,
    4,
    7,
    9,
    4,
    4,
    2,
    0,
    7,
    6,
    1,
    1,
    4,
    9,
    4,
    9,
    6,
    4,
    1,
    2,
    1,
    7,
    0,
    1
  ],
  "boxes": [
    {
      "char": "亿",
      "bbox": {
        "x_min": 0.81640625,
        "y_min": 0.0390625,
        "x_max": 0.958984375,
        "y_max": 0.232421875
      }
    },
    {
      "char": "十",
      "bbox": {
        "x_min": 0.6484375,
        "y_min": 0.51171875,
        "x_max": 0.677734375,
        "y_max": 0.548828125
      }
    },
    {
      "char": "亿",
      "bbox": {
        "x_min": 0.0390625,
        "y_min": 0.564453125,
        "x_max": 0.2578125,
        "y_max": 0.859375
      }
    },
    {
      "char": "零",
      "bbox": {
        "x_min": 0.681640625,
        "y_min": 0.234375,
        "x_max": 0.744140625,
        "y_max": 0.35546875
      }
    },
    {
      "char": "百",
      "bbox": {
        "x_min": 0.75390625,
        "y_min": 0.873046875,
        "x_max": 0.853515625,
        "y_max": 0.978515625
      }
    },
    {
      "char": "五",
      "bbox": {
        "x_min": 0.251953125,
        "y_min": 0.01953125,
        "x_max": 0.359375,
        "y_max": 0.103515625
      }
    }
  ]
}