{
  "image_filename": "00271.png",
  "visualization_filename": "00271_vis.png",
  "mnist_digits": [
    2,
    0,
    5,
    7,
    8,
    8,
    0,
    8,
    6,
    6
  ],
  "boxes": [
    {
      "char": "三",
      "bbox": {
        "x_min": 0.64453125,
        "y_min": 0.078125,
        "x_max": 0.705078125,
        "y_max": 0.125
      }
    },
    {
      "char": "九",
      "bbox": {
        "x_min": 0.2890625,
        "y_min": 0.400390625,
        "x_max": 0.630859375,
        "y_max": 0.7578125
      }
    },
    {
      "char": "五",
      "bbox": {
        "x_min": 0.03125,
        "y_min": 0.4296875,
        "x_max": 0.125,
        "y_max": 0.5078125
      }
    },
    {
      "char": "亿",
      "bbox": {
        "x_min": 0.796875,
        "y_min": 0.119140625,
        "x_max": 0.87109375,
        "y_max": 0.1796875
      }
    },
    {
      "char": "百",
      "bbox": {
        "x_min": 0.873046875,
        "y_min": 0.1953125,
        "x_max": 0.998046875,
        "y_max": 0.375
      }
    },
    {
      "char": "万",
      "bbox": {
        "x_min": 0.119140625,
        "y_min": 0.09375,
        "x_max": 0.15625,
        "y_max": 0.150390625
      }
    }
  ]
}