{
  "image_filename": "00287.png",
  "visualization_filename": "00287_vis.png",
  "mnist_digits": [
    9,
    8,
    0,
    4,
    6,
    1,
    2,
    0,
    3,
    6,
    0
  ],
  "boxes": [
    {
      "char": "二",
      "bbox": {
        "x_min": 0.0234375,
        "y_min": 0.623046875,
        "x_max": 0.07421875,
        "y_max": 0.646484375
      }
    },
    {
      "char": "百",
      "bbox": {
        "x_min": 0.634765625,
        "y_min": 0.39453125,
        "x_max": 0.7421875,
        "y_max": 0.603515625
      }
    },
    {
      "char": "二",
      "bbox": {
        "x_min": 0.125,
        "y_min": 0.291015625,
        "x_max": 0.21875,
        "y_max": 0.349609375
      }
    },
    {
      "char": "零",
      "bbox": {
        "x_min": 0.599609375,
        "y_min": 0.275390625,
        "x_max": 0.66796875,
        "y_max": 0.361328125
      }
    },
    {
      "char": "十",
      "bbox": {
        "x_min": 0.515625,
        "y_min": 0.837890625,
        "x_max": 0.6171875,
        "y_max": 0.990234375
      }
    },
    {
      "char": "三",
      "bbox": {
        "x_min": 0.154296875,
        "y_min": 0.26953125,
        "x_max": 0.517578125,
        "y_max": 0.52734375
      }
    }
  ]
}