{
  "image_filename": "00282.png",
  "visualization_filename": "00282_vis.png",
  "mnist_digits": [
    9,
    2,
    9,
    3,
    3,
    6,
    0,
    1,
    3,
    3,
    7,
    9,
    1,
    8,
    8,
    3,
    2,
    4,
    2
  ],
  "boxes": [
    {
      "char": "千",
      "bbox": {
        "x_min": 0.1796875,
        "y_min": 0.12890625,
        "x_max": 0.513671875,
        "y_max": 0.724609375
      }
    },
    {
      "char": "一",
      "bbox": {
        "x_min": 0.8203125,
        "y_min": 0.951171875,
        "x_max": 0.9140625,
        "y_max": 0.978515625
      }
    },
    {
      "char": "零",
      "bbox": {
        "x_min": 0.869140625,
        "y_min": 0.857421875,
        "x_max": 0.927734375,
        "y_max": 0.939453125
      }
    },
    {
      "char": "六",
      "bbox": {
        "x_min": 0.828125,
        "y_min": 0.490234375,
        "x_max": 0.890625,
        "y_max": 0.576171875
      }
    }
  ]
}