{
  "image_filename": "00286.png",
  "visualization_filename": "00286_vis.png",
  "mnist_digits": [
    8,
    2,
    1,
    2,
    5,
    1,
    3,
    8,
    6,
    2,
    7,
    0,
    8,
    5,
    1,
    1,
    6,
    0,
    7,
    2,
    0,
    0,
    5,
    6,
    1,
    1,
    6,
    1,
    0,
    1,
    6,
    6,
    3
  ],
  "boxes": [
    {
      "char": "十",
      "bbox": {
        "x_min": 0.814453125,
        "y_min": 0.458984375,
        "x_max": 0.96484375,
        "y_max": 0.693359375
      }
    },
    {
      "char": "八",
      "bbox": {
        "x_min": 0.5546875,
        "y_min": 0.63671875,
        "x_max": 0.625,
        "y_max": 0.685546875
      }
    }
  ]
}