{
  "image_filename": "00284.png",
  "visualization_filename": "00284_vis.png",
  "mnist_digits": [
    6,
    3,
    6,
    0,
    6,
    2,
    6,
    0
  ],
  "boxes": [
    {
      "char": "一",
      "bbox": {
        "x_min": 0.6484375,
        "y_min": 0.52734375,
        "x_max": 0.830078125,
        "y_max": 0.568359375
      }
    },
    {
      "char": "九",
      "bbox": {
        "x_min": 0.712890625,
        "y_min": 0.677734375,
        "x_max": 0.794921875,
        "y_max": 0.751953125
      }
    },
    {
      "char": "十",
      "bbox": {
        "x_min": 0.29296875,
        "y_min": 0.10546875,
        "x_max": 0.3359375,
        "y_max": 0.171875
      }
    }
  ]
}