{
  "image_filename": "00281.png",
  "visualization_filename": "00281_vis.png",
  "mnist_digits": [
    8,
    0,
    6,
    1,
    9,
    4,
    6,
    5,
    2,
    8,
    4,
    5,
    5,
    8,
    0,
    8,
    9,
    0,
    7,
    0,
    9,
    0,
    6,
    8,
    9,
    4,
    4,
    1,
    8,
    6,
    3,
    0,
    7,
    4
  ],
  "boxes": [
    {
      "char": "百",
      "bbox": {
        "x_min": 0.076171875,
        "y_min": 0.845703125,
        "x_max": 0.125,
        "y_max": 0.9296875
      }
    }
  ]
}