{
  "image_filename": "00289.png",
  "visualization_filename": "00289_vis.png",
  "mnist_digits": [
    3,
    9,
    3,
    5,
    2,
    1,
    1,
    8,
    1,
    4,
    7,
    5,
    6,
    6,
    3,
    1,
    8,
    9,
    0,
    1,
    0,
    7,
    2,
    6,
    8
  ],
  "boxes": [
    {
      "char": "十",
      "bbox": {
        "x_min": 0.6796875,
        "y_min": 0.248046875,
        "x_max": 0.7734375,
        "y_max": 0.369140625
      }
    },
    {
      "char": "六",
      "bbox": {
        "x_min": 0.408203125,
        "y_min": 0.537109375,
        "x_max": 0.54296875,
        "y_max": 0.666015625
      }
    },
    {
      "char": "八",
      "bbox": {
        "x_min": 0.046875,
        "y_min": 0.173828125,
        "x_max": 0.306640625,
        "y_max": 0.400390625
      }
    },
    {
      "char": "七",
      "bbox": {
        "x_min": 0.841796875,
        "y_min": 0.2421875,
        "x_max": 0.89453125,
        "y_max": 0.2890625
      }
    },
    {
      "char": "七",
      "bbox": {
        "x_min": 0.0703125,
        "y_min": 0.408203125,
        "x_max": 0.24609375,
        "y_max": 0.54296875
      }
    }
  ]
}