{
  "image_filename": "00285.png",
  "visualization_filename": "00285_vis.png",
  "mnist_digits": [
    2,
    3,
    8,
    7,
    2,
    7,
    2,
    5,
    9,
    1,
    2,
    9,
    3,
    0
  ],
  "boxes": [
    {
      "char": "四",
      "bbox": {
        "x_min": 0.33203125,
        "y_min": 0.1015625,
        "x_max": 0.478515625,
        "y_max": 0.248046875
      }
    },
    {
      "char": "亿",
      "bbox": {
        "x_min": 0.748046875,
        "y_min": 0.62890625,
        "x_max": 0.96484375,
        "y_max": 0.86328125
      }
    }
  ]
}