{
  "image_filename": "00288.png",
  "visualization_filename": "00288_vis.png",
  "mnist_digits": [
    1,
    9,
    5,
    9,
    1,
    3,
    9,
    2,
    5,
    4,
    7,
    2,
    8,
    3,
    4,
    7,
    1,
    6,
    1,
    6,
    1,
    1,
    6
  ],
  "boxes": [
    {
      "char": "千",
      "bbox": {
        "x_min": 0.533203125,
        "y_min": 0.22265625,
        "x_max": 0.650390625,
        "y_max": 0.37109375
      }
    },
    {
      "char": "三",
      "bbox": {
        "x_min": 0.1171875,
        "y_min": 0.611328125,
        "x_max": 0.2109375,
        "y_max": 0.693359375
      }
    },
    {
      "char": "千",
      "bbox": {
        "x_min": 0.39453125,
        "y_min": 0.541015625,
        "x_max": 0.47265625,
        "y_max": 0.666015625
      }
    },
    {
      "char": "三",
      "bbox": {
        "x_min": 0.6171875,
        "y_min": 0.78125,
        "x_max": 0.658203125,
        "y_max": 0.830078125
      }
    },
    {
      "char": "一",
      "bbox": {
        "x_min": 0.595703125,
        "y_min": 0.67578125,
        "x_max": 0.6640625,
        "y_max": 0.697265625
      }
    }
  ]
}