{
  "image_filename": "00283.png",
  "visualization_filename": "00283_vis.png",
  "mnist_digits": [
    7,
    3,
    4,
    7,
    2,
    0,
    8,
    9,
    1,
    7,
    4,
    5,
    1,
    7,
    6,
    9,
    7,
    0,
    7,
    6
  ],
  "boxes": [
    {
      "char": "亿",
      "bbox": {
        "x_min": 0.310546875,
        "y_min": 0.142578125,
        "x_max": 0.591796875,
        "y_max": 0.486328125
      }
    },
    {
      "char": "八",
      "bbox": {
        "x_min": 0.625,
        "y_min": 0.474609375,
        "x_max": 0.71875,
        "y_max": 0.521484375
      }
    },
    {
      "char": "二",
      "bbox": {
        "x_min": 0.072265625,
        "y_min": 0.09765625,
        "x_max": 0.12109375,
        "y_max": 0.1328125
      }
    },
    {
      "char": "二",
      "bbox": {
        "x_min": 0.703125,
        "y_min": 0.19140625,
        "x_max": 0.953125,
        "y_max": 0.37109375
      }
    },
    {
      "char": "五",
      "bbox": {
        "x_min": 0.609375,
        "y_min": 0.67578125,
        "x_max": 0.75,
        "y_max": 0.76953125
      }
    },
    {
      "char": "六",
      "bbox": {
        "x_min": 0.1171875,
        "y_min": 0.552734375,
        "x_max": 0.1484375,
        "y_max": 0.599609375
      }
    }
  ]
}