{
  "image_filename": "00294.png",
  "visualization_filename": "00294_vis.png",
  "mnist_digits": [
    8,
    5,
    5,
    1,
    7,
    3,
    5,
    1,
    4,
    5,
    1,
    7,
    2,
    6,
    9,
    1,
    5,
    0,
    4,
    9,
    5,
    0,
    3,
    7,
    8,
    2,
    4,
    7,
    4
  ],
  "boxes": [
    {
      "char": "三",
      "bbox": {
        "x_min": 0.578125,
        "y_min": 0.8828125,
        "x_max": 0.689453125,
        "y_max": 0.982421875
      }
    },
    {
      "char": "三",
      "bbox": {
        "x_min": 0.1171875,
        "y_min": 0.734375,
        "x_max": 0.3046875,
        "y_max": 0.962890625
      }
    },
    {
      "char": "千",
      "bbox": {
        "x_min": 0.89453125,
        "y_min": 0.26171875,
        "x_max": 0.95703125,
        "y_max": 0.3671875
      }
    },
    {
      "char": "二",
      "bbox": {
        "x_min": 0.14453125,
        "y_min": 0.064453125,
        "x_max": 0.41796875,
        "y_max": 0.189453125
      }
    },
    {
      "char": "三",
      "bbox": {
        "x_min": 0.748046875,
        "y_min": 0.0234375,
        "x_max": 0.990234375,
        "y_max": 0.2578125
      }
    },
    {
      "char": "零",
      "bbox": {
        "x_min": 0.599609375,
        "y_min": 0.306640625,
        "x_max": 0.669921875,
        "y_max": 0.439453125
      }
    }
  ]
}