{
  "image_filename": "00290.png",
  "visualization_filename": "00290_vis.png",
  "mnist_digits": [
    8,
    9,
    8,
    1,
    1,
    7,
    3,
    9,
    2,
    9,
    5,
    7,
    6,
    4,
    2,
    8,
    5,
    8,
    0,
    3,
    6,
    9,
    8,
    9,
    0,
    1,
    6,
    9,
    8,
    0,
    9,
    2
  ],
  "boxes": [
    {
      "char": "二",
      "bbox": {
        "x_min": 0.50390625,
        "y_min": 0.37109375,
        "x_max": 0.564453125,
        "y_max": 0.40625
      }
    },
    {
      "char": "亿",
      "bbox": {
        "x_min": 0.25,
        "y_min": 0.1953125,
        "x_max": 0.337890625,
        "y_max": 0.3125
      }
    },
    {
      "char": "千",
      "bbox": {
        "x_min": 0.6875,
        "y_min": 0.642578125,
        "x_max": 0.822265625,
        "y_max": 0.853515625
      }
    },
    {
      "char": "三",
      "bbox": {
        "x_min": 0.27734375,
        "y_min": 0.703125,
        "x_max": 0.390625,
        "y_max": 0.81640625
      }
    },
    {
      "char": "五",
      "bbox": {
        "x_min": 0.076171875,
        "y_min": 0.177734375,
        "x_max": 0.24609375,
        "y_max": 0.359375
      }
    },
    {
      "char": "亿",
      "bbox": {
        "x_min": 0.6640625,
        "y_min": 0.345703125,
        "x_max": 0.822265625,
        "y_max": 0.515625
      }
    }
  ]
}