{
  "image_filename": "00297.png",
  "visualization_filename": "00297_vis.png",
  "mnist_digits": [
    1,
    7,
    5,
    0,
    4,
    2,
    2,
    3,
    1,
    7,
    3,
    8,
    8,
    6,
    2,
    4,
    7,
    1,
    8,
    6,
    6,
    1,
    0,
    8,
    4,
    7,
    6,
    0,
    3,
    5,
    8,
    5
  ],
  "boxes": [
    {
      "char": "五",
      "bbox": {
        "x_min": 0.154296875,
        "y_min": 0.412109375,
        "x_max": 0.341796875,
        "y_max": 0.669921875
      }
    },
    {
      "char": "八",
      "bbox": {
        "x_min": 0.595703125,
        "y_min": 0.03515625,
        "x_max": 0.640625,
        "y_max": 0.083984375
      }
    },
    {
      "char": "十",
      "bbox": {
        "x_min": 0.14453125,
        "y_min": 0.251953125,
        "x_max": 0.20703125,
        "y_max": 0.333984375
      }
    },
    {
      "char": "七",
      "bbox": {
        "x_min": 0.001953125,
        "y_min": 0.533203125,
        "x_max": 0.123046875,
        "y_max": 0.666015625
      }
    }
  ]
}