{
  "image_filename": "00292.png",
  "visualization_filename": "00292_vis.png",
  "mnist_digits": [
    3,
    6,
    1,
    5,
    6,
    3,
    1,
    7,
    1,
    1,
    5,
    5,
    7,
    1,
    1,
    2,
    9,
    3,
    7,
    6,
    6,
    9,
    6
  ],
  "boxes": [
    {
      "char": "三",
      "bbox": {
        "x_min": 0.41015625,
        "y_min": 0.669921875,
        "x_max": 0.56640625,
        "y_max": 0.841796875
      }
    },
    {
      "char": "万",
      "bbox": {
        "x_min": 0.6953125,
        "y_min": 0.322265625,
        "x_max": 0.7890625,
        "y_max": 0.451171875
      }
    }
  ]
}