{
  "image_filename": "00299.png",
  "visualization_filename": "00299_vis.png",
  "mnist_digits": [
    5,
    1,
    8,
    5,
    6,
    2,
    2,
    5,
    4,
    5,
    5,
    9,
    1,
    2,
    1,
    7,
    3,
    2,
    4,
    0,
    9,
    1,
    3,
    0,
    4,
    8
  ],
  "boxes": [
    {
      "char": "五",
      "bbox": {
        "x_min": 0.427734375,
        "y_min": 0.68359375,
        "x_max": 0.509765625,
        "y_max": 0.796875
      }
    },
    {
      "char": "三",
      "bbox": {
        "x_min": 0.466796875,
        "y_min": 0.775390625,
        "x_max": 0.68359375,
        "y_max": 0.951171875
      }
    },
    {
      "char": "百",
      "bbox": {
        "x_min": 0.0703125,
        "y_min": 0.60546875,
        "x_max": 0.11328125,
        "y_max": 0.69140625
      }
    },
    {
      "char": "一",
      "bbox": {
        "x_min": 0.23046875,
        "y_min": 0.822265625,
        "x_max": 0.47265625,
        "y_max": 0.892578125
      }
    },
    {
      "char": "八",
      "bbox": {
        "x_min": 0.90234375,
        "y_min": 0.27734375,
        "x_max": 0.94140625,
        "y_max": 0.333984375
      }
    }
  ]
}