{
  "image_filename": "00295.png",
  "visualization_filename": "00295_vis.png",
  "mnist_digits": [
    6,
    8,
    5,
    1,
    3,
    7,
    8,
    9,
    7,
    9,
    1,
    8,
    5,
    2,
    4,
    6,
    2,
    7,
    0
  ],
  "boxes": [
    {
      "char": "千",
      "bbox": {
        "x_min": 0.244140625,
        "y_min": 0.1796875,
        "x_max": 0.291015625,
        "y_max": 0.2578125
      }
    },
    {
      "char": "二",
      "bbox": {
        "x_min": 0.185546875,
        "y_min": 0.810546875,
        "x_max": 0.248046875,
        "y_max": 0.869140625
      }
    },
    {
      "char": "五",
      "bbox": {
        "x_min": 0.390625,
        "y_min": 0.53125,
        "x_max": 0.703125,
        "y_max": 0.71875
      }
    },
    {
      "char": "一",
      "bbox": {
        "x_min": 0.33203125,
        "y_min": 0.28515625,
        "x_max": 0.49609375,
        "y_max": 0.34765625
      }
    },
    {
      "char": "百",
      "bbox": {
        "x_min": 0.421875,
        "y_min": 0.73828125,
        "x_max": 0.578125,
        "y_max": 0.96875
      }
    },
    {
      "char": "二",
      "bbox": {
        "x_min": 0.30859375,
        "y_min": 0.78125,
        "x_max": 0.40625,
        "y_max": 0.83984375
      }
    }
  ]
}