{
  "image_filename": "00291.png",
  "visualization_filename": "00291_vis.png",
  "mnist_digits": [
    6,
    7,
    7,
    8,
    2,
    3,
    6,
    0,
    9,
    9,
    9,
    6,
    1,
    4,
    2,
    3
  ],
  "boxes": [
    {
      "char": "五",
      "bbox": {
        "x_min": 0.03515625,
        "y_min": 0.205078125,
        "x_max": 0.169921875,
        "y_max": 0.33984375
      }
    },
    {
      "char": "三",
      "bbox": {
        "x_min": 0.57421875,
        "y_min": 0.63671875,
        "x_max": 0.904296875,
        "y_max": 0.884765625
      }
    },
    {
      "char": "一",
      "bbox": {
        "x_min": 0,
        "y_min": 0.3671875,
        "x_max": 0.03515625,
        "y_max": 0.3828125
      }
    },
    {
      "char": "六",
      "bbox": {
        "x_min": 0.1015625,
        "y_min": 0.482421875,
        "x_max": 0.44921875,
        "y_max": 0.865234375
      }
    },
    {
      "char": "一",
      "bbox": {
        "x_min": 0.390625,
        "y_min": 0.6953125,
        "x_max": 0.478515625,
        "y_max": 0.73046875
      }
    },
    {
      "char": "百",
      "bbox": {
        "x_min": 0.365234375,
        "y_min": 0.138671875,
        "x_max": 0.443359375,
        "y_max": 0.294921875
      }
    }
  ]
}