{
  "image_filename": "00298.png",
  "visualization_filename": "00298_vis.png",
  "mnist_digits": [
    1,
    8,
    5,
    9,
    1,
    3,
    4,
    5,
    0,
    8,
    1,
    8,
    5,
    9,
    6,
    5,
    9,
    2
  ],
  "boxes": [
    {
      "char": "四",
      "bbox": {
        "x_min": 0.494140625,
        "y_min": 0.451171875,
        "x_max": 0.580078125,
        "y_max": 0.513671875
      }
    },
    {
      "char": "二",
      "bbox": {
        "x_min": 0.4296875,
        "y_min": 0.25390625,
        "x_max": 0.53515625,
        "y_max": 0.365234375
      }
    },
    {
      "char": "千",
      "bbox": {
        "x_min": 0.015625,
        "y_min": 0.1953125,
        "x_max": 0.34375,
        "y_max": 0.609375
      }
    },
    {
      "char": "千",
      "bbox": {
        "x_min": 0.392578125,
        "y_min": 0.447265625,
        "x_max": 0.451171875,
        "y_max": 0.509765625
      }
    },
    {
      "char": "零",
      "bbox": {
        "x_min": 0.466796875,
        "y_min": 0.056640625,
        "x_max": 0.501953125,
        "y_max": 0.1171875
      }
    }
  ]
}