{
  "image_filename": "00305.png",
  "visualization_filename": "00305_vis.png",
  "mnist_digits": [
    5,
    6,
    9,
    7,
    4,
    1,
    3,
    2,
    9,
    8,
    8,
    1,
    8,
    0,
    4,
    1,
    2,
    1,
    0,
    5,
    6,
    1,
    6,
    6
  ],
  "boxes": [
    {
      "char": "九",
      "bbox": {
        "x_min": 0.490234375,
        "y_min": 0.734375,
        "x_max": 0.560546875,
        "y_max": 0.82421875
      }
    },
    {
      "char": "万",
      "bbox": {
        "x_min": 0.37109375,
        "y_min": 0.361328125,
        "x_max": 0.453125,
        "y_max": 0.482421875
      }
    },
    {
      "char": "亿",
      "bbox": {
        "x_min": 0.591796875,
        "y_min": 0.53515625,
        "x_max": 0.705078125,
        "y_max": 0.625
      }
    }
  ]
}