{
  "image_filename": "00301.png",
  "visualization_filename": "00301_vis.png",
  "mnist_digits": [
    9,
    6,
    3,
    8,
    0,
    0,
    8,
    0,
    1,
    6,
    0,
    5,
    8,
    7,
    7,
    4,
    1,
    6,
    4,
    1,
    8,
    1,
    8,
    3,
    0,
    3,
    5,
    0,
    1,
    7,
    2,
    2
  ],
  "boxes": [
    {
      "char": "千",
      "bbox": {
        "x_min": 0.73046875,
        "y_min": 0.79296875,
        "x_max": 0.83984375,
        "y_max": 0.91796875
      }
    },
    {
      "char": "六",
      "bbox": {
        "x_min": 0.734375,
        "y_min": 0.669921875,
        "x_max": 0.783203125,
        "y_max": 0.748046875
      }
    },
    {
      "char": "千",
      "bbox": {
        "x_min": 0.041015625,
        "y_min": 0.828125,
        "x_max": 0.091796875,
        "y_max": 0.900390625
      }
    },
    {
      "char": "六",
      "bbox": {
        "x_min": 0.126953125,
        "y_min": 0.10546875,
        "x_max": 0.166015625,
        "y_max": 0.1875
      }
    },
    {
      "char": "十",
      "bbox": {
        "x_min": 0.291015625,
        "y_min": 0.41015625,
        "x_max": 0.33203125,
        "y_max": 0.4609375
      }
    },
    {
      "char": "十",
      "bbox": {
        "x_min": 0.455078125,
        "y_min": 0.330078125,
        "x_max": 0.509765625,
        "y_max": 0.416015625
      }
    }
  ]
}