{
  "image_filename": "00304.png",
  "visualization_filename": "00304_vis.png",
  "mnist_digits": [
    0,
    9,
    4,
    2,
    4,
    3,
    9,
    2,
    1,
    3,
    1,
    4
  ],
  "boxes": [
    {
      "char": "万",
      "bbox": {
        "x_min": 0.298828125,
        "y_min": 0.48828125,
        "x_max": 0.640625,
        "y_max": 0.98046875
      }
    },
    {
      "char": "五",
      "bbox": {
        "x_min": 0.705078125,
        "y_min": 0.671875,
        "x_max": 0.861328125,
        "y_max": 0.8515625
      }
    },
    {
      "char": "一",
      "bbox": {
        "x_min": 0.5234375,
        "y_min": 0,
        "x_max": 0.64453125,
        "y_max": 0.02734375
      }
    },
    {
      "char": "一",
      "bbox": {
        "x_min": 0.60546875,
        "y_min": 0.28515625,
        "x_max": 0.7109375,
        "y_max": 0.349609375
      }
    },
    {
      "char": "九",
      "bbox": {
        "x_min": 0.5859375,
        "y_min": 0.40234375,
        "x_max": 0.73828125,
        "y_max": 0.583984375
      }
    },
    {
      "char": "百",
      "bbox": {
        "x_min": 0.0625,
        "y_min": 0.486328125,
        "x_max": 0.302734375,
        "y_max": 0.81640625
      }
    },
    {
      "char": "十",
      "bbox": {
        "x_min": 0.896484375,
        "y_min": 0.7109375,
        "x_max": 0.982421875,
        "y_max": 0.857421875
      }
    }
  ]
}