{
  "image_filename": "00300.png",
  "visualization_filename": "00300_vis.png",
  "mnist_digits": [
    0,
    5,
    4,
    2,
    2,
    1,
    8,
    2,
    4,
    2,
    2,
    7,
    3,
    3
  ],
  "boxes": [
    {
      "char": "四",
      "bbox": {
        "x_min": 0.203125,
        "y_min": 0.0234375,
        "x_max": 0.271484375,
        "y_max": 0.08984375
      }
    },
    {
      "char": "万",
      "bbox": {
        "x_min": 0.580078125,
        "y_min": 0.244140625,
        "x_max": 0.783203125,
        "y_max": 0.494140625
      }
    },
    {
      "char": "零",
      "bbox": {
        "x_min": 0.580078125,
        "y_min": 0.623046875,
        "x_max": 0.6875,
        "y_max": 0.84765625
      }
    }
  ]
}