{
  "image_filename": "00308.png",
  "visualization_filename": "00308_vis.png",
  "mnist_digits": [
    8,
    7,
    1,
    5,
    1,
    7,
    1,
    8,
    6,
    5,
    1,
    5,
    2,
    4
  ],
  "boxes": [
    {
      "char": "五",
      "bbox": {
        "x_min": 0.65625,
        "y_min": 0.142578125,
        "x_max": 0.71875,
        "y_max": 0.203125
      }
    },
    {
      "char": "零",
      "bbox": {
        "x_min": 0.828125,
        "y_min": 0.056640625,
        "x_max": 0.888671875,
        "y_max": 0.146484375
      }
    },
    {
      "char": "百",
      "bbox": {
        "x_min": 0.83984375,
        "y_min": 0.8984375,
        "x_max": 0.859375,
        "y_max": 0.935546875
      }
    },
    {
      "char": "十",
      "bbox": {
        "x_min": 0.533203125,
        "y_min": 0.69140625,
        "x_max": 0.583984375,
        "y_max": 0.767578125
      }
    },
    {
      "char": "万",
      "bbox": {
        "x_min": 0.251953125,
        "y_min": 0.373046875,
        "x_max": 0.421875,
        "y_max": 0.607421875
      }
    },
    {
      "char": "百",
      "bbox": {
        "x_min": 0.125,
        "y_min": 0.076171875,
        "x_max": 0.3125,
        "y_max": 0.365234375
      }
    },
    {
      "char": "万",
      "bbox": {
        "x_min": 0.6953125,
        "y_min": 0.6484375,
        "x_max": 0.783203125,
        "y_max": 0.744140625
      }
    },
    {
      "char": "亿",
      "bbox": {
        "x_min": 0.607421875,
        "y_min": 0.39453125,
        "x_max": 0.802734375,
        "y_max": 0.58203125
      }
    }
  ]
}