{
  "image_filename": "00303.png",
  "visualization_filename": "00303_vis.png",
  "mnist_digits": [
    2,
    5,
    0,
    1,
    5,
    1,
    7,
    9,
    2,
    8,
    2,
    0,
    2,
    3,
    4,
    7,
    7,
    9,
    1,
    5,
    1,
    6,
    0,
    0,
    2,
    5,
    3,
    9,
    3,
    1,
    1,
    9,
    6,
    9,
    7,
    1,
    1,
    8,
    2,
    5
  ],
  "boxes": [
    {
      "char": "零",
      "bbox": {
        "x_min": 0.41796875,
        "y_min": 0.42578125,
        "x_max": 0.55859375,
        "y_max": 0.625
      }
    }
  ]
}