{
  "image_filename": "00302.png",
  "visualization_filename": "00302_vis.png",
  "mnist_digits": [
    1,
    9,
    6,
    2,
    4,
    5,
    8,
    3,
    2,
    1,
    0,
    5,
    0,
    9,
    1,
    0,
    9,
    9,
    7,
    2
  ],
  "boxes": [
    {
      "char": "七",
      "bbox": {
        "x_min": 0.564453125,
        "y_min": 0.40625,
        "x_max": 0.931640625,
        "y_max": 0.798828125
      }
    },
    {
      "char": "九",
      "bbox": {
        "x_min": 0.126953125,
        "y_min": 0.1875,
        "x_max": 0.38671875,
        "y_max": 0.546875
      }
    },
    {
      "char": "二",
      "bbox": {
        "x_min": 0.37109375,
        "y_min": 0.306640625,
        "x_max": 0.43359375,
        "y_max": 0.34765625
      }
    },
    {
      "char": "二",
      "bbox": {
        "x_min": 0.70703125,
        "y_min": 0.17578125,
        "x_max": 0.80859375,
        "y_max": 0.2421875
      }
    },
    {
      "char": "十",
      "bbox": {
        "x_min": 0.05078125,
        "y_min": 0.8125,
        "x_max": 0.12109375,
        "y_max": 0.92578125
      }
    }
  ]
}