{
  "image_filename": "00310.png",
  "visualization_filename": "00310_vis.png",
  "mnist_digits": [
    1,
    4,
    3,
    1,
    8,
    4,
    2,
    0,
    2,
    8,
    1,
    5,
    9,
    0,
    9,
    4,
    2,
    4,
    4,
    8,
    9
  ],
  "boxes": [
    {
      "char": "八",
      "bbox": {
        "x_min": 0.662109375,
        "y_min": 0.150390625,
        "x_max": 0.751953125,
        "y_max": 0.224609375
      }
    },
    {
      "char": "一",
      "bbox": {
        "x_min": 0.38671875,
        "y_min": 0.732421875,
        "x_max": 0.4453125,
        "y_max": 0.755859375
      }
    },
    {
      "char": "百",
      "bbox": {
        "x_min": 0.38671875,
        "y_min": 0.205078125,
        "x_max": 0.607421875,
        "y_max": 0.62109375
      }
    },
    {
      "char": "二",
      "bbox": {
        "x_min": 0.0078125,
        "y_min": 0.146484375,
        "x_max": 0.17578125,
        "y_max": 0.28125
      }
    },
    {
      "char": "四",
      "bbox": {
        "x_min": 0.064453125,
        "y_min": 0.4453125,
        "x_max": 0.251953125,
        "y_max": 0.6875
      }
    }
  ]
}