{
  "image_filename": "00313.png",
  "visualization_filename": "00313_vis.png",
  "mnist_digits": [
    1,
    2,
    5,
    3,
    3,
    8,
    7,
    8
  ],
  "boxes": [
    {
      "char": "八",
      "bbox": {
        "x_min": 0.052734375,
        "y_min": 0.40625,
        "x_max": 0.55078125,
        "y_max": 0.904296875
      }
    },
    {
      "char": "十",
      "bbox": {
        "x_min": 0.81640625,
        "y_min": 0.138671875,
        "x_max": 0.876953125,
        "y_max": 0.224609375
      }
    },
    {
      "char": "三",
      "bbox": {
        "x_min": 0.75390625,
        "y_min": 0.4140625,
        "x_max": 0.86328125,
        "y_max": 0.5078125
      }
    }
  ]
}