{
  "image_filename": "00315.png",
  "visualization_filename": "00315_vis.png",
  "mnist_digits": [
    4,
    8,
    7,
    4,
    7,
    9,
    9,
    0,
    6,
    8
  ],
  "boxes": [
    {
      "char": "七",
      "bbox": {
        "x_min": 0.755859375,
        "y_min": 0.0234375,
        "x_max": 0.849609375,
        "y_max": 0.171875
      }
    },
    {
      "char": "五",
      "bbox": {
        "x_min": 0.478515625,
        "y_min": 0.41015625,
        "x_max": 0.642578125,
        "y_max": 0.58203125
      }
    },
    {
      "char": "九",
      "bbox": {
        "x_min": 0.65234375,
        "y_min": 0.623046875,
        "x_max": 0.720703125,
        "y_max": 0.697265625
      }
    },
    {
      "char": "二",
      "bbox": {
        "x_min": 0.330078125,
        "y_min": 0.412109375,
        "x_max": 0.373046875,
        "y_max": 0.44140625
      }
    },
    {
      "char": "七",
      "bbox": {
        "x_min": 0.078125,
        "y_min": 0.771484375,
        "x_max": 0.1796875,
        "y_max": 0.861328125
      }
    },
    {
      "char": "亿",
      "bbox": {
        "x_min": 0.65234375,
        "y_min": 0.185546875,
        "x_max": 0.7578125,
        "y_max": 0.279296875
      }
    }
  ]
}