{
  "image_filename": "00311.png",
  "visualization_filename": "00311_vis.png",
  "mnist_digits": [
    6,
    6,
    6,
    6,
    1,
    3,
    5,
    6,
    4,
    7,
    1,
    9,
    3,
    4
  ],
  "boxes": [
    {
      "char": "亿",
      "bbox": {
        "x_min": 0.544921875,
        "y_min": 0.685546875,
        "x_max": 0.822265625,
        "y_max": 0.935546875
      }
    },
    {
      "char": "亿",
      "bbox": {
        "x_min": 0.53515625,
        "y_min": 0.076171875,
        "x_max": 0.619140625,
        "y_max": 0.150390625
      }
    },
    {
      "char": "九",
      "bbox": {
        "x_min": 0.150390625,
        "y_min": 0.01171875,
        "x_max": 0.220703125,
        "y_max": 0.12890625
      }
    }
  ]
}