{
  "image_filename": "00314.png",
  "visualization_filename": "00314_vis.png",
  "mnist_digits": [
    2,
    5,
    1,
    6,
    6,
    2,
    1,
    3,
    7,
    6,
    4,
    4,
    5,
    1
  ],
  "boxes": [
    {
      "char": "四",
      "bbox": {
        "x_min": 0.068359375,
        "y_min": 0.19140625,
        "x_max": 0.5546875,
        "y_max": 0.662109375
      }
    },
    {
      "char": "百",
      "bbox": {
        "x_min": 0.8984375,
        "y_min": 0.05859375,
        "x_max": 0.9296875,
        "y_max": 0.107421875
      }
    },
    {
      "char": "八",
      "bbox": {
        "x_min": 0.05859375,
        "y_min": 0.802734375,
        "x_max": 0.1484375,
        "y_max": 0.87890625
      }
    },
    {
      "char": "八",
      "bbox": {
        "x_min": 0.548828125,
        "y_min": 0.279296875,
        "x_max": 0.75,
        "y_max": 0.48046875
      }
    },
    {
      "char": "三",
      "bbox": {
        "x_min": 0.546875,
        "y_min": 0.0546875,
        "x_max": 0.703125,
        "y_max": 0.1875
      }
    },
    {
      "char": "亿",
      "bbox": {
        "x_min": 0.703125,
        "y_min": 0.931640625,
        "x_max": 0.767578125,
        "y_max": 0.97265625
      }
    }
  ]
}