{
  "image_filename": "00317.png",
  "visualization_filename": "00317_vis.png",
  "mnist_digits": [
    7,
    2,
    1,
    8,
    9,
    9,
    4,
    7,
    7,
    4,
    9,
    4,
    2,
    3,
    1,
    9,
    9,
    6,
    7,
    2,
    6,
    2,
    1,
    1,
    6,
    8,
    1,
    7,
    0,
    7,
    1,
    6,
    4,
    2,
    5,
    4,
    6
  ],
  "boxes": [
    {
      "char": "万",
      "bbox": {
        "x_min": 0.80078125,
        "y_min": 0.77734375,
        "x_max": 0.92578125,
        "y_max": 0.96484375
      }
    },
    {
      "char": "五",
      "bbox": {
        "x_min": 0.583984375,
        "y_min": 0.08203125,
        "x_max": 0.677734375,
        "y_max": 0.17578125
      }
    }
  ]
}