{
  "image_filename": "00319.png",
  "visualization_filename": "00319_vis.png",
  "mnist_digits": [
    8,
    4,
    2,
    7,
    1,
    2,
    0,
    1,
    1,
    9,
    3,
    2,
    2,
    1
  ],
  "boxes": [
    {
      "char": "千",
      "bbox": {
        "x_min": 0.603515625,
        "y_min": 0.47265625,
        "x_max": 0.900390625,
        "y_max": 0.837890625
      }
    },
    {
      "char": "百",
      "bbox": {
        "x_min": 0.01171875,
        "y_min": 0.615234375,
        "x_max": 0.134765625,
        "y_max": 0.814453125
      }
    },
    {
      "char": "三",
      "bbox": {
        "x_min": 0.224609375,
        "y_min": 0.572265625,
        "x_max": 0.333984375,
        "y_max": 0.720703125
      }
    },
    {
      "char": "百",
      "bbox": {
        "x_min": 0.3125,
        "y_min": 0.279296875,
        "x_max": 0.46875,
        "y_max": 0.64453125
      }
    }
  ]
}