{
  "image_filename": "00322.png",
  "visualization_filename": "00322_vis.png",
  "mnist_digits": [
    6,
    8,
    0,
    1,
    9,
    8,
    7,
    8,
    8,
    7,
    1,
    3,
    1,
    8,
    0,
    1,
    9,
    2,
    8,
    1,
    7,
    8
  ],
  "boxes": [
    {
      "char": "八",
      "bbox": {
        "x_min": 0.162109375,
        "y_min": 0.0703125,
        "x_max": 0.279296875,
        "y_max": 0.2265625
      }
    },
    {
      "char": "六",
      "bbox": {
        "x_min": 0.068359375,
        "y_min": 0.0390625,
        "x_max": 0.146484375,
        "y_max": 0.15234375
      }
    },
    {
      "char": "八",
      "bbox": {
        "x_min": 0.55859375,
        "y_min": 0.330078125,
        "x_max": 0.837890625,
        "y_max": 0.744140625
      }
    }
  ]
}