{
  "image_filename": "00325.png",
  "visualization_filename": "00325_vis.png",
  "mnist_digits": [
    7,
    0,
    1,
    0,
    0,
    0,
    7,
    6,
    4,
    9,
    4,
    2,
    6,
    6,
    1,
    7,
    6,
    1,
    4,
    8,
    4,
    6,
    0,
    0,
    3,
    0,
    7
  ],
  "boxes": [
    {
      "char": "九",
      "bbox": {
        "x_min": 0.32421875,
        "y_min": 0.318359375,
        "x_max": 0.48828125,
        "y_max": 0.529296875
      }
    },
    {
      "char": "三",
      "bbox": {
        "x_min": 0.361328125,
        "y_min": 0.798828125,
        "x_max": 0.455078125,
        "y_max": 0.916015625
      }
    },
    {
      "char": "三",
      "bbox": {
        "x_min": 0.05859375,
        "y_min": 0.158203125,
        "x_max": 0.1796875,
        "y_max": 0.28515625
      }
    },
    {
      "char": "二",
      "bbox": {
        "x_min": 0.673828125,
        "y_min": 0.095703125,
        "x_max": 0.951171875,
        "y_max": 0.30078125
      }
    }
  ]
}