{
  "image_filename": "00323.png",
  "visualization_filename": "00323_vis.png",
  "mnist_digits": [
    7,
    8,
    2,
    6,
    3,
    9,
    1,
    3,
    5,
    9,
    6,
    4,
    9,
    3,
    9,
    1,
    4,
    9,
    9,
    5,
    3,
    8,
    3,
    4,
    4,
    8,
    4,
    9,
    8,
    8,
    0,
    9
  ],
  "boxes": [
    {
      "char": "六",
      "bbox": {
        "x_min": 0.244140625,
        "y_min": 0.375,
        "x_max": 0.416015625,
        "y_max": 0.6796875
      }
    },
    {
      "char": "千",
      "bbox": {
        "x_min": 0.62890625,
        "y_min": 0.23828125,
        "x_max": 0.962890625,
        "y_max": 0.572265625
      }
    },
    {
      "char": "二",
      "bbox": {
        "x_min": 0.98046875,
        "y_min": 0.626953125,
        "x_max": 1,
        "y_max": 0.646484375
      }
    }
  ]
}