{
  "image_filename": "00327.png",
  "visualization_filename": "00327_vis.png",
  "mnist_digits": [
    3,
    4,
    7,
    4,
    6,
    3,
    2,
    0,
    8,
    3,
    3,
    8,
    9,
    1,
    3,
    8,
    7,
    5,
    4,
    1,
    7,
    2,
    7,
    4,
    7,
    1,
    4,
    6,
    8,
    9,
    1
  ],
  "boxes": [
    {
      "char": "七",
      "bbox": {
        "x_min": 0.013671875,
        "y_min": 0.208984375,
        "x_max": 0.1484375,
        "y_max": 0.326171875
      }
    },
    {
      "char": "一",
      "bbox": {
        "x_min": 0.015625,
        "y_min": 0.48046875,
        "x_max": 0.12109375,
        "y_max": 0.6015625
      }
    },
    {
      "char": "十",
      "bbox": {
        "x_min": 0.30078125,
        "y_min": 0.580078125,
        "x_max": 0.388671875,
        "y_max": 0.69140625
      }
    },
    {
      "char": "六",
      "bbox": {
        "x_min": 0.283203125,
        "y_min": 0.345703125,
        "x_max": 0.35546875,
        "y_max": 0.439453125
      }
    },
    {
      "char": "一",
      "bbox": {
        "x_min": 0.544921875,
        "y_min": 0.013671875,
        "x_max": 0.69140625,
        "y_max": 0.060546875
      }
    },
    {
      "char": "八",
      "bbox": {
        "x_min": 0.61328125,
        "y_min": 0.1953125,
        "x_max": 0.775390625,
        "y_max": 0.376953125
      }
    },
    {
      "char": "二",
      "bbox": {
        "x_min": 0.482421875,
        "y_min": 0.74609375,
        "x_max": 0.51953125,
        "y_max": 0.77734375
      }
    },
    {
      "char": "十",
      "bbox": {
        "x_min": 0.544921875,
        "y_min": 0.64453125,
        "x_max": 0.599609375,
        "y_max": 0.712890625
      }
    },
    {
      "char": "千",
      "bbox": {
        "x_min": 0.142578125,
        "y_min": 0.470703125,
        "x_max": 0.267578125,
        "y_max": 0.619140625
      }
    },
    {
      "char": "十",
      "bbox": {
        "x_min": 0.349609375,
        "y_min": 0.28125,
        "x_max": 0.490234375,
        "y_max": 0.4765625
      }
    }
  ]
}