{
  "image_filename": "00326.png",
  "visualization_filename": "00326_vis.png",
  "mnist_digits": [
    0,
    8,
    4,
    7,
    4,
    2,
    4,
    5,
    1
  ],
  "boxes": [
    {
      "char": "二",
      "bbox": {
        "x_min": 0.267578125,
        "y_min": 0.65625,
        "x_max": 0.443359375,
        "y_max": 0.7734375
      }
    },
    {
      "char": "六",
      "bbox": {
        "x_min": 0.8203125,
        "y_min": 0.224609375,
        "x_max": 0.97265625,
        "y_max": 0.447265625
      }
    },
    {
      "char": "十",
      "bbox": {
        "x_min": 0.23828125,
        "y_min": 0.015625,
        "x_max": 0.59765625,
        "y_max": 0.814453125
      }
    },
    {
      "char": "四",
      "bbox": {
        "x_min": 0.021484375,
        "y_min": 0.79296875,
        "x_max": 0.162109375,
        "y_max": 0.921875
      }
    }
  ]
}