{
  "image_filename": "00324.png",
  "visualization_filename": "00324_vis.png",
  "mnist_digits": [
    4,
    4,
    6,
    1,
    9,
    3,
    0,
    8,
    6,
    6,
    3,
    2,
    4
  ],
  "boxes": [
    {
      "char": "六",
      "bbox": {
        "x_min": 0.341796875,
        "y_min": 0.271484375,
        "x_max": 0.810546875,
        "y_max": 0.953125
      }
    },
    {
      "char": "六",
      "bbox": {
        "x_min": 0.162109375,
        "y_min": 0.013671875,
        "x_max": 0.390625,
        "y_max": 0.3203125
      }
    },
    {
      "char": "十",
      "bbox": {
        "x_min": 0.86328125,
        "y_min": 0.138671875,
        "x_max": 0.94921875,
        "y_max": 0.259765625
      }
    },
    {
      "char": "千",
      "bbox": {
        "x_min": 0.064453125,
        "y_min": 0.646484375,
        "x_max": 0.15234375,
        "y_max": 0.76953125
      }
    }
  ]
}