{
  "image_filename": "00328.png",
  "visualization_filename": "00328_vis.png",
  "mnist_digits": [
    6,
    8,
    1,
    7,
    7,
    8,
    1,
    1,
    0,
    8,
    7
  ],
  "boxes": [
    {
      "char": "亿",
      "bbox": {
        "x_min": 0.263671875,
        "y_min": 0.556640625,
        "x_max": 0.416015625,
        "y_max": 0.703125
      }
    },
    {
      "char": "八",
      "bbox": {
        "x_min": 0.275390625,
        "y_min": 0.36328125,
        "x_max": 0.384765625,
        "y_max": 0.45703125
      }
    }
  ]
}