{
  "image_filename": "00320.png",
  "visualization_filename": "00320_vis.png",
  "mnist_digits": [
    2,
    5,
    0,
    5,
    6,
    5,
    8,
    7,
    3,
    1,
    2,
    0,
    6,
    8,
    6,
    3,
    0
  ],
  "boxes": [
    {
      "char": "千",
      "bbox": {
        "x_min": 0.32421875,
        "y_min": 0.205078125,
        "x_max": 0.41796875,
        "y_max": 0.357421875
      }
    },
    {
      "char": "八",
      "bbox": {
        "x_min": 0.7109375,
        "y_min": 0.619140625,
        "x_max": 0.7578125,
        "y_max": 0.662109375
      }
    },
    {
      "char": "十",
      "bbox": {
        "x_min": 0.2265625,
        "y_min": 0.33203125,
        "x_max": 0.748046875,
        "y_max": 0.94140625
      }
    },
    {
      "char": "五",
      "bbox": {
        "x_min": 0.443359375,
        "y_min": 0.09765625,
        "x_max": 0.4765625,
        "y_max": 0.140625
      }
    }
  ]
}