{
  "image_filename": "00329.png",
  "visualization_filename": "00329_vis.png",
  "mnist_digits": [
    8,
    3,
    9,
    5,
    0,
    1,
    0,
    6,
    4,
    8,
    2,
    0,
    0,
    1
  ],
  "boxes": [
    {
      "char": "八",
      "bbox": {
        "x_min": 0.84375,
        "y_min": 0.58984375,
        "x_max": 0.9140625,
        "y_max": 0.65234375
      }
    },
    {
      "char": "八",
      "bbox": {
        "x_min": 0.83203125,
        "y_min": 0.24609375,
        "x_max": 0.94140625,
        "y_max": 0.37109375
      }
    },
    {
      "char": "五",
      "bbox": {
        "x_min": 0.96875,
        "y_min": 0.146484375,
        "x_max": 1,
        "y_max": 0.19140625
      }
    },
    {
      "char": "三",
      "bbox": {
        "x_min": 0.140625,
        "y_min": 0.75390625,
        "x_max": 0.373046875,
        "y_max": 0.99609375
      }
    },
    {
      "char": "八",
      "bbox": {
        "x_min": 0.25,
        "y_min": 0.380859375,
        "x_max": 0.466796875,
        "y_max": 0.580078125
      }
    },
    {
      "char": "千",
      "bbox": {
        "x_min": 0.822265625,
        "y_min": 0.87109375,
        "x_max": 0.873046875,
        "y_max": 0.93359375
      }
    }
  ]
}