{
  "image_filename": "00337.png",
  "visualization_filename": "00337_vis.png",
  "mnist_digits": [
    4,
    9,
    8,
    7,
    7,
    8,
    3,
    3,
    7,
    8,
    1,
    0,
    5,
    2,
    4,
    3,
    9,
    4,
    0,
    2,
    3,
    4
  ],
  "boxes": [
    {
      "char": "九",
      "bbox": {
        "x_min": 0.228515625,
        "y_min": 0.58984375,
        "x_max": 0.462890625,
        "y_max": 0.77734375
      }
    },
    {
      "char": "九",
      "bbox": {
        "x_min": 0.6171875,
        "y_min": 0.076171875,
        "x_max": 0.74609375,
        "y_max": 0.228515625
      }
    },
    {
      "char": "九",
      "bbox": {
        "x_min": 0.072265625,
        "y_min": 0.28125,
        "x_max": 0.3359375,
        "y_max": 0.515625
      }
    },
    {
      "char": "亿",
      "bbox": {
        "x_min": 0.53515625,
        "y_min": 0.1171875,
        "x_max": 0.58203125,
        "y_max": 0.171875
      }
    },
    {
      "char": "十",
      "bbox": {
        "x_min": 0.5078125,
        "y_min": 0.236328125,
        "x_max": 0.55859375,
        "y_max": 0.361328125
      }
    },
    {
      "char": "二",
      "bbox": {
        "x_min": 0.66015625,
        "y_min": 0.595703125,
        "x_max": 0.76953125,
        "y_max": 0.697265625
      }
    }
  ]
}