{
  "image_filename": "00335.png",
  "visualization_filename": "00335_vis.png",
  "mnist_digits": [
    0,
    8,
    4,
    8,
    9,
    2,
    3,
    4,
    1,
    3,
    2,
    1,
    3,
    4,
    6,
    2,
    2,
    4,
    3,
    1,
    5,
    4,
    7,
    7,
    2,
    0,
    2,
    9,
    9,
    7
  ],
  "boxes": [
    {
      "char": "零",
      "bbox": {
        "x_min": 0.123046875,
        "y_min": 0.638671875,
        "x_max": 0.279296875,
        "y_max": 0.943359375
      }
    },
    {
      "char": "七",
      "bbox": {
        "x_min": 0.80859375,
        "y_min": 0.662109375,
        "x_max": 0.849609375,
        "y_max": 0.685546875
      }
    },
    {
      "char": "二",
      "bbox": {
        "x_min": 0.296875,
        "y_min": 0.53125,
        "x_max": 0.34375,
        "y_max": 0.55859375
      }
    },
    {
      "char": "六",
      "bbox": {
        "x_min": 0.4296875,
        "y_min": 0.82421875,
        "x_max": 0.58203125,
        "y_max": 0.98828125
      }
    },
    {
      "char": "万",
      "bbox": {
        "x_min": 0.869140625,
        "y_min": 0.86328125,
        "x_max": 0.955078125,
        "y_max": 0.98828125
      }
    },
    {
      "char": "七",
      "bbox": {
        "x_min": 0.734375,
        "y_min": 0.8046875,
        "x_max": 0.798828125,
        "y_max": 0.8828125
      }
    }
  ]
}