{
  "image_filename": "00338.png",
  "visualization_filename": "00338_vis.png",
  "mnist_digits": [
    5,
    1,
    9,
    3,
    9,
    8,
    3,
    7,
    5,
    1,
    3,
    9,
    2,
    5,
    9,
    4,
    0,
    8,
    4,
    1,
    1,
    8
  ],
  "boxes": [
    {
      "char": "四",
      "bbox": {
        "x_min": 0.4375,
        "y_min": 0.37890625,
        "x_max": 0.66015625,
        "y_max": 0.58984375
      }
    },
    {
      "char": "六",
      "bbox": {
        "x_min": 0.095703125,
        "y_min": 0.466796875,
        "x_max": 0.369140625,
        "y_max": 0.859375
      }
    },
    {
      "char": "万",
      "bbox": {
        "x_min": 0.05078125,
        "y_min": 0.126953125,
        "x_max": 0.16015625,
        "y_max": 0.2421875
      }
    }
  ]
}