{
  "image_filename": "00331.png",
  "visualization_filename": "00331_vis.png",
  "mnist_digits": [
    7,
    4,
    6,
    5,
    5,
    7,
    2,
    8,
    1,
    5,
    5,
    9,
    7,
    3,
    7,
    0,
    1,
    4,
    2,
    0,
    5,
    4,
    8,
    0,
    9,
    4,
    4,
    7
  ],
  "boxes": [
    {
      "char": "千",
      "bbox": {
        "x_min": 0.0859375,
        "y_min": 0.4765625,
        "x_max": 0.44140625,
        "y_max": 0.87890625
      }
    },
    {
      "char": "亿",
      "bbox": {
        "x_min": 0.62890625,
        "y_min": 0.76953125,
        "x_max": 0.72265625,
        "y_max": 0.8671875
      }
    }
  ]
}