{
  "image_filename": "00334.png",
  "visualization_filename": "00334_vis.png",
  "mnist_digits": [
    9,
    6,
    6,
    5,
    8,
    0,
    5,
    0,
    6,
    6,
    4,
    6,
    7,
    5,
    5,
    7,
    0,
    1,
    7,
    8,
    9,
    9,
    2,
    2
  ],
  "boxes": [
    {
      "char": "一",
      "bbox": {
        "x_min": 0.521484375,
        "y_min": 0.16796875,
        "x_max": 0.615234375,
        "y_max": 0.19140625
      }
    },
    {
      "char": "二",
      "bbox": {
        "x_min": 0.1171875,
        "y_min": 0.6171875,
        "x_max": 0.1875,
        "y_max": 0.6640625
      }
    },
    {
      "char": "五",
      "bbox": {
        "x_min": 0.576171875,
        "y_min": 0.5234375,
        "x_max": 0.755859375,
        "y_max": 0.703125
      }
    },
    {
      "char": "千",
      "bbox": {
        "x_min": 0.5625,
        "y_min": 0.154296875,
        "x_max": 0.796875,
        "y_max": 0.466796875
      }
    },
    {
      "char": "一",
      "bbox": {
        "x_min": 0.353515625,
        "y_min": 0.4140625,
        "x_max": 0.482421875,
        "y_max": 0.455078125
      }
    },
    {
      "char": "千",
      "bbox": {
        "x_min": 0.1953125,
        "y_min": 0.71484375,
        "x_max": 0.220703125,
        "y_max": 0.7578125
      }
    },
    {
      "char": "千",
      "bbox": {
        "x_min": 0.806640625,
        "y_min": 0.23828125,
        "x_max": 0.861328125,
        "y_max": 0.302734375
      }
    }
  ]
}