{
  "image_filename": "00330.png",
  "visualization_filename": "00330_vis.png",
  "mnist_digits": [
    4,
    0,
    7,
    1,
    7,
    6,
    0,
    1,
    0,
    6,
    2,
    9,
    5,
    8,
    9,
    1,
    7,
    9,
    2
  ],
  "boxes": [
    {
      "char": "亿",
      "bbox": {
        "x_min": 0.04296875,
        "y_min": 0.279296875,
        "x_max": 0.54296875,
        "y_max": 0.734375
      }
    },
    {
      "char": "三",
      "bbox": {
        "x_min": 0.26171875,
        "y_min": 0.7578125,
        "x_max": 0.41015625,
        "y_max": 0.90625
      }
    }
  ]
}