{
  "image_filename": "00333.png",
  "visualization_filename": "00333_vis.png",
  "mnist_digits": [
    8,
    0,
    1,
    0,
    7,
    3,
    9,
    4,
    9,
    0,
    3,
    3,
    4,
    3,
    5,
    4,
    8,
    3,
    4,
    1,
    9,
    3,
    7,
    4,
    7,
    7,
    4,
    2
  ],
  "boxes": [
    {
      "char": "零",
      "bbox": {
        "x_min": 0.2109375,
        "y_min": 0.12109375,
        "x_max": 0.30078125,
        "y_max": 0.234375
      }
    },
    {
      "char": "百",
      "bbox": {
        "x_min": 0.48828125,
        "y_min": 0.08203125,
        "x_max": 0.51953125,
        "y_max": 0.12890625
      }
    },
    {
      "char": "零",
      "bbox": {
        "x_min": 0.751953125,
        "y_min": 0.689453125,
        "x_max": 0.876953125,
        "y_max": 0.947265625
      }
    },
    {
      "char": "九",
      "bbox": {
        "x_min": 0.892578125,
        "y_min": 0.240234375,
        "x_max": 0.986328125,
        "y_max": 0.375
      }
    },
    {
      "char": "二",
      "bbox": {
        "x_min": 0.09765625,
        "y_min": 0.6953125,
        "x_max": 0.369140625,
        "y_max": 0.865234375
      }
    },
    {
      "char": "百",
      "bbox": {
        "x_min": 0.109375,
        "y_min": 0.2578125,
        "x_max": 0.15234375,
        "y_max": 0.330078125
      }
    },
    {
      "char": "千",
      "bbox": {
        "x_min": 0.365234375,
        "y_min": 0.40625,
        "x_max": 0.517578125,
        "y_max": 0.798828125
      }
    }
  ]
}