{
  "image_filename": "00339.png",
  "visualization_filename": "00339_vis.png",
  "mnist_digits": [
    1,
    6,
    3,
    1,
    0,
    8,
    6,
    5,
    7,
    5,
    8,
    0,
    9,
    3,
    8,
    3,
    1,
    7,
    1,
    5,
    6,
    4,
    0,
    4,
    4,
    8,
    5,
    1,
    0
  ],
  "boxes": [
    {
      "char": "二",
      "bbox": {
        "x_min": 0.46484375,
        "y_min": 0.185546875,
        "x_max": 0.65234375,
        "y_max": 0.365234375
      }
    },
    {
      "char": "三",
      "bbox": {
        "x_min": 0.1328125,
        "y_min": 0.37890625,
        "x_max": 0.2734375,
        "y_max": 0.51953125
      }
    }
  ]
}