{
  "image_filename": "00343.png",
  "visualization_filename": "00343_vis.png",
  "mnist_digits": [
    9,
    1,
    0,
    2,
    1,
    7,
    9,
    4,
    8,
    6,
    6,
    0,
    9,
    1,
    9,
    2,
    1
  ],
  "boxes": [
    {
      "char": "九",
      "bbox": {
        "x_min": 0.83984375,
        "y_min": 0.796875,
        "x_max": 0.900390625,
        "y_max": 0.873046875
      }
    },
    {
      "char": "四",
      "bbox": {
        "x_min": 0.23828125,
        "y_min": 0.126953125,
        "x_max": 0.357421875,
        "y_max": 0.2734375
      }
    },
    {
      "char": "亿",
      "bbox": {
        "x_min": 0.359375,
        "y_min": 0.20703125,
        "x_max": 0.6328125,
        "y_max": 0.44921875
      }
    },
    {
      "char": "二",
      "bbox": {
        "x_min": 0.419921875,
        "y_min": 0.869140625,
        "x_max": 0.5546875,
        "y_max": 0.93359375
      }
    },
    {
      "char": "四",
      "bbox": {
        "x_min": 0.34375,
        "y_min": 0.73046875,
        "x_max": 0.43359375,
        "y_max": 0.8203125
      }
    }
  ]
}