{
  "image_filename": "00340.png",
  "visualization_filename": "00340_vis.png",
  "mnist_digits": [
    4,
    0,
    2,
    2,
    2,
    6,
    1,
    2,
    6,
    1,
    9,
    6,
    1,
    2,
    0,
    5,
    2,
    0,
    7,
    3,
    7,
    1
  ],
  "boxes": [
    {
      "char": "亿",
      "bbox": {
        "x_min": 0.33203125,
        "y_min": 0.517578125,
        "x_max": 0.5546875,
        "y_max": 0.775390625
      }
    },
    {
      "char": "百",
      "bbox": {
        "x_min": 0.578125,
        "y_min": 0.275390625,
        "x_max": 0.9453125,
        "y_max": 0.716796875
      }
    },
    {
      "char": "一",
      "bbox": {
        "x_min": 0.029296875,
        "y_min": 0.412109375,
        "x_max": 0.177734375,
        "y_max": 0.466796875
      }
    },
    {
      "char": "一",
      "bbox": {
        "x_min": 0.09765625,
        "y_min": 0.205078125,
        "x_max": 0.1328125,
        "y_max": 0.240234375
      }
    },
    {
      "char": "五",
      "bbox": {
        "x_min": 0.06640625,
        "y_min": 0.505859375,
        "x_max": 0.146484375,
        "y_max": 0.58984375
      }
    },
    {
      "char": "万",
      "bbox": {
        "x_min": 0.26171875,
        "y_min": 0.6484375,
        "x_max": 0.306640625,
        "y_max": 0.681640625
      }
    },
    {
      "char": "亿",
      "bbox": {
        "x_min": 0.591796875,
        "y_min": 0.158203125,
        "x_max": 0.685546875,
        "y_max": 0.251953125
      }
    },
    {
      "char": "四",
      "bbox": {
        "x_min": 0.04296875,
        "y_min": 0.068359375,
        "x_max": 0.09375,
        "y_max": 0.12109375
      }
    }
  ]
}