{
  "image_filename": "00346.png",
  "visualization_filename": "00346_vis.png",
  "mnist_digits": [
    2,
    1,
    1,
    5,
    7,
    8,
    1,
    0
  ],
  "boxes": [
    {
      "char": "万",
      "bbox": {
        "x_min": 0.060546875,
        "y_min": 0.12890625,
        "x_max": 0.306640625,
        "y_max": 0.416015625
      }
    },
    {
      "char": "百",
      "bbox": {
        "x_min": 0.59375,
        "y_min": 0.599609375,
        "x_max": 0.82421875,
        "y_max": 0.96875
      }
    },
    {
      "char": "千",
      "bbox": {
        "x_min": 0.576171875,
        "y_min": 0.083984375,
        "x_max": 0.6640625,
        "y_max": 0.236328125
      }
    },
    {
      "char": "三",
      "bbox": {
        "x_min": 0.341796875,
        "y_min": 0.30078125,
        "x_max": 0.3984375,
        "y_max": 0.345703125
      }
    }
  ]
}