{
  "image_filename": "00341.png",
  "visualization_filename": "00341_vis.png",
  "mnist_digits": [
    8,
    5,
    1,
    8,
    4,
    1,
    6,
    5,
    3,
    3,
    9,
    1,
    6,
    5,
    7,
    6,
    9,
    9,
    3
  ],
  "boxes": [
    {
      "char": "亿",
      "bbox": {
        "x_min": 0.68359375,
        "y_min": 0.380859375,
        "x_max": 0.736328125,
        "y_max": 0.42578125
      }
    },
    {
      "char": "八",
      "bbox": {
        "x_min": 0.494140625,
        "y_min": 0.53515625,
        "x_max": 0.927734375,
        "y_max": 0.818359375
      }
    },
    {
      "char": "千",
      "bbox": {
        "x_min": 0.587890625,
        "y_min": 0.77734375,
        "x_max": 0.6171875,
        "y_max": 0.822265625
      }
    },
    {
      "char": "四",
      "bbox": {
        "x_min": 0.75390625,
        "y_min": 0.310546875,
        "x_max": 0.9765625,
        "y_max": 0.607421875
      }
    },
    {
      "char": "千",
      "bbox": {
        "x_min": 0.330078125,
        "y_min": 0.759765625,
        "x_max": 0.50390625,
        "y_max": 0.96484375
      }
    },
    {
      "char": "万",
      "bbox": {
        "x_min": 0.140625,
        "y_min": 0.166015625,
        "x_max": 0.240234375,
        "y_max": 0.296875
      }
    },
    {
      "char": "亿",
      "bbox": {
        "x_min": 0.275390625,
        "y_min": 0.314453125,
        "x_max": 0.333984375,
        "y_max": 0.376953125
      }
    },
    {
      "char": "零",
      "bbox": {
        "x_min": 0.70703125,
        "y_min": 0.880859375,
        "x_max": 0.7578125,
        "y_max": 0.982421875
      }
    }
  ]
}