{
  "image_filename": "00349.png",
  "visualization_filename": "00349_vis.png",
  "mnist_digits": [
    2,
    4,
    3,
    2,
    8,
    5,
    9,
    3,
    6,
    2,
    2,
    4,
    1,
    9,
    8,
    3,
    5,
    7,
    2,
    1,
    2,
    9
  ],
  "boxes": [
    {
      "char": "八",
      "bbox": {
        "x_min": 0.306640625,
        "y_min": 0.14453125,
        "x_max": 0.83203125,
        "y_max": 0.8359375
      }
    },
    {
      "char": "零",
      "bbox": {
        "x_min": 0.16796875,
        "y_min": 0.71484375,
        "x_max": 0.396484375,
        "y_max": 0.984375
      }
    },
    {
      "char": "四",
      "bbox": {
        "x_min": 0.09765625,
        "y_min": 0.107421875,
        "x_max": 0.18359375,
        "y_max": 0.216796875
      }
    }
  ]
}