{
  "image_filename": "00359.png",
  "visualization_filename": "00359_vis.png",
  "mnist_digits": [
    7,
    3,
    7,
    6,
    3,
    3,
    8,
    4,
    4,
    2,
    5,
    1,
    2,
    2,
    4,
    3,
    5,
    2,
    1,
    3,
    1,
    7,
    0,
    5,
    3,
    5,
    3,
    5,
    3
  ],
  "boxes": [
    {
      "char": "万",
      "bbox": {
        "x_min": 0.203125,
        "y_min": 0.640625,
        "x_max": 0.36328125,
        "y_max": 0.865234375
      }
    },
    {
      "char": "万",
      "bbox": {
        "x_min": 0.703125,
        "y_min": 0.83203125,
        "x_max": 0.796875,
        "y_max": 0.921875
      }
    }
  ]
}