{
  "image_filename": "00358.png",
  "visualization_filename": "00358_vis.png",
  "mnist_digits": [
    2,
    7,
    9,
    3,
    8,
    7,
    1,
    8,
    0,
    2,
    7,
    5,
    9,
    3,
    8,
    2,
    4,
    8,
    0,
    8,
    0,
    8,
    8,
    4
  ],
  "boxes": [
    {
      "char": "零",
      "bbox": {
        "x_min": 0.619140625,
        "y_min": 0.6640625,
        "x_max": 0.744140625,
        "y_max": 0.8203125
      }
    },
    {
      "char": "三",
      "bbox": {
        "x_min": 0.875,
        "y_min": 0.662109375,
        "x_max": 1,
        "y_max": 0.818359375
      }
    },
    {
      "char": "一",
      "bbox": {
        "x_min": 0.583984375,
        "y_min": 0.322265625,
        "x_max": 0.78125,
        "y_max": 0.453125
      }
    },
    {
      "char": "二",
      "bbox": {
        "x_min": 0.71875,
        "y_min": 0.1171875,
        "x_max": 0.953125,
        "y_max": 0.2421875
      }
    },
    {
      "char": "一",
      "bbox": {
        "x_min": 0.458984375,
        "y_min": 0.162109375,
        "x_max": 0.552734375,
        "y_max": 0.275390625
      }
    },
    {
      "char": "七",
      "bbox": {
        "x_min": 0.244140625,
        "y_min": 0.306640625,
        "x_max": 0.470703125,
        "y_max": 0.541015625
      }
    }
  ]
}