{
  "image_filename": "00354.png",
  "visualization_filename": "00354_vis.png",
  "mnist_digits": [
    1,
    3,
    5,
    2,
    1,
    8,
    4,
    7,
    3,
    7,
    1,
    7,
    8,
    9
  ],
  "boxes": [
    {
      "char": "六",
      "bbox": {
        "x_min": 0.607421875,
        "y_min": 0.90234375,
        "x_max": 0.650390625,
        "y_max": 0.96484375
      }
    },
    {
      "char": "万",
      "bbox": {
        "x_min": 0.14453125,
        "y_min": 0.65234375,
        "x_max": 0.390625,
        "y_max": 0.96875
      }
    },
    {
      "char": "四",
      "bbox": {
        "x_min": 0.677734375,
        "y_min": 0.36328125,
        "x_max": 0.740234375,
        "y_max": 0.42578125
      }
    },
    {
      "char": "四",
      "bbox": {
        "x_min": 0.216796875,
        "y_min": 0.072265625,
        "x_max": 0.318359375,
        "y_max": 0.197265625
      }
    },
    {
      "char": "二",
      "bbox": {
        "x_min": 0.0234375,
        "y_min": 0.078125,
        "x_max": 0.181640625,
        "y_max": 0.20703125
      }
    }
  ]
}