{
  "image_filename": "00353.png",
  "visualization_filename": "00353_vis.png",
  "mnist_digits": [
    1,
    1,
    3,
    0,
    3,
    6,
    1,
    7,
    5,
    2,
    9,
    6,
    3,
    9,
    8,
    6,
    3,
    2,
    6,
    5,
    1,
    6,
    9
  ],
  "boxes": [
    {
      "char": "五",
      "bbox": {
        "x_min": 0.640625,
        "y_min": 0.39453125,
        "x_max": 0.8671875,
        "y_max": 0.62890625
      }
    },
    {
      "char": "五",
      "bbox": {
        "x_min": 0.4765625,
        "y_min": 0.103515625,
        "x_max": 0.5703125,
        "y_max": 0.181640625
      }
    },
    {
      "char": "九",
      "bbox": {
        "x_min": 0.12890625,
        "y_min": 0.333984375,
        "x_max": 0.31640625,
        "y_max": 0.609375
      }
    }
  ]
}