{
  "image_filename": "00350.png",
  "visualization_filename": "00350_vis.png",
  "mnist_digits": [
    1,
    5,
    0,
    7,
    8,
    8,
    7,
    2,
    4,
    2,
    1,
    9,
    2,
    4,
    9,
    4,
    7
  ],
  "boxes": [
    {
      "char": "零",
      "bbox": {
        "x_min": 0.44921875,
        "y_min": 0,
        "x_max": 0.482421875,
        "y_max": 0.056640625
      }
    },
    {
      "char": "七",
      "bbox": {
        "x_min": 0.107421875,
        "y_min": 0.107421875,
        "x_max": 0.279296875,
        "y_max": 0.341796875
      }
    },
    {
      "char": "三",
      "bbox": {
        "x_min": 0.515625,
        "y_min": 0.29296875,
        "x_max": 0.751953125,
        "y_max": 0.51171875
      }
    },
    {
      "char": "三",
      "bbox": {
        "x_min": 0.775390625,
        "y_min": 0.865234375,
        "x_max": 0.814453125,
        "y_max": 0.921875
      }
    },
    {
      "char": "亿",
      "bbox": {
        "x_min": 0.81640625,
        "y_min": 0.4609375,
        "x_max": 0.947265625,
        "y_max": 0.607421875
      }
    },
    {
      "char": "万",
      "bbox": {
        "x_min": 0.419921875,
        "y_min": 0.150390625,
        "x_max": 0.529296875,
        "y_max": 0.283203125
      }
    }
  ]
}