{
  "image_filename": "00355.png",
  "visualization_filename": "00355_vis.png",
  "mnist_digits": [
    0,
    7,
    7,
    1,
    7,
    2,
    0,
    7,
    3,
    7,
    6,
    3,
    4,
    2,
    8,
    9,
    3,
    5,
    3,
    8,
    1,
    2,
    9,
    1,
    7,
    9,
    2,
    6
  ],
  "boxes": [
    {
      "char": "四",
      "bbox": {
        "x_min": 0.125,
        "y_min": 0.017578125,
        "x_max": 0.5390625,
        "y_max": 0.484375
      }
    },
    {
      "char": "六",
      "bbox": {
        "x_min": 0.734375,
        "y_min": 0.779296875,
        "x_max": 0.814453125,
        "y_max": 0.900390625
      }
    },
    {
      "char": "零",
      "bbox": {
        "x_min": 0.826171875,
        "y_min": 0.1328125,
        "x_max": 0.9609375,
        "y_max": 0.29296875
      }
    }
  ]
}