{
  "image_filename": "00357.png",
  "visualization_filename": "00357_vis.png",
  "mnist_digits": [
    2,
    0,
    2,
    9,
    3,
    8,
    6,
    1,
    1,
    2,
    2
  ],
  "boxes": [
    {
      "char": "八",
      "bbox": {
        "x_min": 0.140625,
        "y_min": 0.513671875,
        "x_max": 0.310546875,
        "y_max": 0.78515625
      }
    },
    {
      "char": "三",
      "bbox": {
        "x_min": 0.052734375,
        "y_min": 0.01953125,
        "x_max": 0.271484375,
        "y_max": 0.19140625
      }
    }
  ]
}