{
  "image_filename": "00351.png",
  "visualization_filename": "00351_vis.png",
  "mnist_digits": [
    0,
    1,
    0,
    3,
    7,
    7
  ],
  "boxes": [
    {
      "char": "十",
      "bbox": {
        "x_min": 0.486328125,
        "y_min": 0.2421875,
        "x_max": 0.673828125,
        "y_max": 0.53125
      }
    },
    {
      "char": "五",
      "bbox": {
        "x_min": 0.32421875,
        "y_min": 0.822265625,
        "x_max": 0.458984375,
        "y_max": 0.95703125
      }
    },
    {
      "char": "八",
      "bbox": {
        "x_min": 0.025390625,
        "y_min": 0.455078125,
        "x_max": 0.173828125,
        "y_max": 0.572265625
      }
    },
    {
      "char": "九",
      "bbox": {
        "x_min": 0.505859375,
        "y_min": 0.90625,
        "x_max": 0.5390625,
        "y_max": 0.953125
      }
    },
    {
      "char": "亿",
      "bbox": {
        "x_min": 0.119140625,
        "y_min": 0.59765625,
        "x_max": 0.376953125,
        "y_max": 0.845703125
      }
    }
  ]
}