{
  "image_filename": "00352.png",
  "visualization_filename": "00352_vis.png",
  "mnist_digits": [
    0,
    7,
    6,
    8,
    9,
    4,
    7,
    3,
    2,
    0,
    0,
    0,
    8,
    8,
    7,
    1,
    9,
    5,
    1,
    0,
    3
  ],
  "boxes": [
    {
      "char": "万",
      "bbox": {
        "x_min": 0.73046875,
        "y_min": 0.484375,
        "x_max": 0.75,
        "y_max": 0.51953125
      }
    },
    {
      "char": "十",
      "bbox": {
        "x_min": 0.16796875,
        "y_min": 0.568359375,
        "x_max": 0.369140625,
        "y_max": 0.8046875
      }
    },
    {
      "char": "千",
      "bbox": {
        "x_min": 0.6484375,
        "y_min": 0.591796875,
        "x_max": 0.81640625,
        "y_max": 0.927734375
      }
    },
    {
      "char": "七",
      "bbox": {
        "x_min": 0.46484375,
        "y_min": 0.08203125,
        "x_max": 0.5078125,
        "y_max": 0.142578125
      }
    }
  ]
}