{
  "image_filename": "00368.png",
  "visualization_filename": "00368_vis.png",
  "mnist_digits": [
    1,
    9,
    6,
    7,
    7,
    5,
    1,
    4,
    5,
    4,
    9,
    1,
    7,
    8,
    3,
    8,
    1,
    1,
    8,
    9,
    3,
    2
  ],
  "boxes": [
    {
      "char": "亿",
      "bbox": {
        "x_min": 0.232421875,
        "y_min": 0.517578125,
        "x_max": 0.720703125,
        "y_max": 0.89453125
      }
    },
    {
      "char": "五",
      "bbox": {
        "x_min": 0.345703125,
        "y_min": 0.392578125,
        "x_max": 0.435546875,
        "y_max": 0.498046875
      }
    },
    {
      "char": "四",
      "bbox": {
        "x_min": 0.435546875,
        "y_min": 0.109375,
        "x_max": 0.599609375,
        "y_max": 0.267578125
      }
    },
    {
      "char": "三",
      "bbox": {
        "x_min": 0.259765625,
        "y_min": 0.515625,
        "x_max": 0.3046875,
        "y_max": 0.5546875
      }
    },
    {
      "char": "二",
      "bbox": {
        "x_min": 0.857421875,
        "y_min": 0.09765625,
        "x_max": 0.986328125,
        "y_max": 0.1796875
      }
    },
    {
      "char": "千",
      "bbox": {
        "x_min": 0.001953125,
        "y_min": 0.568359375,
        "x_max": 0.171875,
        "y_max": 0.791015625
      }
    },
    {
      "char": "六",
      "bbox": {
        "x_min": 0.669921875,
        "y_min": 0.033203125,
        "x_max": 0.716796875,
        "y_max": 0.080078125
      }
    }
  ]
}