{
  "image_filename": "00369.png",
  "visualization_filename": "00369_vis.png",
  "mnist_digits": [
    3,
    1,
    8,
    5,
    4
  ],
  "boxes": [
    {
      "char": "万",
      "bbox": {
        "x_min": 0.02734375,
        "y_min": 0.482421875,
        "x_max": 0.0703125,
        "y_max": 0.529296875
      }
    },
    {
      "char": "七",
      "bbox": {
        "x_min": 0.599609375,
        "y_min": 0.30859375,
        "x_max": 0.810546875,
        "y_max": 0.48828125
      }
    },
    {
      "char": "七",
      "bbox": {
        "x_min": 0.20703125,
        "y_min": 0.1328125,
        "x_max": 0.50390625,
        "y_max": 0.384765625
      }
    },
    {
      "char": "七",
      "bbox": {
        "x_min": 0.7109375,
        "y_min": 0.611328125,
        "x_max": 0.8984375,
        "y_max": 0.7578125
      }
    }
  ]
}