{
  "image_filename": "00363.png",
  "visualization_filename": "00363_vis.png",
  "mnist_digits": [
    9,
    4,
    7,
    8,
    4,
    2,
    2,
    9,
    1,
    2,
    1,
    6,
    4,
    8,
    0,
    5,
    9,
    7,
    1,
    5,
    8,
    9,
    2,
    6
  ],
  "boxes": [
    {
      "char": "七",
      "bbox": {
        "x_min": 0.591796875,
        "y_min": 0.51171875,
        "x_max": 0.748046875,
        "y_max": 0.63671875
      }
    },
    {
      "char": "五",
      "bbox": {
        "x_min": 0.43359375,
        "y_min": 0.109375,
        "x_max": 0.66796875,
        "y_max": 0.337890625
      }
    },
    {
      "char": "三",
      "bbox": {
        "x_min": 0.56640625,
        "y_min": 0.822265625,
        "x_max": 0.74609375,
        "y_max": 0.955078125
      }
    },
    {
      "char": "百",
      "bbox": {
        "x_min": 0.81640625,
        "y_min": 0.744140625,
        "x_max": 0.900390625,
        "y_max": 0.953125
      }
    },
    {
      "char": "零",
      "bbox": {
        "x_min": 0.775390625,
        "y_min": 0.078125,
        "x_max": 0.94921875,
        "y_max": 0.24609375
      }
    },
    {
      "char": "八",
      "bbox": {
        "x_min": 0.16015625,
        "y_min": 0.623046875,
        "x_max": 0.2421875,
        "y_max": 0.7265625
      }
    },
    {
      "char": "三",
      "bbox": {
        "x_min": 0.189453125,
        "y_min": 0.146484375,
        "x_max": 0.302734375,
        "y_max": 0.271484375
      }
    }
  ]
}