{
  "image_filename": "00364.png",
  "visualization_filename": "00364_vis.png",
  "mnist_digits": [
    2,
    7,
    3,
    0,
    0,
    5,
    7,
    3,
    5,
    7,
    3,
    8,
    4,
    4,
    3,
    3,
    2,
    7,
    7,
    9,
    1,
    4,
    4,
    6,
    5,
    9,
    1,
    5,
    0,
    6,
    9,
    2
  ],
  "boxes": [
    {
      "char": "九",
      "bbox": {
        "x_min": 0.662109375,
        "y_min": 0.0859375,
        "x_max": 0.740234375,
        "y_max": 0.1484375
      }
    },
    {
      "char": "九",
      "bbox": {
        "x_min": 0.28515625,
        "y_min": 0.671875,
        "x_max": 0.396484375,
        "y_max": 0.7890625
      }
    },
    {
      "char": "百",
      "bbox": {
        "x_min": 0.111328125,
        "y_min": 0.2890625,
        "x_max": 0.142578125,
        "y_max": 0.341796875
      }
    },
    {
      "char": "一",
      "bbox": {
        "x_min": 0.015625,
        "y_min": 0.126953125,
        "x_max": 0.212890625,
        "y_max": 0.162109375
      }
    },
    {
      "char": "千",
      "bbox": {
        "x_min": 0.744140625,
        "y_min": 0.48828125,
        "x_max": 0.822265625,
        "y_max": 0.5703125
      }
    }
  ]
}