{
  "image_filename": "00361.png",
  "visualization_filename": "00361_vis.png",
  "mnist_digits": [
    4,
    8,
    8,
    2,
    5,
    4,
    9,
    9,
    9,
    1,
    3,
    9
  ],
  "boxes": [
    {
      "char": "千",
      "bbox": {
        "x_min": 0.07421875,
        "y_min": 0.091796875,
        "x_max": 0.208984375,
        "y_max": 0.232421875
      }
    },
    {
      "char": "亿",
      "bbox": {
        "x_min": 0.458984375,
        "y_min": 0.34765625,
        "x_max": 0.525390625,
        "y_max": 0.40625
      }
    },
    {
      "char": "亿",
      "bbox": {
        "x_min": 0.810546875,
        "y_min": 0.76171875,
        "x_max": 0.853515625,
        "y_max": 0.81640625
      }
    },
    {
      "char": "亿",
      "bbox": {
        "x_min": 0.51953125,
        "y_min": 0.439453125,
        "x_max": 0.64453125,
        "y_max": 0.552734375
      }
    },
    {
      "char": "九",
      "bbox": {
        "x_min": 0.791015625,
        "y_min": 0.2265625,
        "x_max": 0.896484375,
        "y_max": 0.384765625
      }
    },
    {
      "char": "百",
      "bbox": {
        "x_min": 0.12890625,
        "y_min": 0.3671875,
        "x_max": 0.177734375,
        "y_max": 0.478515625
      }
    },
    {
      "char": "零",
      "bbox": {
        "x_min": 0.68359375,
        "y_min": 0.783203125,
        "x_max": 0.78125,
        "y_max": 0.966796875
      }
    }
  ]
}