{
  "image_filename": "00367.png",
  "visualization_filename": "00367_vis.png",
  "mnist_digits": [
    4,
    4,
    8,
    9,
    5,
    8,
    1,
    6
  ],
  "boxes": [
    {
      "char": "六",
      "bbox": {
        "x_min": 0.28515625,
        "y_min": 0.564453125,
        "x_max": 0.419921875,
        "y_max": 0.69921875
      }
    },
    {
      "char": "百",
      "bbox": {
        "x_min": 0.51953125,
        "y_min": 0.10546875,
        "x_max": 0.61328125,
        "y_max": 0.24609375
      }
    },
    {
      "char": "百",
      "bbox": {
        "x_min": 0.03125,
        "y_min": 0.251953125,
        "x_max": 0.1875,
        "y_max": 0.439453125
      }
    },
    {
      "char": "二",
      "bbox": {
        "x_min": 0.65625,
        "y_min": 0.8203125,
        "x_max": 0.76171875,
        "y_max": 0.87890625
      }
    },
    {
      "char": "五",
      "bbox": {
        "x_min": 0.623046875,
        "y_min": 0.40234375,
        "x_max": 0.912109375,
        "y_max": 0.62109375
      }
    },
    {
      "char": "亿",
      "bbox": {
        "x_min": 0.236328125,
        "y_min": 0.560546875,
        "x_max": 0.271484375,
        "y_max": 0.60546875
      }
    }
  ]
}