{
  "image_filename": "00360.png",
  "visualization_filename": "00360_vis.png",
  "mnist_digits": [
    7,
    0,
    4,
    5,
    6,
    2,
    3,
    2,
    9,
    1,
    7,
    7,
    1,
    4,
    6,
    2,
    1,
    9,
    4,
    2,
    3,
    1,
    3,
    2,
    8,
    4,
    5,
    5,
    5,
    5,
    7,
    0,
    2,
    1,
    6
  ],
  "boxes": [
    {
      "char": "五",
      "bbox": {
        "x_min": 0.703125,
        "y_min": 0.587890625,
        "x_max": 0.802734375,
        "y_max": 0.66796875
      }
    },
    {
      "char": "六",
      "bbox": {
        "x_min": 0.5,
        "y_min": 0.71875,
        "x_max": 0.58984375,
        "y_max": 0.8359375
      }
    },
    {
      "char": "九",
      "bbox": {
        "x_min": 0.771484375,
        "y_min": 0.18359375,
        "x_max": 0.865234375,
        "y_max": 0.3046875
      }
    }
  ]
}