{
  "image_filename": "00371.png",
  "visualization_filename": "00371_vis.png",
  "mnist_digits": [
    3,
    2,
    6,
    8,
    1,
    2,
    9,
    2,
    9,
    1,
    4
  ],
  "boxes": [
    {
      "char": "百",
      "bbox": {
        "x_min": 0.587890625,
        "y_min": 0.49609375,
        "x_max": 0.806640625,
        "y_max": 0.955078125
      }
    },
    {
      "char": "八",
      "bbox": {
        "x_min": 0.576171875,
        "y_min": 0.25390625,
        "x_max": 0.732421875,
        "y_max": 0.38671875
      }
    },
    {
      "char": "零",
      "bbox": {
        "x_min": 0.224609375,
        "y_min": 0.427734375,
        "x_max": 0.345703125,
        "y_max": 0.638671875
      }
    },
    {
      "char": "十",
      "bbox": {
        "x_min": 0.390625,
        "y_min": 0.251953125,
        "x_max": 0.45703125,
        "y_max": 0.326171875
      }
    },
    {
      "char": "零",
      "bbox": {
        "x_min": 0.169921875,
        "y_min": 0.7734375,
        "x_max": 0.220703125,
        "y_max": 0.849609375
      }
    },
    {
      "char": "零",
      "bbox": {
        "x_min": 0.818359375,
        "y_min": 0.3671875,
        "x_max": 0.958984375,
        "y_max": 0.6328125
      }
    }
  ]
}