{
  "image_filename": "00374.png",
  "visualization_filename": "00374_vis.png",
  "mnist_digits": [
    5,
    7,
    0,
    9,
    7,
    3,
    4,
    1,
    9,
    0,
    3,
    9,
    6,
    4,
    9,
    1,
    9,
    6,
    8,
    1,
    0,
    5,
    6,
    0,
    8,
    0
  ],
  "boxes": [
    {
      "char": "八",
      "bbox": {
        "x_min": 0.37890625,
        "y_min": 0.63671875,
        "x_max": 0.53125,
        "y_max": 0.82421875
      }
    },
    {
      "char": "五",
      "bbox": {
        "x_min": 0.099609375,
        "y_min": 0.33984375,
        "x_max": 0.251953125,
        "y_max": 0.48828125
      }
    },
    {
      "char": "十",
      "bbox": {
        "x_min": 0.453125,
        "y_min": 0.005859375,
        "x_max": 0.580078125,
        "y_max": 0.23046875
      }
    },
    {
      "char": "十",
      "bbox": {
        "x_min": 0.669921875,
        "y_min": 0.580078125,
        "x_max": 0.94921875,
        "y_max": 0.923828125
      }
    },
    {
      "char": "六",
      "bbox": {
        "x_min": 0.384765625,
        "y_min": 0.271484375,
        "x_max": 0.525390625,
        "y_max": 0.466796875
      }
    }
  ]
}