{
  "image_filename": "00372.png",
  "visualization_filename": "00372_vis.png",
  "mnist_digits": [
    0,
    2,
    6,
    5,
    5,
    7,
    1,
    6,
    2,
    9,
    1,
    9,
    8,
    0,
    0,
    0,
    1,
    7,
    2,
    3,
    4
  ],
  "boxes": [
    {
      "char": "亿",
      "bbox": {
        "x_min": 0.400390625,
        "y_min": 0.423828125,
        "x_max": 0.71484375,
        "y_max": 0.84375
      }
    },
    {
      "char": "三",
      "bbox": {
        "x_min": 0.259765625,
        "y_min": 0.306640625,
        "x_max": 0.291015625,
        "y_max": 0.33203125
      }
    },
    {
      "char": "六",
      "bbox": {
        "x_min": 0.099609375,
        "y_min": 0.416015625,
        "x_max": 0.193359375,
        "y_max": 0.521484375
      }
    },
    {
      "char": "万",
      "bbox": {
        "x_min": 0.265625,
        "y_min": 0.154296875,
        "x_max": 0.32421875,
        "y_max": 0.240234375
      }
    }
  ]
}