{
  "image_filename": "00376.png",
  "visualization_filename": "00376_vis.png",
  "mnist_digits": [
    5,
    8,
    5,
    6,
    5
  ],
  "boxes": [
    {
      "char": "七",
      "bbox": {
        "x_min": 0.103515625,
        "y_min": 0.134765625,
        "x_max": 0.32421875,
        "y_max": 0.30859375
      }
    },
    {
      "char": "千",
      "bbox": {
        "x_min": 0.2734375,
        "y_min": 0.470703125,
        "x_max": 0.36328125,
        "y_max": 0.623046875
      }
    },
    {
      "char": "万",
      "bbox": {
        "x_min": 0.80078125,
        "y_min": 0.501953125,
        "x_max": 0.935546875,
        "y_max": 0.68359375
      }
    },
    {
      "char": "百",
      "bbox": {
        "x_min": 0.775390625,
        "y_min": 0.736328125,
        "x_max": 0.853515625,
        "y_max": 0.84765625
      }
    }
  ]
}