{
  "image_filename": "00370.png",
  "visualization_filename": "00370_vis.png",
  "mnist_digits": [
    7,
    5,
    0,
    9,
    1,
    9,
    5,
    8,
    1,
    9,
    3,
    1,
    2,
    1,
    1,
    8,
    9,
    7,
    7,
    0
  ],
  "boxes": [
    {
      "char": "百",
      "bbox": {
        "x_min": 0.6640625,
        "y_min": 0.025390625,
        "x_max": 0.837890625,
        "y_max": 0.259765625
      }
    },
    {
      "char": "二",
      "bbox": {
        "x_min": 0.546875,
        "y_min": 0.484375,
        "x_max": 0.67578125,
        "y_max": 0.548828125
      }
    },
    {
      "char": "四",
      "bbox": {
        "x_min": 0.439453125,
        "y_min": 0.701171875,
        "x_max": 0.619140625,
        "y_max": 0.873046875
      }
    },
    {
      "char": "六",
      "bbox": {
        "x_min": 0.556640625,
        "y_min": 0.244140625,
        "x_max": 0.697265625,
        "y_max": 0.443359375
      }
    }
  ]
}