{
  "image_filename": "00375.png",
  "visualization_filename": "00375_vis.png",
  "mnist_digits": [
    3,
    9,
    5,
    9,
    2,
    5,
    1,
    5,
    6,
    0,
    2,
    4
  ],
  "boxes": [
    {
      "char": "一",
      "bbox": {
        "x_min": 0.255859375,
        "y_min": 0.611328125,
        "x_max": 0.96875,
        "y_max": 0.74609375
      }
    },
    {
      "char": "四",
      "bbox": {
        "x_min": 0.322265625,
        "y_min": 0.517578125,
        "x_max": 0.375,
        "y_max": 0.578125
      }
    },
    {
      "char": "八",
      "bbox": {
        "x_min": 0.71875,
        "y_min": 0.94921875,
        "x_max": 0.765625,
        "y_max": 0.9921875
      }
    },
    {
      "char": "千",
      "bbox": {
        "x_min": 0.73828125,
        "y_min": 0.3515625,
        "x_max": 0.81640625,
        "y_max": 0.53125
      }
    },
    {
      "char": "一",
      "bbox": {
        "x_min": 0.298828125,
        "y_min": 0.08203125,
        "x_max": 0.380859375,
        "y_max": 0.109375
      }
    },
    {
      "char": "亿",
      "bbox": {
        "x_min": 0.26171875,
        "y_min": 0.28125,
        "x_max": 0.49609375,
        "y_max": 0.46875
      }
    }
  ]
}