{
  "image_filename": "00377.png",
  "visualization_filename": "00377_vis.png",
  "mnist_digits": [
    2,
    6,
    0,
    0,
    3,
    9,
    9,
    7,
    6,
    7,
    6,
    3,
    8
  ],
  "boxes": [
    {
      "char": "六",
      "bbox": {
        "x_min": 0.888671875,
        "y_min": 0.42578125,
        "x_max": 0.98828125,
        "y_max": 0.560546875
      }
    },
    {
      "char": "三",
      "bbox": {
        "x_min": 0.8515625,
        "y_min": 0.92578125,
        "x_max": 0.91015625,
        "y_max": 0.970703125
      }
    },
    {
      "char": "四",
      "bbox": {
        "x_min": 0.376953125,
        "y_min": 0.4453125,
        "x_max": 0.623046875,
        "y_max": 0.654296875
      }
    },
    {
      "char": "零",
      "bbox": {
        "x_min": 0.751953125,
        "y_min": 0.521484375,
        "x_max": 0.865234375,
        "y_max": 0.677734375
      }
    },
    {
      "char": "零",
      "bbox": {
        "x_min": 0.6171875,
        "y_min": 0.15234375,
        "x_max": 0.8515625,
        "y_max": 0.439453125
      }
    },
    {
      "char": "五",
      "bbox": {
        "x_min": 0.07421875,
        "y_min": 0.044921875,
        "x_max": 0.16796875,
        "y_max": 0.189453125
      }
    },
    {
      "char": "三",
      "bbox": {
        "x_min": 0.48046875,
        "y_min": 0.830078125,
        "x_max": 0.69921875,
        "y_max": 0.978515625
      }
    }
  ]
}