{
  "image_filename": "00378.png",
  "visualization_filename": "00378_vis.png",
  "mnist_digits": [
    6,
    7,
    2,
    1,
    9,
    3,
    1,
    6,
    4,
    5,
    0,
    5,
    7,
    4,
    6,
    9,
    6,
    1,
    1,
    6,
    3,
    9,
    4,
    3,
    1,
    1
  ],
  "boxes": [
    {
      "char": "七",
      "bbox": {
        "x_min": 0.625,
        "y_min": 0.408203125,
        "x_max": 0.8671875,
        "y_max": 0.611328125
      }
    },
    {
      "char": "三",
      "bbox": {
        "x_min": 0.232421875,
        "y_min": 0.060546875,
        "x_max": 0.513671875,
        "y_max": 0.248046875
      }
    },
    {
      "char": "二",
      "bbox": {
        "x_min": 0.087890625,
        "y_min": 0.544921875,
        "x_max": 0.193359375,
        "y_max": 0.630859375
      }
    },
    {
      "char": "三",
      "bbox": {
        "x_min": 0.470703125,
        "y_min": 0.033203125,
        "x_max": 0.587890625,
        "y_max": 0.162109375
      }
    }
  ]
}