{
  "image_filename": "00389.png",
  "visualization_filename": "00389_vis.png",
  "mnist_digits": [
    1,
    5,
    6,
    4,
    2,
    2,
    3,
    4,
    5,
    2,
    7,
    6,
    4,
    7,
    4,
    2,
    0,
    4,
    9,
    5,
    9,
    2,
    3
  ],
  "boxes": [
    {
      "char": "零",
      "bbox": {
        "x_min": 0.212890625,
        "y_min": 0.412109375,
        "x_max": 0.455078125,
        "y_max": 0.802734375
      }
    },
    {
      "char": "亿",
      "bbox": {
        "x_min": 0.537109375,
        "y_min": 0.720703125,
        "x_max": 0.779296875,
        "y_max": 0.908203125
      }
    }
  ]
}