{
  "image_filename": "00384.png",
  "visualization_filename": "00384_vis.png",
  "mnist_digits": [
    1,
    9,
    2,
    3,
    9,
    8,
    8,
    0,
    4,
    4,
    1,
    6,
    0,
    7,
    6
  ],
  "boxes": [
    {
      "char": "亿",
      "bbox": {
        "x_min": 0.6171875,
        "y_min": 0.1328125,
        "x_max": 0.7109375,
        "y_max": 0.22265625
      }
    },
    {
      "char": "亿",
      "bbox": {
        "x_min": 0.087890625,
        "y_min": 0.0078125,
        "x_max": 0.193359375,
        "y_max": 0.125
      }
    },
    {
      "char": "五",
      "bbox": {
        "x_min": 0.80078125,
        "y_min": 0.2890625,
        "x_max": 0.95703125,
        "y_max": 0.4140625
      }
    },
    {
      "char": "百",
      "bbox": {
        "x_min": 0.146484375,
        "y_min": 0.728515625,
        "x_max": 0.228515625,
        "y_max": 0.908203125
      }
    },
    {
      "char": "四",
      "bbox": {
        "x_min": 0.6328125,
        "y_min": 0.796875,
        "x_max": 0.8203125,
        "y_max": 0.978515625
      }
    },
    {
      "char": "六",
      "bbox": {
        "x_min": 0.30859375,
        "y_min": 0.271484375,
        "x_max": 0.548828125,
        "y_max": 0.5703125
      }
    }
  ]
}