{
  "image_filename": "00383.png",
  "visualization_filename": "00383_vis.png",
  "mnist_digits": [
    2,
    5,
    8,
    9,
    6,
    1,
    5,
    3,
    6,
    8
  ],
  "boxes": [
    {
      "char": "亿",
      "bbox": {
        "x_min": 0.86328125,
        "y_min": 0.02734375,
        "x_max": 0.9140625,
        "y_max": 0.078125
      }
    },
    {
      "char": "八",
      "bbox": {
        "x_min": 0.326171875,
        "y_min": 0.654296875,
        "x_max": 0.443359375,
        "y_max": 0.802734375
      }
    },
    {
      "char": "八",
      "bbox": {
        "x_min": 0.5703125,
        "y_min": 0.361328125,
        "x_max": 0.751953125,
        "y_max": 0.54296875
      }
    },
    {
      "char": "六",
      "bbox": {
        "x_min": 0.09375,
        "y_min": 0.626953125,
        "x_max": 0.3203125,
        "y_max": 0.931640625
      }
    }
  ]
}