{
  "image_filename": "00380.png",
  "visualization_filename": "00380_vis.png",
  "mnist_digits": [
    9,
    4,
    8,
    6,
    1,
    2,
    5,
    7,
    3,
    9,
    1,
    4,
    6,
    2,
    5,
    0,
    5
  ],
  "boxes": [
    {
      "char": "四",
      "bbox": {
        "x_min": 0.1640625,
        "y_min": 0.720703125,
        "x_max": 0.28125,
        "y_max": 0.900390625
      }
    },
    {
      "char": "百",
      "bbox": {
        "x_min": 0.56640625,
        "y_min": 0.123046875,
        "x_max": 0.72265625,
        "y_max": 0.333984375
      }
    },
    {
      "char": "八",
      "bbox": {
        "x_min": 0.287109375,
        "y_min": 0.3046875,
        "x_max": 0.416015625,
        "y_max": 0.40625
      }
    }
  ]
}