{
  "image_filename": "00385.png",
  "visualization_filename": "00385_vis.png",
  "mnist_digits": [
    7,
    6,
    8,
    9,
    3,
    8,
    2,
    6,
    3,
    3,
    2,
    5,
    9,
    8,
    1,
    6,
    3,
    7,
    1,
    7,
    9
  ],
  "boxes": [
    {
      "char": "七",
      "bbox": {
        "x_min": 0.787109375,
        "y_min": 0.26953125,
        "x_max": 0.93359375,
        "y_max": 0.4453125
      }
    },
    {
      "char": "十",
      "bbox": {
        "x_min": 0.337890625,
        "y_min": 0.75390625,
        "x_max": 0.39453125,
        "y_max": 0.82421875
      }
    },
    {
      "char": "六",
      "bbox": {
        "x_min": 0.609375,
        "y_min": 0.2890625,
        "x_max": 0.7734375,
        "y_max": 0.5078125
      }
    },
    {
      "char": "十",
      "bbox": {
        "x_min": 0.806640625,
        "y_min": 0.80859375,
        "x_max": 0.916015625,
        "y_max": 0.9609375
      }
    },
    {
      "char": "一",
      "bbox": {
        "x_min": 0.90625,
        "y_min": 0.26953125,
        "x_max": 0.9375,
        "y_max": 0.27734375
      }
    }
  ]
}