{
  "image_filename": "00387.png",
  "visualization_filename": "00387_vis.png",
  "mnist_digits": [
    6,
    8,
    7,
    3,
    3,
    3,
    0,
    4,
    9,
    3,
    3,
    9,
    8,
    6,
    1,
    6,
    1,
    2,
    2,
    9,
    9,
    5,
    4,
    2,
    4,
    9,
    5,
    4,
    7
  ],
  "boxes": [
    {
      "char": "千",
      "bbox": {
        "x_min": 0.482421875,
        "y_min": 0.626953125,
        "x_max": 0.505859375,
        "y_max": 0.669921875
      }
    }
  ]
}