{
  "image_filename": "00382.png",
  "visualization_filename": "00382_vis.png",
  "mnist_digits": [
    6,
    9,
    0,
    2,
    2,
    3,
    2,
    1,
    0,
    9,
    7,
    4,
    8,
    9,
    3,
    6,
    5,
    4,
    4,
    9
  ],
  "boxes": [
    {
      "char": "四",
      "bbox": {
        "x_min": 0.1171875,
        "y_min": 0.439453125,
        "x_max": 0.2421875,
        "y_max": 0.564453125
      }
    },
    {
      "char": "百",
      "bbox": {
        "x_min": 0.216796875,
        "y_min": 0.13671875,
        "x_max": 0.328125,
        "y_max": 0.306640625
      }
    }
  ]
}