{
  "image_filename": "00381.png",
  "visualization_filename": "00381_vis.png",
  "mnist_digits": [
    5,
    7,
    8,
    4,
    8,
    3,
    6,
    5,
    9,
    6,
    1,
    1,
    4,
    8,
    6,
    3
  ],
  "boxes": [
    {
      "char": "千",
      "bbox": {
        "x_min": 0.630859375,
        "y_min": 0.25390625,
        "x_max": 0.771484375,
        "y_max": 0.54296875
      }
    },
    {
      "char": "四",
      "bbox": {
        "x_min": 0.076171875,
        "y_min": 0.74609375,
        "x_max": 0.314453125,
        "y_max": 0.953125
      }
    },
    {
      "char": "十",
      "bbox": {
        "x_min": 0.787109375,
        "y_min": 0.7421875,
        "x_max": 0.814453125,
        "y_max": 0.796875
      }
    },
    {
      "char": "二",
      "bbox": {
        "x_min": 0.1015625,
        "y_min": 0.0234375,
        "x_max": 0.203125,
        "y_max": 0.078125
      }
    }
  ]
}