{
  "image_filename": "00391.png",
  "visualization_filename": "00391_vis.png",
  "mnist_digits": [
    2,
    9,
    0,
    0,
    0,
    7,
    1,
    2,
    1,
    3,
    2,
    5,
    6,
    9,
    9,
    1,
    2,
    2,
    1,
    2
  ],
  "boxes": [
    {
      "char": "九",
      "bbox": {
        "x_min": 0.236328125,
        "y_min": 0.908203125,
        "x_max": 0.3125,
        "y_max": 0.966796875
      }
    },
    {
      "char": "九",
      "bbox": {
        "x_min": 0.419921875,
        "y_min": 0.38671875,
        "x_max": 0.44921875,
        "y_max": 0.431640625
      }
    },
    {
      "char": "七",
      "bbox": {
        "x_min": 0.53125,
        "y_min": 0.16015625,
        "x_max": 0.748046875,
        "y_max": 0.39453125
      }
    },
    {
      "char": "三",
      "bbox": {
        "x_min": 0.06640625,
        "y_min": 0.521484375,
        "x_max": 0.619140625,
        "y_max": 0.869140625
      }
    }
  ]
}