{
  "image_filename": "00392.png",
  "visualization_filename": "00392_vis.png",
  "mnist_digits": [
    1,
    4,
    3,
    5,
    3,
    4,
    1,
    9,
    0,
    0,
    0
  ],
  "boxes": [
    {
      "char": "七",
      "bbox": {
        "x_min": 0.2265625,
        "y_min": 0.3359375,
        "x_max": 0.53125,
        "y_max": 0.609375
      }
    },
    {
      "char": "亿",
      "bbox": {
        "x_min": 0.533203125,
        "y_min": 0.7890625,
        "x_max": 0.71484375,
        "y_max": 1
      }
    },
    {
      "char": "百",
      "bbox": {
        "x_min": 0.162109375,
        "y_min": 0.625,
        "x_max": 0.201171875,
        "y_max": 0.701171875
      }
    },
    {
      "char": "万",
      "bbox": {
        "x_min": 0.41015625,
        "y_min": 0.32421875,
        "x_max": 0.43359375,
        "y_max": 0.369140625
      }
    },
    {
      "char": "八",
      "bbox": {
        "x_min": 0.4609375,
        "y_min": 0.087890625,
        "x_max": 0.708984375,
        "y_max": 0.23046875
      }
    }
  ]
}