{
  "image_filename": "00398.png",
  "visualization_filename": "00398_vis.png",
  "mnist_digits": [
    2,
    1,
    2,
    8,
    3,
    1,
    0,
    1,
    5,
    9,
    5,
    5,
    8,
    1,
    4,
    3,
    3,
    9,
    4
  ],
  "boxes": [
    {
      "char": "九",
      "bbox": {
        "x_min": 0.423828125,
        "y_min": 0.890625,
        "x_max": 0.501953125,
        "y_max": 0.96875
      }
    },
    {
      "char": "五",
      "bbox": {
        "x_min": 0.060546875,
        "y_min": 0.05078125,
        "x_max": 0.310546875,
        "y_max": 0.337890625
      }
    }
  ]
}