{
  "image_filename": "00393.png",
  "visualization_filename": "00393_vis.png",
  "mnist_digits": [
    0,
    2,
    8,
    9,
    4,
    8,
    5,
    3,
    8,
    3,
    5,
    2,
    5,
    1,
    9,
    6,
    4,
    1,
    8,
    1,
    0,
    3,
    7,
    4
  ],
  "boxes": [
    {
      "char": "千",
      "bbox": {
        "x_min": 0.650390625,
        "y_min": 0.0078125,
        "x_max": 0.845703125,
        "y_max": 0.265625
      }
    },
    {
      "char": "八",
      "bbox": {
        "x_min": 0.1328125,
        "y_min": 0.685546875,
        "x_max": 0.341796875,
        "y_max": 0.8671875
      }
    },
    {
      "char": "万",
      "bbox": {
        "x_min": 0.37890625,
        "y_min": 0.4453125,
        "x_max": 0.51953125,
        "y_max": 0.580078125
      }
    },
    {
      "char": "一",
      "bbox": {
        "x_min": 0.7109375,
        "y_min": 0.46875,
        "x_max": 0.822265625,
        "y_max": 0.4921875
      }
    }
  ]
}