{
  "image_filename": "00390.png",
  "visualization_filename": "00390_vis.png",
  "mnist_digits": [
    4,
    3,
    1,
    7,
    1,
    2,
    2,
    7,
    4,
    5,
    0,
    3,
    8
  ],
  "boxes": [
    {
      "char": "亿",
      "bbox": {
        "x_min": 0.634765625,
        "y_min": 0.056640625,
        "x_max": 0.958984375,
        "y_max": 0.3515625
      }
    },
    {
      "char": "二",
      "bbox": {
        "x_min": 0.181640625,
        "y_min": 0.73828125,
        "x_max": 0.357421875,
        "y_max": 0.8515625
      }
    }
  ]
}