{
  "image_filename": "00399.png",
  "visualization_filename": "00399_vis.png",
  "mnist_digits": [
    5,
    5,
    5,
    8,
    8,
    3,
    5,
    4,
    2,
    4,
    1,
    7,
    4,
    3,
    3,
    1,
    5,
    7,
    1,
    0,
    7,
    2,
    4,
    9,
    1,
    5,
    6,
    5,
    6,
    7,
    0,
    5,
    4,
    3,
    6
  ],
  "boxes": [
    {
      "char": "百",
      "bbox": {
        "x_min": 0.087890625,
        "y_min": 0.19140625,
        "x_max": 0.271484375,
        "y_max": 0.5
      }
    },
    {
      "char": "万",
      "bbox": {
        "x_min": 0.546875,
        "y_min": 0.82421875,
        "x_max": 0.6171875,
        "y_max": 0.953125
      }
    },
    {
      "char": "万",
      "bbox": {
        "x_min": 0.564453125,
        "y_min": 0.28515625,
        "x_max": 0.626953125,
        "y_max": 0.3828125
      }
    },
    {
      "char": "三",
      "bbox": {
        "x_min": 0.494140625,
        "y_min": 0.5078125,
        "x_max": 0.685546875,
        "y_max": 0.69140625
      }
    },
    {
      "char": "百",
      "bbox": {
        "x_min": 0.837890625,
        "y_min": 0.46484375,
        "x_max": 0.92578125,
        "y_max": 0.6171875
      }
    }
  ]
}