{
  "image_filename": "00394.png",
  "visualization_filename": "00394_vis.png",
  "mnist_digits": [
    4,
    2,
    7,
    6,
    8,
    8,
    1,
    7,
    3,
    0,
    5,
    2,
    4,
    7,
    2,
    5,
    1,
    2
  ],
  "boxes": [
    {
      "char": "千",
      "bbox": {
        "x_min": 0.44140625,
        "y_min": 0.607421875,
        "x_max": 0.498046875,
        "y_max": 0.681640625
      }
    },
    {
      "char": "四",
      "bbox": {
        "x_min": 0.015625,
        "y_min": 0.265625,
        "x_max": 0.24609375,
        "y_max": 0.654296875
      }
    },
    {
      "char": "十",
      "bbox": {
        "x_min": 0.228515625,
        "y_min": 0.693359375,
        "x_max": 0.353515625,
        "y_max": 0.833984375
      }
    },
    {
      "char": "零",
      "bbox": {
        "x_min": 0.619140625,
        "y_min": 0.375,
        "x_max": 0.7734375,
        "y_max": 0.703125
      }
    },
    {
      "char": "六",
      "bbox": {
        "x_min": 0.62890625,
        "y_min": 0.19140625,
        "x_max": 0.787109375,
        "y_max": 0.373046875
      }
    }
  ]
}