{
  "image_filename": "00396.png",
  "visualization_filename": "00396_vis.png",
  "mnist_digits": [
    7,
    2,
    5,
    0,
    3
  ],
  "boxes": [
    {
      "char": "百",
      "bbox": {
        "x_min": 0.814453125,
        "y_min": 0.81640625,
        "x_max": 0.859375,
        "y_max": 0.875
      }
    },
    {
      "char": "三",
      "bbox": {
        "x_min": 0.453125,
        "y_min": 0.16796875,
        "x_max": 0.658203125,
        "y_max": 0.337890625
      }
    },
    {
      "char": "十",
      "bbox": {
        "x_min": 0.376953125,
        "y_min": 0.70703125,
        "x_max": 0.533203125,
        "y_max": 0.91015625
      }
    },
    {
      "char": "十",
      "bbox": {
        "x_min": 0.291015625,
        "y_min": 0.3984375,
        "x_max": 0.384765625,
        "y_max": 0.546875
      }
    },
    {
      "char": "七",
      "bbox": {
        "x_min": 0.60546875,
        "y_min": 0.37890625,
        "x_max": 0.83203125,
        "y_max": 0.56640625
      }
    }
  ]
}