{
  "image_filename": "00408.png",
  "visualization_filename": "00408_vis.png",
  "mnist_digits": [
    2,
    5,
    4,
    9,
    9,
    3,
    3,
    8,
    4,
    3,
    5,
    9,
    9,
    1
  ],
  "boxes": [
    {
      "char": "六",
      "bbox": {
        "x_min": 0.6640625,
        "y_min": 0.205078125,
        "x_max": 0.7109375,
        "y_max": 0.275390625
      }
    },
    {
      "char": "四",
      "bbox": {
        "x_min": 0.09375,
        "y_min": 0.876953125,
        "x_max": 0.228515625,
        "y_max": 0.9765625
      }
    },
    {
      "char": "六",
      "bbox": {
        "x_min": 0.396484375,
        "y_min": 0.3828125,
        "x_max": 0.533203125,
        "y_max": 0.60546875
      }
    },
    {
      "char": "七",
      "bbox": {
        "x_min": 0.212890625,
        "y_min": 0.150390625,
        "x_max": 0.392578125,
        "y_max": 0.330078125
      }
    },
    {
      "char": "二",
      "bbox": {
        "x_min": 0.505859375,
        "y_min": 0.59765625,
        "x_max": 0.580078125,
        "y_max": 0.6640625
      }
    }
  ]
}