{
  "image_filename": "00403.png",
  "visualization_filename": "00403_vis.png",
  "mnist_digits": [
    8,
    0,
    3,
    6,
    2,
    7,
    7,
    4,
    0,
    3,
    6,
    5,
    1,
    3,
    7,
    9,
    1
  ],
  "boxes": [
    {
      "char": "亿",
      "bbox": {
        "x_min": 0.23828125,
        "y_min": 0.1015625,
        "x_max": 0.3828125,
        "y_max": 0.240234375
      }
    },
    {
      "char": "千",
      "bbox": {
        "x_min": 0.390625,
        "y_min": 0.283203125,
        "x_max": 0.6171875,
        "y_max": 0.548828125
      }
    },
    {
      "char": "四",
      "bbox": {
        "x_min": 0.408203125,
        "y_min": 0.0390625,
        "x_max": 0.642578125,
        "y_max": 0.2734375
      }
    },
    {
      "char": "七",
      "bbox": {
        "x_min": 0.32421875,
        "y_min": 0.609375,
        "x_max": 0.51171875,
        "y_max": 0.734375
      }
    },
    {
      "char": "九",
      "bbox": {
        "x_min": 0.302734375,
        "y_min": 0.294921875,
        "x_max": 0.3515625,
        "y_max": 0.337890625
      }
    }
  ]
}