{
  "image_filename": "00402.png",
  "visualization_filename": "00402_vis.png",
  "mnist_digits": [
    8,
    4,
    5,
    2,
    0,
    3,
    7,
    1,
    0,
    2,
    0,
    1,
    9
  ],
  "boxes": [
    {
      "char": "十",
      "bbox": {
        "x_min": 0.173828125,
        "y_min": 0.12890625,
        "x_max": 0.396484375,
        "y_max": 0.4921875
      }
    },
    {
      "char": "二",
      "bbox": {
        "x_min": 0.216796875,
        "y_min": 0.888671875,
        "x_max": 0.23828125,
        "y_max": 0.904296875
      }
    },
    {
      "char": "十",
      "bbox": {
        "x_min": 0.607421875,
        "y_min": 0.0546875,
        "x_max": 0.728515625,
        "y_max": 0.21484375
      }
    },
    {
      "char": "三",
      "bbox": {
        "x_min": 0.01171875,
        "y_min": 0.021484375,
        "x_max": 0.09375,
        "y_max": 0.103515625
      }
    },
    {
      "char": "二",
      "bbox": {
        "x_min": 0.65234375,
        "y_min": 0.365234375,
        "x_max": 0.87890625,
        "y_max": 0.544921875
      }
    },
    {
      "char": "七",
      "bbox": {
        "x_min": 0.09375,
        "y_min": 0.556640625,
        "x_max": 0.3203125,
        "y_max": 0.798828125
      }
    }
  ]
}