{
  "image_filename": "00406.png",
  "visualization_filename": "00406_vis.png",
  "mnist_digits": [
    8,
    4,
    9,
    4,
    1,
    9,
    9,
    8,
    9,
    1,
    1,
    0,
    9,
    1,
    1,
    4,
    9,
    4,
    3,
    3,
    5,
    9
  ],
  "boxes": [
    {
      "char": "七",
      "bbox": {
        "x_min": 0.26953125,
        "y_min": 0.677734375,
        "x_max": 0.37109375,
        "y_max": 0.794921875
      }
    },
    {
      "char": "八",
      "bbox": {
        "x_min": 0.765625,
        "y_min": 0.169921875,
        "x_max": 0.798828125,
        "y_max": 0.201171875
      }
    }
  ]
}