{
  "image_filename": "00414.png",
  "visualization_filename": "00414_vis.png",
  "mnist_digits": [
    8,
    2
  ],
  "boxes": [
    {
      "char": "千",
      "bbox": {
        "x_min": 0.060546875,
        "y_min": 0.39453125,
        "x_max": 0.28125,
        "y_max": 0.658203125
      }
    },
    {
      "char": "三",
      "bbox": {
        "x_min": 0.197265625,
        "y_min": 0.33203125,
        "x_max": 0.25390625,
        "y_max": 0.361328125
      }
    },
    {
      "char": "七",
      "bbox": {
        "x_min": 0.529296875,
        "y_min": 0.208984375,
        "x_max": 0.62890625,
        "y_max": 0.337890625
      }
    },
    {
      "char": "九",
      "bbox": {
        "x_min": 0.451171875,
        "y_min": 0.6015625,
        "x_max": 0.5859375,
        "y_max": 0.7421875
      }
    },
    {
      "char": "十",
      "bbox": {
        "x_min": 0.619140625,
        "y_min": 0.765625,
        "x_max": 0.701171875,
        "y_max": 0.9296875
      }
    },
    {
      "char": "十",
      "bbox": {
        "x_min": 0.357421875,
        "y_min": 0.845703125,
        "x_max": 0.427734375,
        "y_max": 0.982421875
      }
    },
    {
      "char": "七",
      "bbox": {
        "x_min": 0.806640625,
        "y_min": 0.4375,
        "x_max": 0.876953125,
        "y_max": 0.51171875
      }
    },
    {
      "char": "七",
      "bbox": {
        "x_min": 0.87890625,
        "y_min": 0.287109375,
        "x_max": 1,
        "y_max": 0.380859375
      }
    },
    {
      "char": "六",
      "bbox": {
        "x_min": 0.87890625,
        "y_min": 0.701171875,
        "x_max": 0.9140625,
        "y_max": 0.74609375
      }
    }
  ]
}