{
  "image_filename": "00417.png",
  "visualization_filename": "00417_vis.png",
  "mnist_digits": [
    8,
    9,
    6,
    9,
    8
  ],
  "boxes": [
    {
      "char": "八",
      "bbox": {
        "x_min": 0.8046875,
        "y_min": 0.671875,
        "x_max": 0.8828125,
        "y_max": 0.7890625
      }
    },
    {
      "char": "五",
      "bbox": {
        "x_min": 0.50390625,
        "y_min": 0.314453125,
        "x_max": 0.5390625,
        "y_max": 0.3671875
      }
    },
    {
      "char": "七",
      "bbox": {
        "x_min": 0.068359375,
        "y_min": 0.455078125,
        "x_max": 0.28515625,
        "y_max": 0.693359375
      }
    },
    {
      "char": "零",
      "bbox": {
        "x_min": 0.34765625,
        "y_min": 0.783203125,
        "x_max": 0.384765625,
        "y_max": 0.841796875
      }
    },
    {
      "char": "一",
      "bbox": {
        "x_min": 0.5703125,
        "y_min": 0.90234375,
        "x_max": 0.6328125,
        "y_max": 0.94921875
      }
    },
    {
      "char": "亿",
      "bbox": {
        "x_min": 0.41015625,
        "y_min": 0.427734375,
        "x_max": 0.533203125,
        "y_max": 0.533203125
      }
    },
    {
      "char": "亿",
      "bbox": {
        "x_min": 0.71875,
        "y_min": 0.24609375,
        "x_max": 0.7890625,
        "y_max": 0.32421875
      }
    }
  ]
}