{
  "image_filename": "00419.png",
  "visualization_filename": "00419_vis.png",
  "mnist_digits": [
    1,
    9,
    9,
    9,
    4,
    1,
    3,
    3,
    7,
    3,
    6,
    2,
    9,
    6,
    6,
    3,
    6,
    6,
    6,
    1,
    7,
    1,
    0,
    7
  ],
  "boxes": [
    {
      "char": "零",
      "bbox": {
        "x_min": 0.287109375,
        "y_min": 0.041015625,
        "x_max": 0.34765625,
        "y_max": 0.1328125
      }
    },
    {
      "char": "二",
      "bbox": {
        "x_min": 0.744140625,
        "y_min": 0.09765625,
        "x_max": 0.783203125,
        "y_max": 0.123046875
      }
    },
    {
      "char": "百",
      "bbox": {
        "x_min": 0.783203125,
        "y_min": 0.412109375,
        "x_max": 0.908203125,
        "y_max": 0.623046875
      }
    },
    {
      "char": "九",
      "bbox": {
        "x_min": 0.345703125,
        "y_min": 0.3046875,
        "x_max": 0.486328125,
        "y_max": 0.462890625
      }
    },
    {
      "char": "十",
      "bbox": {
        "x_min": 0.521484375,
        "y_min": 0.58203125,
        "x_max": 0.810546875,
        "y_max": 0.88671875
      }
    }
  ]
}