{
  "image_filename": "00413.png",
  "visualization_filename": "00413_vis.png",
  "mnist_digits": [
    3,
    0,
    0,
    7,
    2,
    3,
    5,
    4,
    3,
    2,
    7,
    3,
    9,
    9,
    6
  ],
  "boxes": [
    {
      "char": "千",
      "bbox": {
        "x_min": 0.09375,
        "y_min": 0.537109375,
        "x_max": 0.2109375,
        "y_max": 0.716796875
      }
    },
    {
      "char": "六",
      "bbox": {
        "x_min": 0.759765625,
        "y_min": 0.06640625,
        "x_max": 0.892578125,
        "y_max": 0.216796875
      }
    },
    {
      "char": "四",
      "bbox": {
        "x_min": 0.34765625,
        "y_min": 0.49609375,
        "x_max": 0.5,
        "y_max": 0.6328125
      }
    },
    {
      "char": "亿",
      "bbox": {
        "x_min": 0.251953125,
        "y_min": 0.11328125,
        "x_max": 0.400390625,
        "y_max": 0.23828125
      }
    },
    {
      "char": "六",
      "bbox": {
        "x_min": 0.763671875,
        "y_min": 0.59375,
        "x_max": 0.814453125,
        "y_max": 0.65234375
      }
    },
    {
      "char": "八",
      "bbox": {
        "x_min": 0.357421875,
        "y_min": 0.787109375,
        "x_max": 0.453125,
        "y_max": 0.859375
      }
    },
    {
      "char": "六",
      "bbox": {
        "x_min": 0.44921875,
        "y_min": 0.203125,
        "x_max": 0.630859375,
        "y_max": 0.4375
      }
    }
  ]
}