{
  "image_filename": "00416.png",
  "visualization_filename": "00416_vis.png",
  "mnist_digits": [
    2,
    2,
    1,
    8,
    4,
    4,
    7,
    6,
    7,
    9,
    2,
    8,
    9,
    5,
    7,
    1,
    2,
    3,
    9,
    6
  ],
  "boxes": [
    {
      "char": "三",
      "bbox": {
        "x_min": 0.05859375,
        "y_min": 0.66796875,
        "x_max": 0.107421875,
        "y_max": 0.70703125
      }
    },
    {
      "char": "四",
      "bbox": {
        "x_min": 0.912109375,
        "y_min": 0.453125,
        "x_max": 0.978515625,
        "y_max": 0.53515625
      }
    },
    {
      "char": "千",
      "bbox": {
        "x_min": 0.8984375,
        "y_min": 0.310546875,
        "x_max": 0.9609375,
        "y_max": 0.431640625
      }
    },
    {
      "char": "七",
      "bbox": {
        "x_min": 0.373046875,
        "y_min": 0.771484375,
        "x_max": 0.544921875,
        "y_max": 0.896484375
      }
    },
    {
      "char": "亿",
      "bbox": {
        "x_min": 0.248046875,
        "y_min": 0.513671875,
        "x_max": 0.48046875,
        "y_max": 0.755859375
      }
    },
    {
      "char": "十",
      "bbox": {
        "x_min": 0.13671875,
        "y_min": 0.076171875,
        "x_max": 0.369140625,
        "y_max": 0.439453125
      }
    }
  ]
}