{
  "image_filename": "00415.png",
  "visualization_filename": "00415_vis.png",
  "mnist_digits": [
    0,
    6,
    4,
    9,
    9,
    6,
    7,
    7,
    8,
    8,
    5,
    7,
    8,
    8,
    4,
    8
  ],
  "boxes": [
    {
      "char": "千",
      "bbox": {
        "x_min": 0.015625,
        "y_min": 0.798828125,
        "x_max": 0.09375,
        "y_max": 0.935546875
      }
    },
    {
      "char": "千",
      "bbox": {
        "x_min": 0.126953125,
        "y_min": 0.125,
        "x_max": 0.220703125,
        "y_max": 0.3125
      }
    }
  ]
}