{
  "image_filename": "00410.png",
  "visualization_filename": "00410_vis.png",
  "mnist_digits": [
    7,
    1,
    7,
    0,
    2,
    2,
    3,
    9
  ],
  "boxes": [
    {
      "char": "亿",
      "bbox": {
        "x_min": 0.4921875,
        "y_min": 0.072265625,
        "x_max": 0.6640625,
        "y_max": 0.220703125
      }
    },
    {
      "char": "六",
      "bbox": {
        "x_min": 0.017578125,
        "y_min": 0.666015625,
        "x_max": 0.185546875,
        "y_max": 0.845703125
      }
    },
    {
      "char": "八",
      "bbox": {
        "x_min": 0.771484375,
        "y_min": 0.19921875,
        "x_max": 0.900390625,
        "y_max": 0.357421875
      }
    },
    {
      "char": "二",
      "bbox": {
        "x_min": 0.23828125,
        "y_min": 0.078125,
        "x_max": 0.30859375,
        "y_max": 0.125
      }
    },
    {
      "char": "亿",
      "bbox": {
        "x_min": 0.357421875,
        "y_min": 0.62890625,
        "x_max": 0.509765625,
        "y_max": 0.79296875
      }
    },
    {
      "char": "四",
      "bbox": {
        "x_min": 0.33984375,
        "y_min": 0.3359375,
        "x_max": 0.474609375,
        "y_max": 0.46484375
      }
    },
    {
      "char": "八",
      "bbox": {
        "x_min": 0.666015625,
        "y_min": 0.4921875,
        "x_max": 0.912109375,
        "y_max": 0.57421875
      }
    }
  ]
}