{
  "image_filename": "00411.png",
  "visualization_filename": "00411_vis.png",
  "mnist_digits": [
    3,
    7,
    4,
    1,
    4,
    5,
    3,
    4,
    1,
    4,
    0,
    2,
    2,
    7,
    5,
    0,
    3,
    0,
    9,
    3,
    7,
    4,
    8,
    7
  ],
  "boxes": [
    {
      "char": "百",
      "bbox": {
        "x_min": 0.5703125,
        "y_min": 0.01171875,
        "x_max": 0.6640625,
        "y_max": 0.2109375
      }
    },
    {
      "char": "四",
      "bbox": {
        "x_min": 0.138671875,
        "y_min": 0.62109375,
        "x_max": 0.232421875,
        "y_max": 0.7421875
      }
    },
    {
      "char": "亿",
      "bbox": {
        "x_min": 0.396484375,
        "y_min": 0.703125,
        "x_max": 0.583984375,
        "y_max": 0.8984375
      }
    },
    {
      "char": "亿",
      "bbox": {
        "x_min": 0.009765625,
        "y_min": 0.080078125,
        "x_max": 0.236328125,
        "y_max": 0.291015625
      }
    }
  ]
}