{
  "image_filename": "00423.png",
  "visualization_filename": "00423_vis.png",
  "mnist_digits": [
    6,
    2,
    2,
    6,
    6,
    2
  ],
  "boxes": [
    {
      "char": "六",
      "bbox": {
        "x_min": 0.421875,
        "y_min": 0.771484375,
        "x_max": 0.546875,
        "y_max": 0.919921875
      }
    },
    {
      "char": "亿",
      "bbox": {
        "x_min": 0.626953125,
        "y_min": 0.80078125,
        "x_max": 0.763671875,
        "y_max": 0.9375
      }
    },
    {
      "char": "八",
      "bbox": {
        "x_min": 0.078125,
        "y_min": 0.7109375,
        "x_max": 0.1875,
        "y_max": 0.890625
      }
    },
    {
      "char": "八",
      "bbox": {
        "x_min": 0.1171875,
        "y_min": 0.607421875,
        "x_max": 0.20703125,
        "y_max": 0.697265625
      }
    },
    {
      "char": "五",
      "bbox": {
        "x_min": 0.501953125,
        "y_min": 0.119140625,
        "x_max": 0.619140625,
        "y_max": 0.248046875
      }
    },
    {
      "char": "亿",
      "bbox": {
        "x_min": 0.4296875,
        "y_min": 0.25390625,
        "x_max": 0.708984375,
        "y_max": 0.533203125
      }
    },
    {
      "char": "千",
      "bbox": {
        "x_min": 0.765625,
        "y_min": 0.521484375,
        "x_max": 0.833984375,
        "y_max": 0.634765625
      }
    }
  ]
}