{
  "image_filename": "00424.png",
  "visualization_filename": "00424_vis.png",
  "mnist_digits": [
    2,
    4,
    6,
    2,
    7,
    1,
    3,
    1,
    4,
    0,
    9,
    7,
    8,
    7,
    9,
    5,
    2,
    4,
    0,
    0,
    4
  ],
  "boxes": [
    {
      "char": "四",
      "bbox": {
        "x_min": 0.453125,
        "y_min": 0.296875,
        "x_max": 0.765625,
        "y_max": 0.6015625
      }
    },
    {
      "char": "八",
      "bbox": {
        "x_min": 0.4296875,
        "y_min": 0.759765625,
        "x_max": 0.65625,
        "y_max": 0.884765625
      }
    },
    {
      "char": "二",
      "bbox": {
        "x_min": 0.146484375,
        "y_min": 0.3125,
        "x_max": 0.275390625,
        "y_max": 0.421875
      }
    },
    {
      "char": "十",
      "bbox": {
        "x_min": 0.130859375,
        "y_min": 0.076171875,
        "x_max": 0.208984375,
        "y_max": 0.189453125
      }
    },
    {
      "char": "二",
      "bbox": {
        "x_min": 0.732421875,
        "y_min": 0.666015625,
        "x_max": 0.837890625,
        "y_max": 0.740234375
      }
    }
  ]
}