{
  "image_filename": "00425.png",
  "visualization_filename": "00425_vis.png",
  "mnist_digits": [
    3,
    0,
    9,
    3,
    7,
    6,
    2,
    7,
    7,
    6,
    8,
    3,
    8,
    5,
    3,
    9,
    4,
    8,
    9,
    8,
    9,
    6,
    5
  ],
  "boxes": [
    {
      "char": "二",
      "bbox": {
        "x_min": 0.751953125,
        "y_min": 0.25390625,
        "x_max": 0.904296875,
        "y_max": 0.34765625
      }
    },
    {
      "char": "千",
      "bbox": {
        "x_min": 0.4765625,
        "y_min": 0.39453125,
        "x_max": 0.513671875,
        "y_max": 0.466796875
      }
    },
    {
      "char": "千",
      "bbox": {
        "x_min": 0.755859375,
        "y_min": 0,
        "x_max": 0.837890625,
        "y_max": 0.109375
      }
    },
    {
      "char": "一",
      "bbox": {
        "x_min": 0.734375,
        "y_min": 0.359375,
        "x_max": 0.765625,
        "y_max": 0.365234375
      }
    },
    {
      "char": "万",
      "bbox": {
        "x_min": 0.3125,
        "y_min": 0.06640625,
        "x_max": 0.4765625,
        "y_max": 0.33984375
      }
    },
    {
      "char": "一",
      "bbox": {
        "x_min": 0.5,
        "y_min": 0.6015625,
        "x_max": 0.68359375,
        "y_max": 0.6484375
      }
    }
  ]
}