{
  "image_filename": "00428.png",
  "visualization_filename": "00428_vis.png",
  "mnist_digits": [
    6,
    7,
    6,
    3,
    5,
    3,
    0,
    6,
    0
  ],
  "boxes": [
    {
      "char": "九",
      "bbox": {
        "x_min": 0.263671875,
        "y_min": 0.0546875,
        "x_max": 0.4453125,
        "y_max": 0.32421875
      }
    },
    {
      "char": "千",
      "bbox": {
        "x_min": 0.1171875,
        "y_min": 0.453125,
        "x_max": 0.3671875,
        "y_max": 0.7578125
      }
    },
    {
      "char": "十",
      "bbox": {
        "x_min": 0.72265625,
        "y_min": 0.21875,
        "x_max": 0.92578125,
        "y_max": 0.470703125
      }
    },
    {
      "char": "百",
      "bbox": {
        "x_min": 0.42578125,
        "y_min": 0.6796875,
        "x_max": 0.61328125,
        "y_max": 0.8984375
      }
    }
  ]
}