{
  "image_filename": "00429.png",
  "visualization_filename": "00429_vis.png",
  "mnist_digits": [
    8,
    1,
    7,
    5,
    4,
    7,
    5,
    6
  ],
  "boxes": [
    {
      "char": "十",
      "bbox": {
        "x_min": 0.185546875,
        "y_min": 0.138671875,
        "x_max": 0.216796875,
        "y_max": 0.177734375
      }
    },
    {
      "char": "百",
      "bbox": {
        "x_min": 0.2578125,
        "y_min": 0.029296875,
        "x_max": 0.3515625,
        "y_max": 0.2109375
      }
    }
  ]
}