{
  "image_filename": "00420.png",
  "visualization_filename": "00420_vis.png",
  "mnist_digits": [
    6,
    3,
    9,
    6,
    5,
    0,
    8,
    8,
    9,
    3,
    9,
    1,
    0,
    9,
    9,
    3,
    9,
    9,
    4
  ],
  "boxes": [
    {
      "char": "八",
      "bbox": {
        "x_min": 0.080078125,
        "y_min": 0.474609375,
        "x_max": 0.330078125,
        "y_max": 0.662109375
      }
    },
    {
      "char": "二",
      "bbox": {
        "x_min": 0.416015625,
        "y_min": 0.439453125,
        "x_max": 0.595703125,
        "y_max": 0.63671875
      }
    },
    {
      "char": "千",
      "bbox": {
        "x_min": 0.259765625,
        "y_min": 0.130859375,
        "x_max": 0.392578125,
        "y_max": 0.326171875
      }
    }
  ]
}