{
  "image_filename": "00426.png",
  "visualization_filename": "00426_vis.png",
  "mnist_digits": [
    7,
    2,
    9,
    0,
    7,
    7,
    7,
    1,
    1,
    4,
    3,
    8,
    0,
    0,
    6,
    2,
    6,
    7,
    9,
    8,
    0,
    2
  ],
  "boxes": [
    {
      "char": "千",
      "bbox": {
        "x_min": 0.744140625,
        "y_min": 0.654296875,
        "x_max": 0.923828125,
        "y_max": 0.958984375
      }
    },
    {
      "char": "百",
      "bbox": {
        "x_min": 0.306640625,
        "y_min": 0.294921875,
        "x_max": 0.37890625,
        "y_max": 0.470703125
      }
    },
    {
      "char": "五",
      "bbox": {
        "x_min": 0.6484375,
        "y_min": 0.26171875,
        "x_max": 0.91796875,
        "y_max": 0.58984375
      }
    },
    {
      "char": "零",
      "bbox": {
        "x_min": 0.189453125,
        "y_min": 0.462890625,
        "x_max": 0.283203125,
        "y_max": 0.587890625
      }
    },
    {
      "char": "千",
      "bbox": {
        "x_min": 0.845703125,
        "y_min": 0.56640625,
        "x_max": 0.888671875,
        "y_max": 0.62890625
      }
    }
  ]
}