{
  "image_filename": "00421.png",
  "visualization_filename": "00421_vis.png",
  "mnist_digits": [
    1,
    7,
    1,
    2,
    0,
    2,
    5,
    5,
    7,
    6,
    5
  ],
  "boxes": [
    {
      "char": "零",
      "bbox": {
        "x_min": 0.849609375,
        "y_min": 0.3046875,
        "x_max": 0.927734375,
        "y_max": 0.453125
      }
    },
    {
      "char": "千",
      "bbox": {
        "x_min": 0.5,
        "y_min": 0.0859375,
        "x_max": 0.60546875,
        "y_max": 0.220703125
      }
    },
    {
      "char": "二",
      "bbox": {
        "x_min": 0.7890625,
        "y_min": 0.69140625,
        "x_max": 0.9453125,
        "y_max": 0.90234375
      }
    },
    {
      "char": "十",
      "bbox": {
        "x_min": 0.171875,
        "y_min": 0.255859375,
        "x_max": 0.3125,
        "y_max": 0.42578125
      }
    },
    {
      "char": "七",
      "bbox": {
        "x_min": 0.64453125,
        "y_min": 0.2890625,
        "x_max": 0.810546875,
        "y_max": 0.4921875
      }
    },
    {
      "char": "六",
      "bbox": {
        "x_min": 0.3828125,
        "y_min": 0.431640625,
        "x_max": 0.431640625,
        "y_max": 0.501953125
      }
    },
    {
      "char": "六",
      "bbox": {
        "x_min": 0.39453125,
        "y_min": 0.62109375,
        "x_max": 0.63671875,
        "y_max": 0.89453125
      }
    }
  ]
}