{
  "image_filename": "00430.png",
  "visualization_filename": "00430_vis.png",
  "mnist_digits": [
    1,
    1,
    8,
    8,
    3,
    7,
    2
  ],
  "boxes": [
    {
      "char": "万",
      "bbox": {
        "x_min": 0.720703125,
        "y_min": 0.341796875,
        "x_max": 0.931640625,
        "y_max": 0.638671875
      }
    },
    {
      "char": "八",
      "bbox": {
        "x_min": 0.376953125,
        "y_min": 0.62890625,
        "x_max": 0.61328125,
        "y_max": 0.900390625
      }
    },
    {
      "char": "九",
      "bbox": {
        "x_min": 0.416015625,
        "y_min": 0.072265625,
        "x_max": 0.4765625,
        "y_max": 0.140625
      }
    },
    {
      "char": "五",
      "bbox": {
        "x_min": 0.75,
        "y_min": 0.013671875,
        "x_max": 0.896484375,
        "y_max": 0.18359375
      }
    }
  ]
}