{
  "image_filename": "00432.png",
  "visualization_filename": "00432_vis.png",
  "mnist_digits": [
    5,
    5,
    1,
    2,
    9,
    3,
    6,
    7,
    7,
    2,
    5,
    8,
    3,
    5,
    8,
    7,
    3,
    9,
    1,
    9
  ],
  "boxes": [
    {
      "char": "二",
      "bbox": {
        "x_min": 0.548828125,
        "y_min": 0.654296875,
        "x_max": 0.638671875,
        "y_max": 0.740234375
      }
    },
    {
      "char": "十",
      "bbox": {
        "x_min": 0.083984375,
        "y_min": 0.29296875,
        "x_max": 0.111328125,
        "y_max": 0.3203125
      }
    },
    {
      "char": "一",
      "bbox": {
        "x_min": 0.361328125,
        "y_min": 0.251953125,
        "x_max": 0.548828125,
        "y_max": 0.298828125
      }
    },
    {
      "char": "四",
      "bbox": {
        "x_min": 0.95703125,
        "y_min": 0.599609375,
        "x_max": 0.984375,
        "y_max": 0.630859375
      }
    },
    {
      "char": "亿",
      "bbox": {
        "x_min": 0.921875,
        "y_min": 0.55859375,
        "x_max": 0.951171875,
        "y_max": 0.60546875
      }
    }
  ]
}