{
  "image_filename": "00437.png",
  "visualization_filename": "00437_vis.png",
  "mnist_digits": [
    4,
    6,
    3,
    5,
    8,
    2
  ],
  "boxes": [
    {
      "char": "零",
      "bbox": {
        "x_min": 0.16015625,
        "y_min": 0.103515625,
        "x_max": 0.265625,
        "y_max": 0.326171875
      }
    },
    {
      "char": "零",
      "bbox": {
        "x_min": 0.564453125,
        "y_min": 0.40234375,
        "x_max": 0.900390625,
        "y_max": 0.923828125
      }
    },
    {
      "char": "十",
      "bbox": {
        "x_min": 0.333984375,
        "y_min": 0.720703125,
        "x_max": 0.498046875,
        "y_max": 0.896484375
      }
    },
    {
      "char": "亿",
      "bbox": {
        "x_min": 0.548828125,
        "y_min": 0.0625,
        "x_max": 0.666015625,
        "y_max": 0.21484375
      }
    }
  ]
}