{
  "image_filename": "00433.png",
  "visualization_filename": "00433_vis.png",
  "mnist_digits": [
    0,
    8,
    1,
    2,
    6,
    5,
    7,
    6,
    7,
    9,
    1,
    0,
    6,
    0,
    7,
    4,
    4,
    9,
    4,
    7,
    6,
    9,
    7,
    1
  ],
  "boxes": [
    {
      "char": "三",
      "bbox": {
        "x_min": 0.40234375,
        "y_min": 0.439453125,
        "x_max": 0.75390625,
        "y_max": 0.728515625
      }
    },
    {
      "char": "亿",
      "bbox": {
        "x_min": 0.40625,
        "y_min": 0.94921875,
        "x_max": 0.447265625,
        "y_max": 0.994140625
      }
    },
    {
      "char": "千",
      "bbox": {
        "x_min": 0.810546875,
        "y_min": 0.6640625,
        "x_max": 0.931640625,
        "y_max": 0.80078125
      }
    },
    {
      "char": "五",
      "bbox": {
        "x_min": 0.85546875,
        "y_min": 0.837890625,
        "x_max": 0.89453125,
        "y_max": 0.87890625
      }
    },
    {
      "char": "九",
      "bbox": {
        "x_min": 0.26171875,
        "y_min": 0.36328125,
        "x_max": 0.390625,
        "y_max": 0.4921875
      }
    },
    {
      "char": "三",
      "bbox": {
        "x_min": 0.048828125,
        "y_min": 0.2265625,
        "x_max": 0.177734375,
        "y_max": 0.35546875
      }
    }
  ]
}