{
  "image_filename": "00438.png",
  "visualization_filename": "00438_vis.png",
  "mnist_digits": [
    5,
    0,
    8,
    8,
    6,
    3,
    9,
    0,
    7,
    1,
    6,
    2,
    8,
    2,
    2,
    9,
    8,
    6,
    2
  ],
  "boxes": [
    {
      "char": "千",
      "bbox": {
        "x_min": 0.345703125,
        "y_min": 0.46875,
        "x_max": 0.546875,
        "y_max": 0.83984375
      }
    },
    {
      "char": "三",
      "bbox": {
        "x_min": 0.6953125,
        "y_min": 0.021484375,
        "x_max": 0.919921875,
        "y_max": 0.197265625
      }
    }
  ]
}