{
  "image_filename": "00436.png",
  "visualization_filename": "00436_vis.png",
  "mnist_digits": [
    6,
    2,
    9,
    3,
    8,
    2,
    5,
    2,
    5,
    4,
    5,
    3
  ],
  "boxes": [
    {
      "char": "六",
      "bbox": {
        "x_min": 0.228515625,
        "y_min": 0.013671875,
        "x_max": 0.353515625,
        "y_max": 0.193359375
      }
    },
    {
      "char": "五",
      "bbox": {
        "x_min": 0.275390625,
        "y_min": 0.703125,
        "x_max": 0.603515625,
        "y_max": 0.9921875
      }
    }
  ]
}