{
  "image_filename": "00439.png",
  "visualization_filename": "00439_vis.png",
  "mnist_digits": [
    3,
    3,
    0,
    0,
    9,
    7,
    8,
    0
  ],
  "boxes": [
    {
      "char": "一",
      "bbox": {
        "x_min": 0.189453125,
        "y_min": 0.599609375,
        "x_max": 0.251953125,
        "y_max": 0.623046875
      }
    },
    {
      "char": "千",
      "bbox": {
        "x_min": 0.396484375,
        "y_min": 0.134765625,
        "x_max": 0.78515625,
        "y_max": 0.767578125
      }
    },
    {
      "char": "七",
      "bbox": {
        "x_min": 0.265625,
        "y_min": 0.59765625,
        "x_max": 0.45703125,
        "y_max": 0.798828125
      }
    },
    {
      "char": "七",
      "bbox": {
        "x_min": 0.634765625,
        "y_min": 0.552734375,
        "x_max": 0.759765625,
        "y_max": 0.701171875
      }
    },
    {
      "char": "一",
      "bbox": {
        "x_min": 0.82421875,
        "y_min": 0.240234375,
        "x_max": 0.84375,
        "y_max": 0.24609375
      }
    },
    {
      "char": "六",
      "bbox": {
        "x_min": 0.900390625,
        "y_min": 0.73046875,
        "x_max": 0.955078125,
        "y_max": 0.796875
      }
    }
  ]
}