{
  "image_filename": "00449.png",
  "visualization_filename": "00449_vis.png",
  "mnist_digits": [
    4,
    4,
    0,
    1,
    1,
    4,
    1,
    1,
    0,
    8,
    7,
    6,
    9,
    8,
    5,
    7
  ],
  "boxes": [
    {
      "char": "百",
      "bbox": {
        "x_min": 0.4921875,
        "y_min": 0.25,
        "x_max": 0.5234375,
        "y_max": 0.294921875
      }
    },
    {
      "char": "零",
      "bbox": {
        "x_min": 0.796875,
        "y_min": 0.412109375,
        "x_max": 0.828125,
        "y_max": 0.486328125
      }
    }
  ]
}