{
  "image_filename": "00442.png",
  "visualization_filename": "00442_vis.png",
  "mnist_digits": [
    0,
    1,
    9,
    8,
    7,
    1,
    0,
    5,
    7,
    8,
    0,
    7,
    4,
    1,
    4,
    3,
    4,
    7,
    3,
    9,
    4,
    3,
    1,
    3,
    0,
    5
  ],
  "boxes": [
    {
      "char": "九",
      "bbox": {
        "x_min": 0.03125,
        "y_min": 0.87890625,
        "x_max": 0.142578125,
        "y_max": 0.990234375
      }
    },
    {
      "char": "亿",
      "bbox": {
        "x_min": 0.541015625,
        "y_min": 0.208984375,
        "x_max": 0.783203125,
        "y_max": 0.568359375
      }
    },
    {
      "char": "八",
      "bbox": {
        "x_min": 0.3671875,
        "y_min": 0.681640625,
        "x_max": 0.484375,
        "y_max": 0.806640625
      }
    },
    {
      "char": "九",
      "bbox": {
        "x_min": 0.376953125,
        "y_min": 0.90625,
        "x_max": 0.44921875,
        "y_max": 0.98046875
      }
    },
    {
      "char": "百",
      "bbox": {
        "x_min": 0.267578125,
        "y_min": 0.25,
        "x_max": 0.39453125,
        "y_max": 0.505859375
      }
    },
    {
      "char": "四",
      "bbox": {
        "x_min": 0.525390625,
        "y_min": 0.0625,
        "x_max": 0.64453125,
        "y_max": 0.185546875
      }
    },
    {
      "char": "百",
      "bbox": {
        "x_min": 0.53515625,
        "y_min": 0.630859375,
        "x_max": 0.6171875,
        "y_max": 0.76953125
      }
    }
  ]
}