{
  "image_filename": "00443.png",
  "visualization_filename": "00443_vis.png",
  "mnist_digits": [
    3,
    2,
    8,
    0,
    0,
    9,
    1,
    2,
    9,
    7,
    3,
    3,
    5,
    8,
    8,
    9,
    2
  ],
  "boxes": [
    {
      "char": "四",
      "bbox": {
        "x_min": 0.669921875,
        "y_min": 0.5078125,
        "x_max": 0.81640625,
        "y_max": 0.6953125
      }
    },
    {
      "char": "五",
      "bbox": {
        "x_min": 0.001953125,
        "y_min": 0.009765625,
        "x_max": 0.423828125,
        "y_max": 0.37890625
      }
    },
    {
      "char": "十",
      "bbox": {
        "x_min": 0.83203125,
        "y_min": 0.724609375,
        "x_max": 0.94921875,
        "y_max": 0.927734375
      }
    },
    {
      "char": "万",
      "bbox": {
        "x_min": 0.37890625,
        "y_min": 0.8203125,
        "x_max": 0.47265625,
        "y_max": 0.99609375
      }
    },
    {
      "char": "百",
      "bbox": {
        "x_min": 0.900390625,
        "y_min": 0.35546875,
        "x_max": 0.982421875,
        "y_max": 0.49609375
      }
    }
  ]
}