{
  "image_filename": "00447.png",
  "visualization_filename": "00447_vis.png",
  "mnist_digits": [
    2,
    8,
    1,
    2,
    3,
    6,
    5,
    1,
    1,
    9
  ],
  "boxes": [
    {
      "char": "百",
      "bbox": {
        "x_min": 0.720703125,
        "y_min": 0.173828125,
        "x_max": 0.822265625,
        "y_max": 0.298828125
      }
    },
    {
      "char": "五",
      "bbox": {
        "x_min": 0.685546875,
        "y_min": 0.5078125,
        "x_max": 0.873046875,
        "y_max": 0.6875
      }
    },
    {
      "char": "万",
      "bbox": {
        "x_min": 0.951171875,
        "y_min": 0.75,
        "x_max": 0.986328125,
        "y_max": 0.810546875
      }
    },
    {
      "char": "二",
      "bbox": {
        "x_min": 0.51171875,
        "y_min": 0.25390625,
        "x_max": 0.556640625,
        "y_max": 0.287109375
      }
    },
    {
      "char": "四",
      "bbox": {
        "x_min": 0.880859375,
        "y_min": 0.443359375,
        "x_max": 0.91015625,
        "y_max": 0.484375
      }
    },
    {
      "char": "零",
      "bbox": {
        "x_min": 0.451171875,
        "y_min": 0.3125,
        "x_max": 0.638671875,
        "y_max": 0.5625
      }
    },
    {
      "char": "一",
      "bbox": {
        "x_min": 0.115234375,
        "y_min": 0.041015625,
        "x_max": 0.224609375,
        "y_max": 0.080078125
      }
    },
    {
      "char": "十",
      "bbox": {
        "x_min": 0.806640625,
        "y_min": 0.05859375,
        "x_max": 0.923828125,
        "y_max": 0.263671875
      }
    },
    {
      "char": "一",
      "bbox": {
        "x_min": 0.2109375,
        "y_min": 0.46875,
        "x_max": 0.419921875,
        "y_max": 0.564453125
      }
    }
  ]
}