{
  "image_filename": "00446.png",
  "visualization_filename": "00446_vis.png",
  "mnist_digits": [
    5,
    0,
    4,
    8,
    2,
    8,
    0,
    3,
    5,
    0,
    6,
    0,
    1,
    5
  ],
  "boxes": [
    {
      "char": "五",
      "bbox": {
        "x_min": 0.357421875,
        "y_min": 0.63671875,
        "x_max": 0.501953125,
        "y_max": 0.8203125
      }
    },
    {
      "char": "亿",
      "bbox": {
        "x_min": 0.140625,
        "y_min": 0.16015625,
        "x_max": 0.296875,
        "y_max": 0.32421875
      }
    },
    {
      "char": "一",
      "bbox": {
        "x_min": 0.078125,
        "y_min": 0.90234375,
        "x_max": 0.412109375,
        "y_max": 1
      }
    },
    {
      "char": "一",
      "bbox": {
        "x_min": 0.8828125,
        "y_min": 0.181640625,
        "x_max": 0.9375,
        "y_max": 0.19140625
      }
    },
    {
      "char": "九",
      "bbox": {
        "x_min": 0.041015625,
        "y_min": 0.08203125,
        "x_max": 0.087890625,
        "y_max": 0.140625
      }
    },
    {
      "char": "六",
      "bbox": {
        "x_min": 0.326171875,
        "y_min": 0.251953125,
        "x_max": 0.501953125,
        "y_max": 0.486328125
      }
    },
    {
      "char": "九",
      "bbox": {
        "x_min": 0.27734375,
        "y_min": 0.513671875,
        "x_max": 0.376953125,
        "y_max": 0.595703125
      }
    },
    {
      "char": "万",
      "bbox": {
        "x_min": 0.240234375,
        "y_min": 0.369140625,
        "x_max": 0.28515625,
        "y_max": 0.419921875
      }
    }
  ]
}