{
  "image_filename": "00440.png",
  "visualization_filename": "00440_vis.png",
  "mnist_digits": [
    6,
    7,
    1,
    8,
    7,
    7,
    1,
    0,
    1,
    6,
    7,
    5,
    3,
    2
  ],
  "boxes": [
    {
      "char": "万",
      "bbox": {
        "x_min": 0.740234375,
        "y_min": 0.05859375,
        "x_max": 0.92578125,
        "y_max": 0.31640625
      }
    },
    {
      "char": "千",
      "bbox": {
        "x_min": 0.404296875,
        "y_min": 0.578125,
        "x_max": 0.607421875,
        "y_max": 0.947265625
      }
    }
  ]
}