{
  "image_filename": "00444.png",
  "visualization_filename": "00444_vis.png",
  "mnist_digits": [
    6,
    4,
    3,
    6,
    4,
    2,
    4,
    6,
    5,
    5,
    5,
    5,
    3,
    9,
    1,
    4,
    4,
    9,
    9,
    2
  ],
  "boxes": [
    {
      "char": "三",
      "bbox": {
        "x_min": 0.85546875,
        "y_min": 0.5234375,
        "x_max": 0.96484375,
        "y_max": 0.6953125
      }
    },
    {
      "char": "六",
      "bbox": {
        "x_min": 0.3984375,
        "y_min": 0.52734375,
        "x_max": 0.56640625,
        "y_max": 0.67578125
      }
    },
    {
      "char": "九",
      "bbox": {
        "x_min": 0.07421875,
        "y_min": 0.064453125,
        "x_max": 0.33203125,
        "y_max": 0.376953125
      }
    }
  ]
}