{
  "image_filename": "00457.png",
  "visualization_filename": "00457_vis.png",
  "mnist_digits": [
    3,
    4,
    4,
    7,
    3,
    0,
    3,
    3,
    2,
    8,
    6,
    9,
    4,
    5,
    1
  ],
  "boxes": [
    {
      "char": "万",
      "bbox": {
        "x_min": 0.5546875,
        "y_min": 0.53125,
        "x_max": 0.6484375,
        "y_max": 0.68359375
      }
    },
    {
      "char": "零",
      "bbox": {
        "x_min": 0.8359375,
        "y_min": 0.5078125,
        "x_max": 0.96875,
        "y_max": 0.734375
      }
    },
    {
      "char": "十",
      "bbox": {
        "x_min": 0.533203125,
        "y_min": 0.37890625,
        "x_max": 0.57421875,
        "y_max": 0.439453125
      }
    },
    {
      "char": "六",
      "bbox": {
        "x_min": 0.107421875,
        "y_min": 0.248046875,
        "x_max": 0.46875,
        "y_max": 0.71484375
      }
    },
    {
      "char": "四",
      "bbox": {
        "x_min": 0.462890625,
        "y_min": 0.302734375,
        "x_max": 0.509765625,
        "y_max": 0.353515625
      }
    },
    {
      "char": "八",
      "bbox": {
        "x_min": 0.228515625,
        "y_min": 0.072265625,
        "x_max": 0.41015625,
        "y_max": 0.20703125
      }
    },
    {
      "char": "零",
      "bbox": {
        "x_min": 0.126953125,
        "y_min": 0.580078125,
        "x_max": 0.220703125,
        "y_max": 0.7734375
      }
    }
  ]
}