{
  "image_filename": "00455.png",
  "visualization_filename": "00455_vis.png",
  "mnist_digits": [
    6,
    6,
    4,
    6,
    1,
    1,
    8,
    6,
    9
  ],
  "boxes": [
    {
      "char": "千",
      "bbox": {
        "x_min": 0.197265625,
        "y_min": 0.09765625,
        "x_max": 0.3046875,
        "y_max": 0.28125
      }
    },
    {
      "char": "二",
      "bbox": {
        "x_min": 0.390625,
        "y_min": 0.724609375,
        "x_max": 0.6015625,
        "y_max": 0.8125
      }
    },
    {
      "char": "五",
      "bbox": {
        "x_min": 0.646484375,
        "y_min": 0.404296875,
        "x_max": 0.9453125,
        "y_max": 0.7734375
      }
    },
    {
      "char": "亿",
      "bbox": {
        "x_min": 0.31640625,
        "y_min": 0.185546875,
        "x_max": 0.41015625,
        "y_max": 0.259765625
      }
    },
    {
      "char": "零",
      "bbox": {
        "x_min": 0.07421875,
        "y_min": 0.24609375,
        "x_max": 0.107421875,
        "y_max": 0.30859375
      }
    },
    {
      "char": "百",
      "bbox": {
        "x_min": 0.896484375,
        "y_min": 0.6328125,
        "x_max": 0.98828125,
        "y_max": 0.810546875
      }
    },
    {
      "char": "五",
      "bbox": {
        "x_min": 0.31640625,
        "y_min": 0.318359375,
        "x_max": 0.47265625,
        "y_max": 0.529296875
      }
    }
  ]
}