{
  "image_filename": "00456.png",
  "visualization_filename": "00456_vis.png",
  "mnist_digits": [
    2,
    3,
    8,
    0,
    5,
    1,
    6,
    6,
    8,
    4,
    8,
    2,
    9,
    2,
    4,
    3,
    1,
    3,
    1,
    0
  ],
  "boxes": [
    {
      "char": "七",
      "bbox": {
        "x_min": 0.4296875,
        "y_min": 0.666015625,
        "x_max": 0.685546875,
        "y_max": 0.857421875
      }
    },
    {
      "char": "一",
      "bbox": {
        "x_min": 0.6015625,
        "y_min": 0.3359375,
        "x_max": 0.8359375,
        "y_max": 0.390625
      }
    },
    {
      "char": "五",
      "bbox": {
        "x_min": 0.556640625,
        "y_min": 0.53515625,
        "x_max": 0.60546875,
        "y_max": 0.603515625
      }
    },
    {
      "char": "三",
      "bbox": {
        "x_min": 0.462890625,
        "y_min": 0.310546875,
        "x_max": 0.556640625,
        "y_max": 0.419921875
      }
    }
  ]
}