{
  "image_filename": "00452.png",
  "visualization_filename": "00452_vis.png",
  "mnist_digits": [
    2,
    4,
    7,
    7,
    7,
    5,
    2,
    2,
    6,
    4,
    0,
    3,
    4,
    3,
    8,
    1,
    1,
    4
  ],
  "boxes": [
    {
      "char": "六",
      "bbox": {
        "x_min": 0.1328125,
        "y_min": 0.435546875,
        "x_max": 0.30078125,
        "y_max": 0.61328125
      }
    },
    {
      "char": "万",
      "bbox": {
        "x_min": 0.857421875,
        "y_min": 0.54296875,
        "x_max": 0.955078125,
        "y_max": 0.63671875
      }
    },
    {
      "char": "三",
      "bbox": {
        "x_min": 0.205078125,
        "y_min": 0.65234375,
        "x_max": 0.232421875,
        "y_max": 0.68359375
      }
    },
    {
      "char": "十",
      "bbox": {
        "x_min": 0.611328125,
        "y_min": 0.837890625,
        "x_max": 0.701171875,
        "y_max": 0.986328125
      }
    },
    {
      "char": "九",
      "bbox": {
        "x_min": 0.328125,
        "y_min": 0.251953125,
        "x_max": 0.853515625,
        "y_max": 0.80078125
      }
    }
  ]
}