{
  "image_filename": "00451.png",
  "visualization_filename": "00451_vis.png",
  "mnist_digits": [
    1,
    2,
    6,
    4,
    0,
    0,
    3,
    2,
    9,
    8,
    1,
    7,
    2,
    4,
    8,
    1,
    0,
    5,
    0,
    4,
    6,
    5,
    0,
    3,
    0
  ],
  "boxes": [
    {
      "char": "万",
      "bbox": {
        "x_min": 0.74609375,
        "y_min": 0.234375,
        "x_max": 0.79296875,
        "y_max": 0.296875
      }
    },
    {
      "char": "零",
      "bbox": {
        "x_min": 0.189453125,
        "y_min": 0.630859375,
        "x_max": 0.4140625,
        "y_max": 0.8359375
      }
    },
    {
      "char": "亿",
      "bbox": {
        "x_min": 0.56640625,
        "y_min": 0.537109375,
        "x_max": 0.927734375,
        "y_max": 0.96875
      }
    },
    {
      "char": "万",
      "bbox": {
        "x_min": 0.138671875,
        "y_min": 0.8125,
        "x_max": 0.16796875,
        "y_max": 0.865234375
      }
    }
  ]
}