{
  "image_filename": "00454.png",
  "visualization_filename": "00454_vis.png",
  "mnist_digits": [
    5,
    7,
    1,
    5,
    7,
    4,
    8,
    3,
    5,
    1,
    3,
    5,
    2,
    1,
    0,
    9,
    2
  ],
  "boxes": [
    {
      "char": "千",
      "bbox": {
        "x_min": 0.1015625,
        "y_min": 0.169921875,
        "x_max": 0.16015625,
        "y_max": 0.310546875
      }
    },
    {
      "char": "九",
      "bbox": {
        "x_min": 0.21484375,
        "y_min": 0.818359375,
        "x_max": 0.30859375,
        "y_max": 0.939453125
      }
    },
    {
      "char": "百",
      "bbox": {
        "x_min": 0.845703125,
        "y_min": 0.5078125,
        "x_max": 0.955078125,
        "y_max": 0.609375
      }
    },
    {
      "char": "一",
      "bbox": {
        "x_min": 0.3984375,
        "y_min": 0.56640625,
        "x_max": 0.515625,
        "y_max": 0.63671875
      }
    },
    {
      "char": "八",
      "bbox": {
        "x_min": 0.66015625,
        "y_min": 0.056640625,
        "x_max": 0.77734375,
        "y_max": 0.208984375
      }
    },
    {
      "char": "一",
      "bbox": {
        "x_min": 0.5234375,
        "y_min": 0.22265625,
        "x_max": 0.822265625,
        "y_max": 0.501953125
      }
    }
  ]
}