{
  "image_filename": "00453.png",
  "visualization_filename": "00453_vis.png",
  "mnist_digits": [
    3,
    3,
    0,
    9,
    3,
    6,
    8,
    2,
    0,
    6,
    7,
    5,
    5,
    1,
    6,
    3,
    7,
    9,
    7,
    1,
    5,
    3,
    6,
    7,
    9,
    1,
    6,
    8
  ],
  "boxes": [
    {
      "char": "九",
      "bbox": {
        "x_min": 0.515625,
        "y_min": 0.431640625,
        "x_max": 0.6796875,
        "y_max": 0.595703125
      }
    },
    {
      "char": "千",
      "bbox": {
        "x_min": 0.384765625,
        "y_min": 0.6640625,
        "x_max": 0.470703125,
        "y_max": 0.79296875
      }
    },
    {
      "char": "二",
      "bbox": {
        "x_min": 0.6953125,
        "y_min": 0.37890625,
        "x_max": 0.9375,
        "y_max": 0.54296875
      }
    },
    {
      "char": "亿",
      "bbox": {
        "x_min": 0.5625,
        "y_min": 0.662109375,
        "x_max": 0.71875,
        "y_max": 0.837890625
      }
    },
    {
      "char": "五",
      "bbox": {
        "x_min": 0.1015625,
        "y_min": 0,
        "x_max": 0.541015625,
        "y_max": 0.310546875
      }
    }
  ]
}