{
  "image_filename": "00459.png",
  "visualization_filename": "00459_vis.png",
  "mnist_digits": [
    6,
    9,
    8,
    3,
    3,
    2,
    6,
    7,
    9,
    5,
    1,
    1,
    1,
    3,
    6,
    6,
    6,
    1,
    7,
    0,
    6,
    1,
    5,
    0,
    7,
    1,
    2,
    8
  ],
  "boxes": [
    {
      "char": "八",
      "bbox": {
        "x_min": 0.591796875,
        "y_min": 0.111328125,
        "x_max": 0.8671875,
        "y_max": 0.333984375
      }
    },
    {
      "char": "四",
      "bbox": {
        "x_min": 0.4375,
        "y_min": 0.759765625,
        "x_max": 0.53515625,
        "y_max": 0.845703125
      }
    }
  ]
}