{
  "image_filename": "00461.png",
  "visualization_filename": "00461_vis.png",
  "mnist_digits": [
    5,
    2,
    7,
    5,
    2,
    7,
    4,
    9,
    0,
    4,
    1,
    6,
    2,
    9,
    6,
    4,
    6,
    6,
    8,
    6,
    6,
    1,
    5,
    6,
    0,
    6,
    1,
    9
  ],
  "boxes": [
    {
      "char": "零",
      "bbox": {
        "x_min": 0.171875,
        "y_min": 0.3359375,
        "x_max": 0.296875,
        "y_max": 0.53515625
      }
    },
    {
      "char": "百",
      "bbox": {
        "x_min": 0.775390625,
        "y_min": 0.271484375,
        "x_max": 0.900390625,
        "y_max": 0.521484375
      }
    },
    {
      "char": "六",
      "bbox": {
        "x_min": 0.150390625,
        "y_min": 0.18359375,
        "x_max": 0.291015625,
        "y_max": 0.3125
      }
    },
    {
      "char": "四",
      "bbox": {
        "x_min": 0.11328125,
        "y_min": 0.06640625,
        "x_max": 0.248046875,
        "y_max": 0.177734375
      }
    },
    {
      "char": "亿",
      "bbox": {
        "x_min": 0.2890625,
        "y_min": 0.744140625,
        "x_max": 0.46484375,
        "y_max": 0.908203125
      }
    }
  ]
}