{
  "image_filename": "00469.png",
  "visualization_filename": "00469_vis.png",
  "mnist_digits": [
    9,
    9,
    5,
    1,
    7,
    4,
    1,
    4,
    9,
    9,
    3,
    7,
    5,
    9
  ],
  "boxes": [
    {
      "char": "六",
      "bbox": {
        "x_min": 0.51171875,
        "y_min": 0.716796875,
        "x_max": 0.69140625,
        "y_max": 0.951171875
      }
    },
    {
      "char": "零",
      "bbox": {
        "x_min": 0.03125,
        "y_min": 0.1484375,
        "x_max": 0.17578125,
        "y_max": 0.373046875
      }
    },
    {
      "char": "三",
      "bbox": {
        "x_min": 0.56640625,
        "y_min": 0.123046875,
        "x_max": 0.9921875,
        "y_max": 0.46875
      }
    }
  ]
}