{
  "image_filename": "00467.png",
  "visualization_filename": "00467_vis.png",
  "mnist_digits": [
    3,
    4,
    3,
    9,
    0,
    3,
    5,
    5,
    4,
    9,
    1,
    6,
    8,
    3,
    7,
    1,
    7,
    1,
    7,
    9,
    3,
    4,
    5,
    0,
    3
  ],
  "boxes": [
    {
      "char": "百",
      "bbox": {
        "x_min": 0.76953125,
        "y_min": 0.611328125,
        "x_max": 0.83203125,
        "y_max": 0.701171875
      }
    },
    {
      "char": "五",
      "bbox": {
        "x_min": 0.115234375,
        "y_min": 0.4140625,
        "x_max": 0.15625,
        "y_max": 0.474609375
      }
    },
    {
      "char": "五",
      "bbox": {
        "x_min": 0.826171875,
        "y_min": 0.087890625,
        "x_max": 0.990234375,
        "y_max": 0.287109375
      }
    },
    {
      "char": "万",
      "bbox": {
        "x_min": 0.2265625,
        "y_min": 0.564453125,
        "x_max": 0.28125,
        "y_max": 0.640625
      }
    },
    {
      "char": "万",
      "bbox": {
        "x_min": 0.2890625,
        "y_min": 0.4609375,
        "x_max": 0.322265625,
        "y_max": 0.517578125
      }
    },
    {
      "char": "零",
      "bbox": {
        "x_min": 0.611328125,
        "y_min": 0.4765625,
        "x_max": 0.671875,
        "y_max": 0.5703125
      }
    },
    {
      "char": "七",
      "bbox": {
        "x_min": 0.27734375,
        "y_min": 0.302734375,
        "x_max": 0.37109375,
        "y_max": 0.380859375
      }
    }
  ]
}