{
  "image_filename": "00468.png",
  "visualization_filename": "00468_vis.png",
  "mnist_digits": [
    3,
    6,
    1,
    0,
    8,
    0,
    0,
    4,
    4,
    7,
    3,
    6,
    0,
    8,
    7,
    3,
    1
  ],
  "boxes": [
    {
      "char": "三",
      "bbox": {
        "x_min": 0.138671875,
        "y_min": 0.208984375,
        "x_max": 0.435546875,
        "y_max": 0.490234375
      }
    },
    {
      "char": "九",
      "bbox": {
        "x_min": 0.697265625,
        "y_min": 0.515625,
        "x_max": 0.791015625,
        "y_max": 0.62109375
      }
    },
    {
      "char": "六",
      "bbox": {
        "x_min": 0.73046875,
        "y_min": 0.3203125,
        "x_max": 0.87109375,
        "y_max": 0.47265625
      }
    },
    {
      "char": "亿",
      "bbox": {
        "x_min": 0.611328125,
        "y_min": 0.396484375,
        "x_max": 0.642578125,
        "y_max": 0.427734375
      }
    },
    {
      "char": "六",
      "bbox": {
        "x_min": 0.171875,
        "y_min": 0.810546875,
        "x_max": 0.220703125,
        "y_max": 0.8671875
      }
    }
  ]
}