{
  "image_filename": "00464.png",
  "visualization_filename": "00464_vis.png",
  "mnist_digits": [
    9,
    6,
    1,
    7,
    1,
    0,
    7,
    1,
    5,
    8,
    1,
    9,
    4,
    0,
    9,
    3,
    3,
    2,
    3,
    5,
    0,
    5,
    9,
    1,
    4,
    9,
    5,
    3,
    4
  ],
  "boxes": [
    {
      "char": "百",
      "bbox": {
        "x_min": 0.7421875,
        "y_min": 0.330078125,
        "x_max": 0.7734375,
        "y_max": 0.376953125
      }
    },
    {
      "char": "六",
      "bbox": {
        "x_min": 0.43359375,
        "y_min": 0.34375,
        "x_max": 0.609375,
        "y_max": 0.595703125
      }
    },
    {
      "char": "亿",
      "bbox": {
        "x_min": 0.056640625,
        "y_min": 0.490234375,
        "x_max": 0.298828125,
        "y_max": 0.724609375
      }
    },
    {
      "char": "一",
      "bbox": {
        "x_min": 0.5078125,
        "y_min": 0.947265625,
        "x_max": 0.5546875,
        "y_max": 0.966796875
      }
    }
  ]
}