{
  "image_filename": "00465.png",
  "visualization_filename": "00465_vis.png",
  "mnist_digits": [
    0,
    3,
    8,
    4,
    1,
    1,
    2,
    1,
    8,
    1,
    6,
    1,
    6,
    3,
    9,
    8,
    4,
    1,
    9,
    3,
    7,
    8,
    3,
    3
  ],
  "boxes": [
    {
      "char": "十",
      "bbox": {
        "x_min": 0.23046875,
        "y_min": 0.12890625,
        "x_max": 0.45703125,
        "y_max": 0.42578125
      }
    },
    {
      "char": "万",
      "bbox": {
        "x_min": 0.396484375,
        "y_min": 0.701171875,
        "x_max": 0.478515625,
        "y_max": 0.798828125
      }
    },
    {
      "char": "百",
      "bbox": {
        "x_min": 0.748046875,
        "y_min": 0.576171875,
        "x_max": 0.87109375,
        "y_max": 0.7578125
      }
    },
    {
      "char": "十",
      "bbox": {
        "x_min": 0.00390625,
        "y_min": 0.39453125,
        "x_max": 0.16015625,
        "y_max": 0.64453125
      }
    }
  ]
}