{
  "image_filename": "00463.png",
  "visualization_filename": "00463_vis.png",
  "mnist_digits": [
    5,
    9,
    8,
    9,
    6,
    2,
    7,
    4,
    9,
    9,
    8,
    4,
    7,
    9,
    0,
    6,
    8,
    0,
    0,
    3,
    7,
    0,
    9,
    4,
    0,
    6,
    9,
    0,
    7,
    2,
    8,
    7
  ],
  "boxes": [
    {
      "char": "七",
      "bbox": {
        "x_min": 0.517578125,
        "y_min": 0.513671875,
        "x_max": 0.6171875,
        "y_max": 0.623046875
      }
    },
    {
      "char": "百",
      "bbox": {
        "x_min": 0.732421875,
        "y_min": 0.39453125,
        "x_max": 0.826171875,
        "y_max": 0.578125
      }
    },
    {
      "char": "亿",
      "bbox": {
        "x_min": 0.638671875,
        "y_min": 0.623046875,
        "x_max": 0.7734375,
        "y_max": 0.8046875
      }
    },
    {
      "char": "一",
      "bbox": {
        "x_min": 0.890625,
        "y_min": 0.822265625,
        "x_max": 0.9609375,
        "y_max": 0.845703125
      }
    },
    {
      "char": "四",
      "bbox": {
        "x_min": 0.724609375,
        "y_min": 0.103515625,
        "x_max": 0.876953125,
        "y_max": 0.28515625
      }
    }
  ]
}