{
  "image_filename": "00473.png",
  "visualization_filename": "00473_vis.png",
  "mnist_digits": [
    3,
    8,
    0,
    9,
    3,
    3,
    8
  ],
  "boxes": [
    {
      "char": "一",
      "bbox": {
        "x_min": 0.65625,
        "y_min": 0.8046875,
        "x_max": 0.904296875,
        "y_max": 0.935546875
      }
    },
    {
      "char": "百",
      "bbox": {
        "x_min": 0.365234375,
        "y_min": 0.0390625,
        "x_max": 0.505859375,
        "y_max": 0.220703125
      }
    },
    {
      "char": "六",
      "bbox": {
        "x_min": 0.630859375,
        "y_min": 0.671875,
        "x_max": 0.67578125,
        "y_max": 0.732421875
      }
    },
    {
      "char": "六",
      "bbox": {
        "x_min": 0.197265625,
        "y_min": 0.412109375,
        "x_max": 0.615234375,
        "y_max": 0.935546875
      }
    },
    {
      "char": "亿",
      "bbox": {
        "x_min": 0.724609375,
        "y_min": 0.64453125,
        "x_max": 0.912109375,
        "y_max": 0.791015625
      }
    }
  ]
}