{
  "image_filename": "00470.png",
  "visualization_filename": "00470_vis.png",
  "mnist_digits": [
    7,
    3,
    9,
    9,
    3,
    6,
    2,
    8
  ],
  "boxes": [
    {
      "char": "五",
      "bbox": {
        "x_min": 0.455078125,
        "y_min": 0.3671875,
        "x_max": 0.51953125,
        "y_max": 0.44921875
      }
    },
    {
      "char": "三",
      "bbox": {
        "x_min": 0.48046875,
        "y_min": 0.064453125,
        "x_max": 0.73828125,
        "y_max": 0.314453125
      }
    },
    {
      "char": "亿",
      "bbox": {
        "x_min": 0.017578125,
        "y_min": 0.3984375,
        "x_max": 0.115234375,
        "y_max": 0.51171875
      }
    },
    {
      "char": "七",
      "bbox": {
        "x_min": 0.767578125,
        "y_min": 0.255859375,
        "x_max": 1,
        "y_max": 0.4140625
      }
    },
    {
      "char": "百",
      "bbox": {
        "x_min": 0.474609375,
        "y_min": 0.515625,
        "x_max": 0.568359375,
        "y_max": 0.638671875
      }
    }
  ]
}