{
  "image_filename": "00471.png",
  "visualization_filename": "00471_vis.png",
  "mnist_digits": [
    0,
    8,
    9,
    2,
    0,
    7,
    0,
    5,
    1,
    4,
    6,
    1,
    0,
    4,
    7,
    9,
    1,
    9,
    5
  ],
  "boxes": [
    {
      "char": "七",
      "bbox": {
        "x_min": 0.205078125,
        "y_min": 0.912109375,
        "x_max": 0.234375,
        "y_max": 0.95703125
      }
    },
    {
      "char": "零",
      "bbox": {
        "x_min": 0.521484375,
        "y_min": 0.375,
        "x_max": 0.650390625,
        "y_max": 0.59765625
      }
    }
  ]
}