{
  "image_filename": "00474.png",
  "visualization_filename": "00474_vis.png",
  "mnist_digits": [
    2,
    8,
    1,
    1,
    4,
    6,
    8,
    4,
    0,
    3,
    4,
    9,
    0,
    4,
    2,
    3,
    4,
    9,
    9,
    8,
    9,
    1,
    3
  ],
  "boxes": [
    {
      "char": "九",
      "bbox": {
        "x_min": 0.408203125,
        "y_min": 0.09765625,
        "x_max": 0.513671875,
        "y_max": 0.208984375
      }
    },
    {
      "char": "千",
      "bbox": {
        "x_min": 0.572265625,
        "y_min": 0.75390625,
        "x_max": 0.662109375,
        "y_max": 0.890625
      }
    },
    {
      "char": "六",
      "bbox": {
        "x_min": 0.623046875,
        "y_min": 0.595703125,
        "x_max": 0.654296875,
        "y_max": 0.646484375
      }
    },
    {
      "char": "九",
      "bbox": {
        "x_min": 0.021484375,
        "y_min": 0.404296875,
        "x_max": 0.193359375,
        "y_max": 0.599609375
      }
    },
    {
      "char": "四",
      "bbox": {
        "x_min": 0.84375,
        "y_min": 0.615234375,
        "x_max": 0.90625,
        "y_max": 0.662109375
      }
    }
  ]
}