{
  "image_filename": "00476.png",
  "visualization_filename": "00476_vis.png",
  "mnist_digits": [
    4,
    4,
    3,
    9,
    2,
    0,
    9,
    6,
    8,
    9,
    7,
    2,
    4,
    8,
    2,
    3,
    2,
    4,
    0,
    8,
    0,
    7,
    0,
    1,
    0,
    1,
    4,
    8,
    8,
    3,
    9,
    5
  ],
  "boxes": [
    {
      "char": "九",
      "bbox": {
        "x_min": 0.064453125,
        "y_min": 0.009765625,
        "x_max": 0.177734375,
        "y_max": 0.142578125
      }
    }
  ]
}