{
  "image_filename": "00478.png",
  "visualization_filename": "00478_vis.png",
  "mnist_digits": [
    0,
    3,
    0,
    9,
    4,
    1,
    0,
    1,
    4,
    1,
    9,
    0,
    2,
    4,
    6,
    9,
    2,
    0,
    7,
    5,
    1
  ],
  "boxes": [
    {
      "char": "亿",
      "bbox": {
        "x_min": 0.400390625,
        "y_min": 0.025390625,
        "x_max": 0.951171875,
        "y_max": 0.54296875
      }
    },
    {
      "char": "千",
      "bbox": {
        "x_min": 0.240234375,
        "y_min": 0.60546875,
        "x_max": 0.46875,
        "y_max": 0.91015625
      }
    }
  ]
}