{
  "image_filename": "00477.png",
  "visualization_filename": "00477_vis.png",
  "mnist_digits": [
    1,
    9,
    4,
    1,
    6,
    8,
    8,
    4,
    3,
    3
  ],
  "boxes": [
    {
      "char": "三",
      "bbox": {
        "x_min": 0.4140625,
        "y_min": 0.365234375,
        "x_max": 0.451171875,
        "y_max": 0.39453125
      }
    },
    {
      "char": "千",
      "bbox": {
        "x_min": 0.390625,
        "y_min": 0.611328125,
        "x_max": 0.5234375,
        "y_max": 0.798828125
      }
    },
    {
      "char": "一",
      "bbox": {
        "x_min": 0.4140625,
        "y_min": 0.015625,
        "x_max": 0.4453125,
        "y_max": 0.029296875
      }
    },
    {
      "char": "零",
      "bbox": {
        "x_min": 0.529296875,
        "y_min": 0.3515625,
        "x_max": 0.658203125,
        "y_max": 0.52734375
      }
    },
    {
      "char": "三",
      "bbox": {
        "x_min": 0.822265625,
        "y_min": 0.037109375,
        "x_max": 0.880859375,
        "y_max": 0.095703125
      }
    },
    {
      "char": "六",
      "bbox": {
        "x_min": 0.25390625,
        "y_min": 0.041015625,
        "x_max": 0.5,
        "y_max": 0.361328125
      }
    }
  ]
}