{
  "image_filename": "00487.png",
  "visualization_filename": "00487_vis.png",
  "mnist_digits": [
    4,
    1,
    5,
    2,
    0,
    4,
    0,
    3,
    6,
    2,
    7,
    5,
    7,
    8,
    6,
    1,
    9,
    8,
    0,
    8
  ],
  "boxes": [
    {
      "char": "万",
      "bbox": {
        "x_min": 0.10546875,
        "y_min": 0.099609375,
        "x_max": 0.19921875,
        "y_max": 0.232421875
      }
    },
    {
      "char": "九",
      "bbox": {
        "x_min": 0.15234375,
        "y_min": 0.6171875,
        "x_max": 0.369140625,
        "y_max": 0.8515625
      }
    },
    {
      "char": "七",
      "bbox": {
        "x_min": 0.462890625,
        "y_min": 0.22265625,
        "x_max": 0.857421875,
        "y_max": 0.5546875
      }
    },
    {
      "char": "一",
      "bbox": {
        "x_min": 0.5703125,
        "y_min": 0.6015625,
        "x_max": 0.8671875,
        "y_max": 0.703125
      }
    },
    {
      "char": "二",
      "bbox": {
        "x_min": 0.62109375,
        "y_min": 0.142578125,
        "x_max": 0.6640625,
        "y_max": 0.16796875
      }
    }
  ]
}