{
  "image_filename": "00484.png",
  "visualization_filename": "00484_vis.png",
  "mnist_digits": [
    8,
    6,
    5,
    0,
    0,
    8,
    9,
    3,
    4,
    5,
    6,
    7,
    5,
    3,
    0,
    3,
    7,
    2,
    1,
    6,
    6,
    8
  ],
  "boxes": [
    {
      "char": "亿",
      "bbox": {
        "x_min": 0.126953125,
        "y_min": 0.443359375,
        "x_max": 0.244140625,
        "y_max": 0.583984375
      }
    },
    {
      "char": "万",
      "bbox": {
        "x_min": 0.431640625,
        "y_min": 0.201171875,
        "x_max": 0.82421875,
        "y_max": 0.759765625
      }
    },
    {
      "char": "七",
      "bbox": {
        "x_min": 0.71484375,
        "y_min": 0,
        "x_max": 0.734375,
        "y_max": 0.025390625
      }
    },
    {
      "char": "八",
      "bbox": {
        "x_min": 0.802734375,
        "y_min": 0.74609375,
        "x_max": 0.841796875,
        "y_max": 0.8046875
      }
    }
  ]
}