{
  "image_filename": "00483.png",
  "visualization_filename": "00483_vis.png",
  "mnist_digits": [
    0,
    9,
    5,
    5,
    5,
    5,
    9,
    1,
    7,
    8,
    3,
    2,
    7,
    6,
    0,
    7,
    4,
    5,
    8,
    5,
    9,
    6,
    8,
    0,
    1,
    2
  ],
  "boxes": [
    {
      "char": "亿",
      "bbox": {
        "x_min": 0.048828125,
        "y_min": 0.4296875,
        "x_max": 0.107421875,
        "y_max": 0.46484375
      }
    },
    {
      "char": "三",
      "bbox": {
        "x_min": 0.68359375,
        "y_min": 0.048828125,
        "x_max": 0.7890625,
        "y_max": 0.166015625
      }
    },
    {
      "char": "五",
      "bbox": {
        "x_min": 0.271484375,
        "y_min": 0.3671875,
        "x_max": 0.482421875,
        "y_max": 0.501953125
      }
    },
    {
      "char": "十",
      "bbox": {
        "x_min": 0.09765625,
        "y_min": 0.478515625,
        "x_max": 0.15625,
        "y_max": 0.5703125
      }
    },
    {
      "char": "九",
      "bbox": {
        "x_min": 0.21875,
        "y_min": 0.931640625,
        "x_max": 0.265625,
        "y_max": 0.990234375
      }
    },
    {
      "char": "亿",
      "bbox": {
        "x_min": 0.130859375,
        "y_min": 0.001953125,
        "x_max": 0.306640625,
        "y_max": 0.189453125
      }
    }
  ]
}