{
  "image_filename": "00488.png",
  "visualization_filename": "00488_vis.png",
  "mnist_digits": [
    1,
    1,
    6,
    2,
    2,
    3,
    9,
    1,
    9,
    0,
    1,
    5,
    0,
    1,
    1,
    6
  ],
  "boxes": [
    {
      "char": "千",
      "bbox": {
        "x_min": 0.53125,
        "y_min": 0.029296875,
        "x_max": 0.689453125,
        "y_max": 0.216796875
      }
    },
    {
      "char": "五",
      "bbox": {
        "x_min": 0.7265625,
        "y_min": 0.38671875,
        "x_max": 0.9140625,
        "y_max": 0.61328125
      }
    },
    {
      "char": "万",
      "bbox": {
        "x_min": 0.033203125,
        "y_min": 0.681640625,
        "x_max": 0.341796875,
        "y_max": 0.939453125
      }
    },
    {
      "char": "一",
      "bbox": {
        "x_min": 0.033203125,
        "y_min": 0.0078125,
        "x_max": 0.091796875,
        "y_max": 0.037109375
      }
    },
    {
      "char": "万",
      "bbox": {
        "x_min": 0.185546875,
        "y_min": 0.06640625,
        "x_max": 0.248046875,
        "y_max": 0.15625
      }
    },
    {
      "char": "零",
      "bbox": {
        "x_min": 0.46484375,
        "y_min": 0.494140625,
        "x_max": 0.58984375,
        "y_max": 0.775390625
      }
    }
  ]
}