{
  "image_filename": "00486.png",
  "visualization_filename": "00486_vis.png",
  "mnist_digits": [
    1,
    1,
    8,
    8,
    9,
    1,
    8,
    4,
    7,
    6,
    8,
    7,
    9,
    5,
    4
  ],
  "boxes": [
    {
      "char": "十",
      "bbox": {
        "x_min": 0.919921875,
        "y_min": 0.548828125,
        "x_max": 0.95703125,
        "y_max": 0.59765625
      }
    },
    {
      "char": "千",
      "bbox": {
        "x_min": 0.39453125,
        "y_min": 0.115234375,
        "x_max": 0.46875,
        "y_max": 0.228515625
      }
    },
    {
      "char": "亿",
      "bbox": {
        "x_min": 0.9296875,
        "y_min": 0.384765625,
        "x_max": 1,
        "y_max": 0.455078125
      }
    },
    {
      "char": "七",
      "bbox": {
        "x_min": 0.294921875,
        "y_min": 0.33984375,
        "x_max": 0.33203125,
        "y_max": 0.400390625
      }
    },
    {
      "char": "八",
      "bbox": {
        "x_min": 0.69140625,
        "y_min": 0.197265625,
        "x_max": 0.767578125,
        "y_max": 0.2734375
      }
    },
    {
      "char": "零",
      "bbox": {
        "x_min": 0.158203125,
        "y_min": 0.52734375,
        "x_max": 0.314453125,
        "y_max": 0.80078125
      }
    },
    {
      "char": "六",
      "bbox": {
        "x_min": 0.564453125,
        "y_min": 0.412109375,
        "x_max": 0.935546875,
        "y_max": 0.970703125
      }
    }
  ]
}