{
  "image_filename": "00480.png",
  "visualization_filename": "00480_vis.png",
  "mnist_digits": [
    9,
    2,
    4,
    4,
    3,
    7,
    1,
    8,
    8
  ],
  "boxes": [
    {
      "char": "一",
      "bbox": {
        "x_min": 0.396484375,
        "y_min": 0.603515625,
        "x_max": 0.55078125,
        "y_max": 0.728515625
      }
    },
    {
      "char": "九",
      "bbox": {
        "x_min": 0.796875,
        "y_min": 0.248046875,
        "x_max": 0.859375,
        "y_max": 0.353515625
      }
    },
    {
      "char": "万",
      "bbox": {
        "x_min": 0.5,
        "y_min": 0.08984375,
        "x_max": 0.5625,
        "y_max": 0.17578125
      }
    },
    {
      "char": "五",
      "bbox": {
        "x_min": 0.35546875,
        "y_min": 0.255859375,
        "x_max": 0.55078125,
        "y_max": 0.5234375
      }
    },
    {
      "char": "千",
      "bbox": {
        "x_min": 0.5390625,
        "y_min": 0.16796875,
        "x_max": 0.71484375,
        "y_max": 0.396484375
      }
    },
    {
      "char": "五",
      "bbox": {
        "x_min": 0.048828125,
        "y_min": 0.03125,
        "x_max": 0.123046875,
        "y_max": 0.125
      }
    }
  ]
}