{
  "image_filename": "00482.png",
  "visualization_filename": "00482_vis.png",
  "mnist_digits": [
    6,
    2,
    4,
    3,
    8,
    5,
    2,
    8,
    3,
    4,
    0,
    5,
    3,
    5,
    4,
    1,
    8,
    5,
    6,
    3,
    7,
    6,
    3,
    1,
    2,
    2,
    8
  ],
  "boxes": [
    {
      "char": "三",
      "bbox": {
        "x_min": 0.265625,
        "y_min": 0.560546875,
        "x_max": 0.546875,
        "y_max": 0.787109375
      }
    },
    {
      "char": "亿",
      "bbox": {
        "x_min": 0.50390625,
        "y_min": 0.02734375,
        "x_max": 0.76171875,
        "y_max": 0.32421875
      }
    }
  ]
}