{
  "image_filename": "00485.png",
  "visualization_filename": "00485_vis.png",
  "mnist_digits": [
    1,
    7,
    1,
    2,
    7,
    4,
    2,
    3,
    8,
    1,
    2
  ],
  "boxes": [
    {
      "char": "百",
      "bbox": {
        "x_min": 0.353515625,
        "y_min": 0.255859375,
        "x_max": 0.533203125,
        "y_max": 0.576171875
      }
    },
    {
      "char": "四",
      "bbox": {
        "x_min": 0.51953125,
        "y_min": 0.8046875,
        "x_max": 0.666015625,
        "y_max": 0.939453125
      }
    },
    {
      "char": "亿",
      "bbox": {
        "x_min": 0.70703125,
        "y_min": 0.62890625,
        "x_max": 0.73828125,
        "y_max": 0.6796875
      }
    },
    {
      "char": "百",
      "bbox": {
        "x_min": 0.173828125,
        "y_min": 0.478515625,
        "x_max": 0.296875,
        "y_max": 0.677734375
      }
    }
  ]
}