{
  "image_filename": "00498.png",
  "visualization_filename": "00498_vis.png",
  "mnist_digits": [
    9,
    3,
    0,
    5,
    6,
    9,
    5,
    5,
    5,
    8,
    1,
    1,
    3,
    1,
    8,
    9,
    2,
    2,
    7,
    7,
    9,
    3,
    7
  ],
  "boxes": [
    {
      "char": "二",
      "bbox": {
        "x_min": 0.591796875,
        "y_min": 0.955078125,
        "x_max": 0.6328125,
        "y_max": 0.982421875
      }
    },
    {
      "char": "八",
      "bbox": {
        "x_min": 0.626953125,
        "y_min": 0.3125,
        "x_max": 0.9296875,
        "y_max": 0.615234375
      }
    }
  ]
}