{
  "image_filename": "00495.png",
  "visualization_filename": "00495_vis.png",
  "mnist_digits": [
    7,
    3,
    0,
    4,
    2,
    6,
    7,
    9,
    3,
    6,
    4,
    9,
    1,
    4,
    4,
    6,
    0,
    6,
    0,
    2,
    5,
    9
  ],
  "boxes": [
    {
      "char": "五",
      "bbox": {
        "x_min": 0.208984375,
        "y_min": 0.5234375,
        "x_max": 0.43359375,
        "y_max": 0.73828125
      }
    },
    {
      "char": "亿",
      "bbox": {
        "x_min": 0.49609375,
        "y_min": 0.2734375,
        "x_max": 0.75390625,
        "y_max": 0.521484375
      }
    }
  ]
}