{
  "image_filename": "00497.png",
  "visualization_filename": "00497_vis.png",
  "mnist_digits": [
    9,
    4,
    6,
    3,
    0,
    5,
    5,
    5,
    8,
    6,
    7,
    1,
    7,
    7,
    2,
    3,
    6,
    9,
    6,
    3,
    6,
    1,
    2,
    6,
    7,
    6
  ],
  "boxes": [
    {
      "char": "三",
      "bbox": {
        "x_min": 0.328125,
        "y_min": 0.236328125,
        "x_max": 0.47265625,
        "y_max": 0.353515625
      }
    },
    {
      "char": "十",
      "bbox": {
        "x_min": 0.6015625,
        "y_min": 0.201171875,
        "x_max": 0.796875,
        "y_max": 0.462890625
      }
    }
  ]
}