{
  "image_filename": "00490.png",
  "visualization_filename": "00490_vis.png",
  "mnist_digits": [
    4,
    1,
    6,
    4,
    6,
    2,
    5,
    2,
    1,
    4,
    1,
    0,
    0,
    8,
    7,
    6,
    1,
    6,
    6,
    4,
    9,
    7,
    2,
    2,
    2,
    7,
    5
  ],
  "boxes": [
    {
      "char": "八",
      "bbox": {
        "x_min": 0.314453125,
        "y_min": 0.1171875,
        "x_max": 0.451171875,
        "y_max": 0.220703125
      }
    },
    {
      "char": "二",
      "bbox": {
        "x_min": 0.720703125,
        "y_min": 0.5546875,
        "x_max": 0.76953125,
        "y_max": 0.58203125
      }
    },
    {
      "char": "七",
      "bbox": {
        "x_min": 0.615234375,
        "y_min": 0.619140625,
        "x_max": 0.83984375,
        "y_max": 0.84375
      }
    },
    {
      "char": "亿",
      "bbox": {
        "x_min": 0.07421875,
        "y_min": 0.20703125,
        "x_max": 0.126953125,
        "y_max": 0.25390625
      }
    },
    {
      "char": "二",
      "bbox": {
        "x_min": 0.064453125,
        "y_min": 0.4375,
        "x_max": 0.568359375,
        "y_max": 0.92578125
      }
    },
    {
      "char": "六",
      "bbox": {
        "x_min": 0.01171875,
        "y_min": 0.203125,
        "x_max": 0.0703125,
        "y_max": 0.30078125
      }
    }
  ]
}