{
  "image_filename": "00492.png",
  "visualization_filename": "00492_vis.png",
  "mnist_digits": [
    9,
    3,
    2,
    6,
    4,
    9,
    2,
    7,
    4,
    1,
    3,
    9,
    5,
    5,
    5,
    3,
    5,
    1,
    0,
    9
  ],
  "boxes": [
    {
      "char": "亿",
      "bbox": {
        "x_min": 0.46875,
        "y_min": 0.37890625,
        "x_max": 0.703125,
        "y_max": 0.58984375
      }
    },
    {
      "char": "零",
      "bbox": {
        "x_min": 0.177734375,
        "y_min": 0.314453125,
        "x_max": 0.306640625,
        "y_max": 0.6015625
      }
    }
  ]
}