{
  "image_filename": "00499.png",
  "visualization_filename": "00499_vis.png",
  "mnist_digits": [
    3,
    2,
    2,
    8,
    4,
    5,
    2,
    3,
    3,
    1,
    8,
    9,
    0,
    4,
    2,
    3,
    6,
    4,
    0,
    8,
    0,
    5,
    1,
    1,
    1,
    0
  ],
  "boxes": [
    {
      "char": "九",
      "bbox": {
        "x_min": 0.298828125,
        "y_min": 0.48046875,
        "x_max": 0.330078125,
        "y_max": 0.529296875
      }
    },
    {
      "char": "二",
      "bbox": {
        "x_min": 0.515625,
        "y_min": 0.947265625,
        "x_max": 0.583984375,
        "y_max": 0.98828125
      }
    },
    {
      "char": "亿",
      "bbox": {
        "x_min": 0.68359375,
        "y_min": 0.935546875,
        "x_max": 0.751953125,
        "y_max": 1
      }
    },
    {
      "char": "万",
      "bbox": {
        "x_min": 0.01953125,
        "y_min": 0.03125,
        "x_max": 0.087890625,
        "y_max": 0.12890625
      }
    }
  ]
}