{
  "image_filename": "00491.png",
  "visualization_filename": "00491_vis.png",
  "mnist_digits": [
    9,
    0,
    1,
    2,
    5,
    0,
    8,
    0,
    6,
    8,
    5
  ],
  "boxes": [
    {
      "char": "七",
      "bbox": {
        "x_min": 0.61328125,
        "y_min": 0.357421875,
        "x_max": 0.982421875,
        "y_max": 0.564453125
      }
    },
    {
      "char": "千",
      "bbox": {
        "x_min": 0.52734375,
        "y_min": 0.759765625,
        "x_max": 0.615234375,
        "y_max": 0.923828125
      }
    },
    {
      "char": "一",
      "bbox": {
        "x_min": 0.40625,
        "y_min": 0.33984375,
        "x_max": 0.421875,
        "y_max": 0.34765625
      }
    },
    {
      "char": "百",
      "bbox": {
        "x_min": 0.228515625,
        "y_min": 0.34765625,
        "x_max": 0.41796875,
        "y_max": 0.646484375
      }
    }
  ]
}