{
  "image_filename": "00493.png",
  "visualization_filename": "00493_vis.png",
  "mnist_digits": [
    7,
    8,
    8,
    7,
    8,
    6,
    4,
    3,
    5,
    2,
    0,
    1,
    7,
    8,
    0,
    2
  ],
  "boxes": [
    {
      "char": "万",
      "bbox": {
        "x_min": 0.642578125,
        "y_min": 0.326171875,
        "x_max": 0.775390625,
        "y_max": 0.544921875
      }
    },
    {
      "char": "九",
      "bbox": {
        "x_min": 0.7890625,
        "y_min": 0.150390625,
        "x_max": 0.859375,
        "y_max": 0.232421875
      }
    },
    {
      "char": "三",
      "bbox": {
        "x_min": 0.0625,
        "y_min": 0.814453125,
        "x_max": 0.1875,
        "y_max": 0.986328125
      }
    }
  ]
}