{
  "image_filename": "00506.png",
  "visualization_filename": "00506_vis.png",
  "mnist_digits": [
    2,
    3,
    9,
    3,
    4,
    9,
    0,
    2,
    1,
    8,
    0,
    6
  ],
  "boxes": [
    {
      "char": "百",
      "bbox": {
        "x_min": 0.697265625,
        "y_min": 0.033203125,
        "x_max": 0.728515625,
        "y_max": 0.095703125
      }
    },
    {
      "char": "三",
      "bbox": {
        "x_min": 0.09765625,
        "y_min": 0.265625,
        "x_max": 0.748046875,
        "y_max": 0.787109375
      }
    },
    {
      "char": "七",
      "bbox": {
        "x_min": 0.0390625,
        "y_min": 0.150390625,
        "x_max": 0.15234375,
        "y_max": 0.294921875
      }
    },
    {
      "char": "四",
      "bbox": {
        "x_min": 0.75,
        "y_min": 0.63671875,
        "x_max": 0.9296875,
        "y_max": 0.90234375
      }
    }
  ]
}