{
  "image_filename": "00508.png",
  "visualization_filename": "00508_vis.png",
  "mnist_digits": [
    7,
    8,
    5,
    0,
    9,
    8,
    6,
    3,
    3,
    5,
    4,
    3,
    5,
    1,
    8,
    7,
    7,
    7,
    1,
    2,
    4,
    0
  ],
  "boxes": [
    {
      "char": "百",
      "bbox": {
        "x_min": 0.630859375,
        "y_min": 0.4921875,
        "x_max": 0.869140625,
        "y_max": 0.84375
      }
    },
    {
      "char": "五",
      "bbox": {
        "x_min": 0.126953125,
        "y_min": 0.296875,
        "x_max": 0.267578125,
        "y_max": 0.513671875
      }
    },
    {
      "char": "五",
      "bbox": {
        "x_min": 0.5546875,
        "y_min": 0.865234375,
        "x_max": 0.7109375,
        "y_max": 0.986328125
      }
    }
  ]
}