{
  "image_filename": "00507.png",
  "visualization_filename": "00507_vis.png",
  "mnist_digits": [
    5,
    5,
    1,
    6,
    8
  ],
  "boxes": [
    {
      "char": "二",
      "bbox": {
        "x_min": 0.349609375,
        "y_min": 0.37890625,
        "x_max": 0.736328125,
        "y_max": 0.662109375
      }
    },
    {
      "char": "八",
      "bbox": {
        "x_min": 0.22265625,
        "y_min": 0.30078125,
        "x_max": 0.31640625,
        "y_max": 0.390625
      }
    },
    {
      "char": "零",
      "bbox": {
        "x_min": 0.794921875,
        "y_min": 0.451171875,
        "x_max": 0.982421875,
        "y_max": 0.701171875
      }
    },
    {
      "char": "千",
      "bbox": {
        "x_min": 0.802734375,
        "y_min": 0.80078125,
        "x_max": 0.939453125,
        "y_max": 0.97265625
      }
    },
    {
      "char": "六",
      "bbox": {
        "x_min": 0.87890625,
        "y_min": 0.267578125,
        "x_max": 0.931640625,
        "y_max": 0.314453125
      }
    },
    {
      "char": "五",
      "bbox": {
        "x_min": 0.59765625,
        "y_min": 0.041015625,
        "x_max": 0.80859375,
        "y_max": 0.2421875
      }
    },
    {
      "char": "百",
      "bbox": {
        "x_min": 0.544921875,
        "y_min": 0.701171875,
        "x_max": 0.583984375,
        "y_max": 0.7734375
      }
    }
  ]
}