{
  "image_filename": "00500.png",
  "visualization_filename": "00500_vis.png",
  "mnist_digits": [
    9,
    3,
    2,
    5,
    3,
    2,
    5,
    3,
    5,
    6,
    4,
    7,
    5,
    9,
    2,
    7,
    3,
    2,
    7,
    2,
    6,
    0
  ],
  "boxes": [
    {
      "char": "十",
      "bbox": {
        "x_min": 0.1328125,
        "y_min": 0.3203125,
        "x_max": 0.337890625,
        "y_max": 0.69140625
      }
    },
    {
      "char": "九",
      "bbox": {
        "x_min": 0.603515625,
        "y_min": 0.087890625,
        "x_max": 0.65234375,
        "y_max": 0.142578125
      }
    },
    {
      "char": "五",
      "bbox": {
        "x_min": 0.494140625,
        "y_min": 0.421875,
        "x_max": 0.658203125,
        "y_max": 0.6484375
      }
    },
    {
      "char": "亿",
      "bbox": {
        "x_min": 0.6484375,
        "y_min": 0.42578125,
        "x_max": 0.796875,
        "y_max": 0.55078125
      }
    },
    {
      "char": "九",
      "bbox": {
        "x_min": 0.44921875,
        "y_min": 0.86328125,
        "x_max": 0.52734375,
        "y_max": 0.953125
      }
    },
    {
      "char": "百",
      "bbox": {
        "x_min": 0.310546875,
        "y_min": 0.48046875,
        "x_max": 0.458984375,
        "y_max": 0.77734375
      }
    }
  ]
}