{
  "image_filename": "00509.png",
  "visualization_filename": "00509_vis.png",
  "mnist_digits": [
    4,
    7,
    3,
    2,
    9,
    5,
    6,
    0,
    9,
    8,
    2,
    7,
    1,
    1,
    6,
    5,
    0,
    7,
    9,
    1,
    7,
    7,
    9,
    0,
    3,
    9,
    9,
    9,
    3,
    1,
    9
  ],
  "boxes": [
    {
      "char": "亿",
      "bbox": {
        "x_min": 0.16796875,
        "y_min": 0.470703125,
        "x_max": 0.259765625,
        "y_max": 0.546875
      }
    },
    {
      "char": "一",
      "bbox": {
        "x_min": 0.259765625,
        "y_min": 0.873046875,
        "x_max": 0.302734375,
        "y_max": 0.89453125
      }
    },
    {
      "char": "五",
      "bbox": {
        "x_min": 0.54296875,
        "y_min": 0.697265625,
        "x_max": 0.619140625,
        "y_max": 0.75390625
      }
    }
  ]
}