{
  "image_filename": "00501.png",
  "visualization_filename": "00501_vis.png",
  "mnist_digits": [
    9,
    5,
    1,
    6,
    2,
    3,
    9,
    6,
    7,
    9,
    0,
    4,
    3,
    9,
    6,
    4,
    2
  ],
  "boxes": [
    {
      "char": "三",
      "bbox": {
        "x_min": 0.53125,
        "y_min": 0.685546875,
        "x_max": 0.5859375,
        "y_max": 0.73828125
      }
    },
    {
      "char": "亿",
      "bbox": {
        "x_min": 0.0234375,
        "y_min": 0.30859375,
        "x_max": 0.3046875,
        "y_max": 0.58984375
      }
    },
    {
      "char": "八",
      "bbox": {
        "x_min": 0.77734375,
        "y_min": 0.26171875,
        "x_max": 0.841796875,
        "y_max": 0.333984375
      }
    },
    {
      "char": "八",
      "bbox": {
        "x_min": 0.517578125,
        "y_min": 0.36328125,
        "x_max": 0.576171875,
        "y_max": 0.41015625
      }
    },
    {
      "char": "百",
      "bbox": {
        "x_min": 0.69140625,
        "y_min": 0.171875,
        "x_max": 0.75390625,
        "y_max": 0.265625
      }
    },
    {
      "char": "九",
      "bbox": {
        "x_min": 0.318359375,
        "y_min": 0.046875,
        "x_max": 0.556640625,
        "y_max": 0.26953125
      }
    },
    {
      "char": "三",
      "bbox": {
        "x_min": 0.517578125,
        "y_min": 0.06640625,
        "x_max": 0.732421875,
        "y_max": 0.34765625
      }
    }
  ]
}