{
  "image_filename": "00503.png",
  "visualization_filename": "00503_vis.png",
  "mnist_digits": [
    3,
    6,
    8,
    1,
    4,
    3,
    1,
    5,
    5,
    2,
    2,
    6,
    5,
    3,
    5,
    0,
    9,
    9,
    1,
    1,
    0,
    1,
    0,
    8,
    1,
    3,
    7
  ],
  "boxes": [
    {
      "char": "十",
      "bbox": {
        "x_min": 0.6171875,
        "y_min": 0.236328125,
        "x_max": 0.998046875,
        "y_max": 0.884765625
      }
    },
    {
      "char": "三",
      "bbox": {
        "x_min": 0.171875,
        "y_min": 0.1328125,
        "x_max": 0.359375,
        "y_max": 0.349609375
      }
    },
    {
      "char": "二",
      "bbox": {
        "x_min": 0.89453125,
        "y_min": 0.830078125,
        "x_max": 0.994140625,
        "y_max": 0.8984375
      }
    },
    {
      "char": "九",
      "bbox": {
        "x_min": 0.111328125,
        "y_min": 0.634765625,
        "x_max": 0.31640625,
        "y_max": 0.880859375
      }
    }
  ]
}