{
  "image_filename": "00502.png",
  "visualization_filename": "00502_vis.png",
  "mnist_digits": [
    9,
    1,
    8,
    4,
    1,
    8,
    2,
    8,
    9,
    8,
    9,
    1,
    6,
    4,
    2,
    8,
    3,
    4,
    1,
    2,
    0,
    8,
    0,
    2
  ],
  "boxes": [
    {
      "char": "三",
      "bbox": {
        "x_min": 0.173828125,
        "y_min": 0.662109375,
        "x_max": 0.291015625,
        "y_max": 0.759765625
      }
    },
    {
      "char": "零",
      "bbox": {
        "x_min": 0.369140625,
        "y_min": 0.095703125,
        "x_max": 0.517578125,
        "y_max": 0.361328125
      }
    },
    {
      "char": "三",
      "bbox": {
        "x_min": 0.669921875,
        "y_min": 0.857421875,
        "x_max": 0.88671875,
        "y_max": 0.98046875
      }
    },
    {
      "char": "零",
      "bbox": {
        "x_min": 0.421875,
        "y_min": 0.7109375,
        "x_max": 0.55078125,
        "y_max": 0.91796875
      }
    },
    {
      "char": "七",
      "bbox": {
        "x_min": 0.51953125,
        "y_min": 0.19140625,
        "x_max": 0.763671875,
        "y_max": 0.47265625
      }
    }
  ]
}