{
  "image_filename": "00505.png",
  "visualization_filename": "00505_vis.png",
  "mnist_digits": [
    2,
    1,
    7,
    1,
    2,
    5,
    3,
    4,
    3,
    7,
    7,
    7,
    6,
    7,
    7,
    2
  ],
  "boxes": [
    {
      "char": "三",
      "bbox": {
        "x_min": 0.185546875,
        "y_min": 0.619140625,
        "x_max": 0.263671875,
        "y_max": 0.705078125
      }
    },
    {
      "char": "百",
      "bbox": {
        "x_min": 0.70703125,
        "y_min": 0.080078125,
        "x_max": 0.9453125,
        "y_max": 0.556640625
      }
    },
    {
      "char": "七",
      "bbox": {
        "x_min": 0.353515625,
        "y_min": 0.302734375,
        "x_max": 0.658203125,
        "y_max": 0.580078125
      }
    },
    {
      "char": "亿",
      "bbox": {
        "x_min": 0.3828125,
        "y_min": 0.146484375,
        "x_max": 0.453125,
        "y_max": 0.216796875
      }
    }
  ]
}