{
  "image_filename": "00510.png",
  "visualization_filename": "00510_vis.png",
  "mnist_digits": [
    0,
    7,
    8,
    3,
    3,
    1,
    8,
    6,
    6,
    5,
    6,
    2,
    6,
    5,
    7,
    0,
    2,
    9,
    9,
    5,
    0,
    7,
    9,
    0,
    7,
    2,
    6,
    8,
    6
  ],
  "boxes": [
    {
      "char": "四",
      "bbox": {
        "x_min": 0.314453125,
        "y_min": 0.40625,
        "x_max": 0.412109375,
        "y_max": 0.46875
      }
    },
    {
      "char": "亿",
      "bbox": {
        "x_min": 0.4453125,
        "y_min": 0.076171875,
        "x_max": 0.82421875,
        "y_max": 0.38671875
      }
    },
    {
      "char": "一",
      "bbox": {
        "x_min": 0.16796875,
        "y_min": 0.330078125,
        "x_max": 0.21484375,
        "y_max": 0.35546875
      }
    }
  ]
}